"id","이름_한글","이름_영문","도수구간","최소도수","최대도수","스타일","베이스","맛단계","잔","계절","재료_원문","재료_목록","맛","분위기","제조단계수","제조순서","제조단계_출처","추천수","어려워요수","북마크수","유래","이미지_URL","잔이미지_URL","등록일","수정일","v2_bases","v2_abv","v2_abvBand","taste_sweet","taste_sour","taste_bitter","taste_boozy","taste_body","taste_fizz","flavor_citrus","flavor_tropical","flavor_berry_red","flavor_stone_orchard","flavor_herbal","flavor_mint","flavor_floral","flavor_spice","flavor_coffee_choco","flavor_creamy_nutty","flavor_oak_caramel","flavor_smoky","flavor_anise","flavor_savory","occasion_aperitif","occasion_with_meal","occasion_dessert","occasion_party","occasion_refresh","occasion_slow_sip","occasion_brunch","approachability","familiarity","complexity","polarizing","serve","allergens","recipeStatus","source","유래_출처"
"1","아메리카노","Americano","약함","8","10","스페셜","리큐르","","하이볼","여름","캄파리 30ml (1 oz), 스위트 베르무트 30ml (1 oz), 탄산수 60ml (2 oz), 오렌지 슬라이스","","쌉싸름, 허브향, 상큼, 탄산, 시트러스","식전, 오후의 휴식, 가벼운, 클래식","3","1. 얼음을 채운 글라스에 캄파리 30ml와 스위트 베르무트 30ml를 붓는다. / 2. 탄산수로 채운다. / 3. 오렌지 슬라이스로 가니시한다.","MANUAL","0","0","0","1860년대 이탈리아 밀라노에서 가스파레 캄파리(Gaspare Campari)가 자신의 바에서 처음 선보인 칵테일.
미국인 관광객들이 즐겨 마신다고 하여 '아메리카노'라는 이름이 붙었다는 설이 가장 유력함.
제임스 본드 소설 '카지노 로얄'에서 본드가 주문한 첫 번째 칵테일로 언급되어 더욱 유명해짐.","http://onz-cocktail.kr/uploads/cocktails/onz_cocktail_Americano.webp","http://onz-cocktail.kr/uploads/glasses/onz_glasstype_highball.webp","2026-01-12 17:55:00.46068","2026-01-12 17:55:00.46068","liqueur|fortified","9","1","2","1","4","1","1","4","3","0","0","0","3","0","0","0","0","0","0","0","0","0","3","0","0","0","2","0","0","3","3","2","0","long","","verified","existing",""
"2","벨리니","Bellini","약함","8","10","라이트","와인","","플루트","여름","프로세코 100ml (3⅓ oz), 백도 복숭아 퓌레 50ml (1⅔ oz), 복숭아 조각","","복숭아, 상큼, 부드러운, 과일향, 스파클링","브런치, 축하, 우아한, 가벼운","3","1. 플루트 잔에 얼음을 채운다. / 2. 백도 복숭아 퓌레 50ml (1⅔ oz), 복숭아 조각을 붓는다. / 3. 프로세코 100ml (3⅓ oz)를 잔 벽을 따라 천천히 채운다.","AUTO","0","0","1","1948년 이탈리아 베니스의 해리스 바(Harry's Bar) 오너인 주세페 치프리아니(Giuseppe Cipriani)가 처음 만듦.
칵테일의 분홍빛이 15세기 르네상스 화가 조반니 벨리니(Giovanni Bellini)의 그림 속 성자의 토가 색과 비슷하여 그의 이름을 따 명명.
원래는 흰 복숭아 퓨레와 프로세코로만 만드는 것이 정통 방식으로, 헤밍웨이 등 유명인사들이 즐겨 마심.","http://onz-cocktail.kr/uploads/cocktails/onz_cocktail_Bellini.webp","http://onz-cocktail.kr/uploads/glasses/onz_glasstype_flute.webp","2026-01-12 17:55:00.46421","2026-01-12 17:55:00.46421","sparkling","8","1","3","1","0","0","2","4","0","0","0","5","0","0","0","0","0","0","0","0","0","0","2","0","0","2","0","0","3","5","3","1","0","up","","verified","existing",""
"3","블랙 러시안","Black Russian","강함","28","30","스트롱","보드카","","록스","겨울","보드카 50ml (1⅔ oz), 커피 리큐르 20ml (⅔ oz)","","달콤, 커피, 쌉싸름, 묵직한","야간 바, 느긋한 시간","3","1. 락 글라스에 얼음을 채운다. / 2. 보드카 50ml와 커피 리큐어 20ml를 붓는다. / 3. 바 스푼으로 가볍게 젓는다.","MANUAL","0","0","1","1949년 벨기에 브뤼셀의 호텔 메트로폴 바에서 구스타브 탑(Gustave Tops)이 만든 칵테일.
당시 주미 룩셈부르크 대사였던 펄 메스타(Perle Mesta)를 위해 창작됨.
'블랙'은 커피 리큐르의 검은색을, '러시안'은 주재료인 보드카의 원산지 러시아를 의미함.","http://onz-cocktail.kr/uploads/cocktails/onz_cocktail_Black_Russian.webp","http://onz-cocktail.kr/uploads/glasses/onz_glasstype_rocks.webp","2026-01-12 17:55:00.4658","2026-01-12 17:55:00.4658","vodka|liqueur","29","3","4","0","2","4","3","0","0","0","0","0","0","0","0","0","5","0","0","0","0","0","0","0","3","0","0","2","0","3","3","2","0","rocks","caffeine","verified","existing",""
"4","샴페인 칵테일","Champagne Cocktail","약함","10","12","라이트","와인","","플루트","사계절","샴페인 90ml (3 oz), 코냑 10ml (⅓ oz), 각설탕 1개, 앙고스투라 비터 2 dashes, 오렌지 필 제스트, 마라스키노 체리","","스파클링, 상큼, 쌉싸름, 은은한 단맛","축하, 파티, 우아한, 기념일","5","1. 플루트 잔에 각설탕 1개를 넣고 가볍게 으깬다. / 2. 코냑 10ml (⅓ oz), 앙고스투라 비터 2 dashes를 넣는다. / 3. 플루트 잔에 얼음을 채운다. / 4. 샴페인 90ml (3 oz)로 채우고 한 번만 가볍게 젓는다. / 5. 오렌지 필 제스트, 마라스키노 체리로 장식한다.","AUTO","0","0","1","1850년대 미국에서 처음 기록되었으며, 1862년 제리 토마스(Jerry Thomas)의 『Bar-tender’s Guide』에 공식적으로 등장.
전통적으로 샴페인 + 각설탕 + 앙고스투라 비터스 + 브랜디 조합으로 만들어짐.
심플하면서도 우아한 스타일 덕분에 19세기 후반~20세기 초 고급 사교 모임과 유럽 귀족 문화에서 큰 인기를 얻음.","http://onz-cocktail.kr/uploads/cocktails/onz_cocktail_Champagne_Cocktail.webp","http://onz-cocktail.kr/uploads/glasses/onz_glasstype_flute.webp","2026-01-12 17:55:00.46722","2026-01-12 17:55:00.46722","sparkling|brandy","11","1","3","1","0","2","2","4","2","0","0","0","0","0","0","1","0","0","1","0","0","0","2","0","0","3","0","0","0","4","3","2","0","up","","verified","existing",""
"5","쿠바 리브레","Cuba Libre","약함","9","12","라이트","럼","","하이볼","여름","화이트 럼 50ml (1⅔ oz), 라임 주스 10ml (⅓ oz), 콜라 120ml (4 oz), 라임 웨지","","콜라, 시트러스, 상큼, 톡쏘는","캐주얼, 홈파티","4","1. 하이볼 잔에 얼음을 잔 끝까지 넣는다. / 2. 화이트 럼 50ml (1⅔ oz), 라임 주스 10ml (⅓ oz)를 붓는다. / 3. 콜라 120ml (4 oz)를 잔 벽을 따라 천천히 채운다. / 4. 라임 웨지로 장식한다.","AUTO","0","0","0","1900년경 쿠바 독립 전쟁 직후 아바나에서 탄생했다고 알려짐.
미군 대위가 럼에 콜라와 라임을 섞어 마시며 ""Por Cuba Libre!"" (자유 쿠바 만세!)를 외친 것에서 유래.
럼 앤 콕(Rum and Coke)과 사실상 같지만, 라임즙을 짜 넣는 것이 '쿠바 리브레'의 핵심적인 차이.","http://onz-cocktail.kr/uploads/cocktails/onz_cocktail_Cuba_Libre.webp","http://onz-cocktail.kr/uploads/glasses/onz_glasstype_highball.webp","2026-01-12 17:55:00.468631","2026-01-12 17:55:00.468631","rum","10","1","4","1","0","1","1","4","2","0","0","0","0","0","0","1","0","0","0","0","0","0","0","0","0","3","2","0","0","5","5","0","0","long","caffeine","verified","existing",""
"6","다이키리","Daiquiri","강함","22","25","클래식","럼","","쿠페","여름","화이트 럼 50ml (1⅔ oz), 라임 주스 25ml (⅚ oz), 설탕 시럽 15ml (½ oz)","","새콤달콤, 라임, 깔끔한, 클래식","휴양지, 식전, 깔끔한, 더운 날","4","1. 셰이커에 얼음을 가득 채운다. / 2. 화이트 럼 60ml, 라임 주스 25ml, 심플 시럽 15ml를 넣는다. / 3. 15초간 강하게 셰이킹한다. / 4. 차갑게 식힌 쿠페 글라스에 더블 스트레이닝하여 따른다.","MANUAL","0","0","1","1898년 쿠바의 광산 도시 다이키리에서 미국인 광산 기사 제닝스 콕스(Jennings Cox)가 만들었다는 설이 정설.
럼, 라임, 설탕이라는 단순한 조합으로 완벽한 균형을 이루는 칵테일의 기본 중 하나.
어니스트 헤밍웨이가 사랑한 칵테일로 유명하며, 그의 이름을 딴 '헤밍웨이 스페셜' 등 수많은 변형이 존재.","http://onz-cocktail.kr/uploads/cocktails/onz_cocktail_Daiquiri.webp","http://onz-cocktail.kr/uploads/glasses/onz_glasstype_coupe.webp","2026-01-12 17:55:00.47","2026-01-12 17:55:00.47","rum","23","2","3","4","0","3","1","0","4","0","0","0","0","0","0","0","0","0","0","0","0","0","2","0","0","0","2","0","0","4","5","2","0","up","","verified","existing",""
"7","가리발디","Garibaldi","약함","7","9","라이트","리큐르","","하이볼","여름","캄파리 45ml (1½ oz), 오렌지 주스(신선) 120ml (4 oz)","","오렌지, 쌉싸름, 상큼, 부드러운 거품","식전, 브런치, 가벼운, 이탈리아","4","1. 셰이커에 얼음을 가득 채운다. / 2. 캄파리 45ml (1½ oz), 오렌지 주스(신선) 120ml (4 oz)를 넣는다. / 3. 15초간 강하게 흔든다. / 4. 하이볼 잔에 얼음을 잔 끝까지 넣는다. 그 위에 걸러 따른다.","AUTO","0","0","0","이탈리아 통일의 영웅 주세페 가리발디의 이름에서 유래한 칵테일. 
북부 이탈리아의 캄파리(붉은 셔츠)와 남부 시칠리아의 오렌지(오렌지 원정)의 만남을 상징.
간단한 재료로 이탈리아의 맛을 느낄 수 있는 대표적인 아페리티보(식전주).","http://onz-cocktail.kr/uploads/cocktails/onz_cocktail_Garibaldi.webp","http://onz-cocktail.kr/uploads/glasses/onz_glasstype_highball.webp","2026-01-12 17:55:00.471196","2026-01-12 17:55:00.471196","liqueur","8","1","3","1","3","1","2","0","5","0","0","0","2","0","0","0","0","0","0","0","0","0","3","0","0","0","0","0","3","3","2","2","0","long","","verified","existing",""
"8","진 피즈","Gin Fizz","보통","12","15","스탠다드","진","","하이볼","봄","진 45ml (1½ oz), 레몬 주스 30ml (1 oz), 설탕시럽 10ml (⅓ oz), 탄산수 약간, 레몬 슬라이스, 레몬 제스트","","상큼, 탄산, 시트러스, 청량감","상쾌한, 가벼운, 오후, 더운 날","4","1. 셰이커에 진 45ml, 레몬 주스 25ml, 심플 시럽 15ml를 넣는다. / 2. 얼음을 넣고 15초 셰이킹한다. / 3. 얼음을 넣은 하이볼 글라스에 스트레이닝한다. / 4. 탄산수로 채운다.","MANUAL","0","0","0","진 피즈는 19세기 중반 미국에서 만들어진 칵테일.
1876년 Jerry Thomas의 조주서에 실리면서 클래식 칵테일로 자리매김.
이후 뉴올리언스의 헨리 램지(Henry C. Ramos)가 “라마스 진 피즈”로 더 유명하게 만들며 변주가 확산됨.","http://onz-cocktail.kr/uploads/cocktails/onz_cocktail_Gin_Fizz.webp","http://onz-cocktail.kr/uploads/glasses/onz_glasstype_highball.webp","2026-01-12 17:55:00.472561","2026-01-12 17:55:00.472561","gin","13","1","3","4","0","0","2","3","4","0","0","0","2","0","0","0","0","0","0","0","0","0","2","0","0","0","3","0","0","4","4","2","0","long","egg","verified","existing",""
"9","존 콜린스","John Collins","보통","12","14","스탠다드","진","","콜린스","여름","진 45ml (1½ oz), 레몬 주스 30ml (1 oz), 설탕 시럽 15ml (½ oz), 탄산수 60ml (2 oz), 레몬 웨지","","상큼, 레몬, 청량, 시트러스","야외파티, 캐주얼 모임, 여름 저녁, 데이타임, 리프레시","4","1. 콜린스 잔에 얼음을 잔 끝까지 넣는다. / 2. 진 45ml (1½ oz), 레몬 주스 30ml (1 oz), 설탕 시럽 15ml (½ oz)를 붓는다. / 3. 탄산수 60ml (2 oz)를 잔 벽을 따라 천천히 채운다. / 4. 레몬 웨지로 장식한다.","AUTO","0","0","0","19세기 런던 리머스 호텔(Limmer’s Hotel) 바의 수석 웨이터 존 콜린스(John Collins) 가 처음 선보였다고 전해짐.
당시 인기 있던 진 펀치(Gin Punch) 가 단순화·개량되면서 만들어졌으며, 초기에는 네덜란드산 제네바 진(Genever Gin) 사용.
이후 올드 톰 진으로 만들면 ‘톰 콜린스(Tom Collins)’, 버번으로 만들면 ‘버번 콜린스’ 등 변주가 생겼고, 오늘날까지 이어짐.","http://onz-cocktail.kr/uploads/cocktails/onz_cocktail_John_Collins.webp","http://onz-cocktail.kr/uploads/glasses/onz_glasstype_collins.webp","2026-01-12 17:55:00.4738","2026-01-12 17:55:00.4738","gin","13","1","3","3","0","0","2","4","4","0","0","0","2","0","0","0","0","0","0","0","0","0","0","0","0","2","3","0","0","5","4","2","0","long","","verified","existing",""
"10","키르","Kir","약함","9","11","라이트","와인","","와인 글라스","봄","드라이 화이트 와인 90ml (3 oz), 크렘 드 카시스 15ml (½ oz)","","베리, 상큼, 은은한 단맛, 와인","식전, 가벼운, 우아한, 프랑스","3","1. 믹싱 글라스에 얼음을 채우고 드라이 화이트 와인 90ml (3 oz), 크렘 드 카시스 15ml (½ oz)를 넣는다. / 2. 20~30초간 충분히 젓는다. / 3. 미리 차갑게 식힌 와인 글라스에 걸러 따른다.","AUTO","1","1","0","제2차 세계대전 이후 프랑스 부르고뉴 지방 디종의 시장 펠릭스 키르(Félix Kir)가 대중화시킨 칵테일.
그는 지역 특산물인 화이트 와인과 크렘 드 카시스를 홍보하기 위해 공식 리셉션에서 이 칵테일을 제공함.
화이트 와인 대신 샴페인을 사용하면 '키르 로열(Kir Royal)'이라는 변형 칵테일이 됨.","http://onz-cocktail.kr/uploads/cocktails/onz_cocktail_Kir.webp","http://onz-cocktail.kr/uploads/glasses/onz_glasstype_wine_glass.webp","2026-01-12 17:55:00.475126","2026-01-12 17:55:00.475126","wine|liqueur","10","1","3","2","0","1","2","0","0","0","4","0","0","0","0","0","0","0","0","0","0","0","3","2","0","0","0","0","0","4","3","2","0","up","","verified","existing",""
"11","레몬 드롭 마티니","Lemon Drop Martini","강함","22","24","스트롱","보드카","","칵테일 글라스","봄","보드카 시트론 30ml (1 oz), 트리플 섹 20ml (⅔ oz), 레몬 주스 15ml (½ oz), 설탕 림","","상큼, 달콤, 시트러스, 상쾌함","여성 인기, 파티, 달콤한, 여성적인, 상큼한","4","1. 셰이커에 얼음을 가득 채운다. / 2. 보드카 시트론 30ml (1 oz), 트리플 섹 20ml (⅔ oz), 레몬 주스 15ml (½ oz), 설탕 림을 넣는다. / 3. 15초간 강하게 흔든다. / 4. 미리 차갑게 식힌 칵테일 글라스에 걸러 따른다.","AUTO","0","0","0","1970년대 샌프란시스코의 한 바에서 처음 만들어졌으며, 동명의 레몬 사탕에서 이름을 따옴. 
'펀(Fun)' 칵테일의 시초 중 하나로, 클래식 마티니와는 전혀 다른 새콤달콤한 맛을 지님. 
잔 테두리에 설탕을 묻혀 마시는 것이 특징이며, 오프라 윈프리가 가장 좋아하는 칵테일로 알려져 유명해짐.","http://onz-cocktail.kr/uploads/cocktails/onz_cocktail_Lemon_Drop_Martini.webp","http://onz-cocktail.kr/uploads/glasses/onz_glasstype_coupe.webp","2026-01-12 17:55:00.476468","2026-01-12 17:55:00.476468","vodka|liqueur","23","2","4","4","0","3","1","0","5","0","0","0","0","0","0","0","0","0","0","0","0","0","0","0","0","3","0","0","0","4","4","2","0","up","","verified","existing",""
"12","마가리타","Margarita","강함","24","30","클래식","테킬라","","마가리타","여름","테킬라 50ml (1⅔ oz), 트리플 섹 20ml (⅔ oz), 라임 주스 20ml (⅔ oz), 소금 림","","상큼, 시트러스, 짭짤한, 오렌지 향","파티, 바캉스","4","1. 글라스 테두리를 라임으로 적시고 소금을 묻힌다. / 2. 셰이커에 얼음, 데킬라 50ml, 쿠앵트로 20ml, 라임 주스 20ml를 넣는다. / 3. 15초간 셰이킹한다. / 4. 얼음을 넣은 글라스에 스트레이닝하여 따른다.","MANUAL","0","1","1","1930~40년대 멕시코 또는 미국에서 만들어졌으며, 기원에 대한 다양한 설이 존재함.
가장 유명한 설은 1948년 사교계 명사 마가리타 샘즈가 파티에서 처음 선보였다는 이야기.
잔 테두리에 소금을 묻히는 '리밍' 스타일과 새콤짭짤한 맛으로 전 세계적인 인기를 누리는 테킬라 칵테일의 대명사.","http://onz-cocktail.kr/uploads/cocktails/onz_cocktail_Margarita.webp","http://onz-cocktail.kr/uploads/glasses/onz_glasstype_margarita.webp","2026-01-12 17:55:00.477874","2026-01-12 17:55:00.477874","tequila|liqueur","25","3","3","4","0","3","1","0","5","0","0","0","0","0","0","0","0","0","0","0","0","2","0","2","0","3","2","0","0","4","5","2","0","up","","verified","existing",""
"13","메리 픽포드","Mary Pickford","보통","18","20","스탠다드","럼","","칵테일 글라스","여름","화이트 럼 45ml (1½ oz), 파인애플 주스 45ml (1½ oz), 그레나딘 5ml (⅙ oz), 마라스키노 리큐르 5ml (⅙ oz)","","파인애플, 달콤, 라이트, 체리 향","클래식 바, 칵테일 타임","4","1. 셰이커에 얼음을 가득 채운다. / 2. 화이트 럼 45ml (1½ oz), 파인애플 주스 45ml (1½ oz), 그레나딘 5ml (⅙ oz), 마라스키노 리큐르 5ml (⅙ oz)를 넣는다. / 3. 15초간 강하게 흔든다. / 4. 미리 차갑게 식힌 칵테일 글라스에 걸러 따른다.","AUTO","0","1","2","1920년대 금주법 시대에 쿠바를 여행하던 '미국의 연인'이라 불린 무성영화 배우 메리 픽포드를 위해 만들어짐.
쿠바의 한 바에서 그녀에게 헌정된 칵테일로, 파인애플과 석류의 달콤함이 특징.
당시 쿠바에서 유행하던 럼 베이스 칵테일 중 하나로, 부드럽고 마시기 편해 인기를 끌었음.","http://onz-cocktail.kr/uploads/cocktails/onz_cocktail_Mary_Pickford.webp","http://onz-cocktail.kr/uploads/glasses/onz_glasstype_coupe.webp","2026-01-12 17:55:00.478987","2026-01-12 17:55:00.478987","rum|liqueur","19","2","4","1","0","2","2","0","0","4","2","0","0","0","0","0","0","0","0","0","0","0","0","0","1","2","0","0","0","4","2","3","0","up","","verified","existing",""
"14","미모사","Mimosa","약함","6","8","라이트","와인","","플루트","봄","스파클링 와인 75ml (2½ oz), 오렌지 주스 75ml (2½ oz)","","오렌지, 스파클링, 상큼, 가벼움","브런치, 축하 자리","3","1. 플루트 잔에 얼음을 채운다. / 2. 오렌지 주스 75ml (2½ oz)를 붓는다. / 3. 스파클링 와인 75ml (2½ oz)를 잔 벽을 따라 천천히 채운다.","AUTO","0","0","0","1925년 파리 리츠 호텔의 바텐더 프랭크 마이어(Frank Meier)가 처음 만들었다는 설이 유력함.
칵테일의 색깔이 노란 '미모사' 꽃과 비슷하다고 하여 이름이 붙여짐.
샴페인과 오렌지 주스를 1:1로 섞는 간단한 레시피로, 전 세계 브런치 메뉴의 필수 요소.","http://onz-cocktail.kr/uploads/cocktails/onz_cocktail_Mimosa.webp","http://onz-cocktail.kr/uploads/glasses/onz_glasstype_flute.webp","2026-01-12 17:55:00.480166","2026-01-12 17:55:00.480166","sparkling","7","0","3","2","0","0","1","4","5","0","0","0","0","0","0","0","0","0","0","0","0","0","0","0","0","0","0","0","3","5","5","0","0","up","","verified","existing",""
"15","모히또","Mojito","보통","15","18","스탠다드","럼","","하이볼","여름","화이트 럼 45ml (1½ oz), 라임 주스 20ml (⅔ oz), 설탕 2 tsp, 민트 잎 6장, 탄산수, 라임 슬라이스","","민트, 라임, 상큼, 탄산, 청량","여름밤, 해변","5","1. 글라스에 라임 4조각과 민트 잎 8~10장, 설탕 2티스푼을 넣는다. / 2. 머들러로 민트와 라임을 가볍게 으깬다. / 3. 으깬 얼음을 절반 채우고 화이트 럼 50ml를 붓는다. / 4. 탄산수로 채우고 바 스푼으로 가볍게 젓는다. / 5. 민트 가지로 가니시한다.","MANUAL","0","0","1","16세기 해적 프랜시스 드레이크의 선원들이 마시던 음료에서 유래했다는 설이 있음.
현재의 모히토는 1930년대 쿠바 아바나의 '라 보데기타 델 메디오' 바에서 완성되었다는 것이 정설.
어니스트 헤밍웨이가 ""내 모히토는 라 보데기타에 있다""고 말할 정도로 사랑했던 칵테일.","http://onz-cocktail.kr/uploads/cocktails/onz_cocktail_Mojito.webp","http://onz-cocktail.kr/uploads/glasses/onz_glasstype_highball.webp","2026-01-12 17:55:00.481609","2026-01-12 17:55:00.481609","rum","16","2","3","3","0","1","1","4","4","0","0","0","0","5","0","0","0","0","0","0","0","0","0","0","0","3","3","0","0","5","5","1","0","long","","verified","existing",""
"16","모스코 뮬","Moscow Mule","보통","12","14","스탠다드","보드카","","구리 머그/하이볼","여름","보드카 45ml (1½ oz), 진저 비어 120ml (4 oz), 라임 주스 5ml (⅙ oz), 라임 웨지","","생강, 상큼, 톡쏘는, 라임","캐주얼 바, 식전주","4","1. 구리 머그에 얼음을 채운다. / 2. 보드카 45ml와 라임 주스 15ml를 붓는다. / 3. 진저비어로 채운다. / 4. 라임 웨지로 가니시한다.","MANUAL","0","0","2","1941년 미국 할리우드에서 스미노프 보드카 사장과 진저 비어 제조업자가 재고 처리를 위해 의기투합하여 만듦.
'모스크바의 노새'라는 이름은 보드카의 러시아 이미지와 진저 비어의 톡 쏘는 맛(노새의 뒷발질)을 결합한 것.
시원함을 유지해주는 구리 머그잔에 담아 마시는 것이 특징이며, 미국 보드카 시장을 개척한 일등공신.","http://onz-cocktail.kr/uploads/cocktails/onz_cocktail_Moscow_Mule.webp","http://onz-cocktail.kr/uploads/glasses/onz_glasstype_copper_mug.webp","2026-01-12 17:55:00.482842","2026-01-12 17:55:00.482842","vodka","13","1","3","2","0","1","1","4","3","0","0","0","0","0","0","4","0","0","0","0","0","0","0","0","0","3","3","0","0","5","5","2","0","long","","verified","existing",""
"17","파라다이스","Paradise","강함","24","26","스트롱","진","","칵테일 글라스","봄","진 30ml (1 oz), 아프리콧 브랜디 20ml (⅔ oz), 오렌지 주스 15ml (½ oz)","","살구, 시트러스, 은은한 단맛, 화사함","칵테일 타임, 가벼운 파티, 식후","4","1. 셰이커에 얼음을 가득 채운다. / 2. 진 30ml (1 oz), 아프리콧 브랜디 20ml (⅔ oz), 오렌지 주스 15ml (½ oz)를 넣는다. / 3. 15초간 강하게 흔든다. / 4. 미리 차갑게 식힌 칵테일 글라스에 걸러 따른다.","AUTO","2","1","5","1920년대 런던에서 만들어졌으며, 해리 크래독의 '사보이 칵테일 북'에 수록되어 유명해짐.
이름처럼 천국의 맛을 연상시키는 부드럽고 달콤한 맛으로 여성들에게 특히 인기가 많았음.
진을 베이스로 살구와 오렌지의 조화가 돋보이는 클래식 칵테일.","http://onz-cocktail.kr/uploads/cocktails/onz_cocktail_Paradise.webp","http://onz-cocktail.kr/uploads/glasses/onz_glasstype_coupe.webp","2026-01-12 17:55:00.484034","2026-01-12 17:55:00.484034","gin|liqueur","25","3","3","2","0","3","2","0","3","0","0","3","0","0","0","0","0","0","0","0","0","0","2","0","1","0","0","0","0","4","2","3","0","up","","verified","existing",""
"18","피나 콜라다","Piña Colada","보통","12","15","라이트","럼","","허리케인/하이볼","여름","화이트 럼 50ml (1⅔ oz), 파인애플 주스 50ml (1⅔ oz), 코코넛 크림 30ml (1 oz)","","코코넛, 파인애플, 달콤, 크리미","휴양지, 풀사이드","4","1. 셰이커에 화이트 럼 50ml (1⅔ oz), 파인애플 주스 50ml (1⅔ oz), 코코넛 크림 30ml (1 oz)를 넣는다. / 2. 얼음 없이 먼저 15초간 흔든다. / 3. 얼음을 채우고 15초간 강하게 흔든다. / 4. 허리케인/하이볼 잔에 얼음을 채운다. 그 위에 걸러 따른다.","AUTO","0","0","0","1954년 푸에르토리코의 한 호텔 바에서 라몬 '몬치토' 마레로가 처음 만들었다는 설이 정설.
'파인애플 언덕'이라는 뜻의 이름처럼 파인애플과 코코넛의 조화가 특징인 트로피컬 칵테일의 대명사.
1978년 푸에르토리코의 공식 칵테일로 지정되었으며, 노래 'Escape'의 가사에 등장하며 세계적으로 유명해짐.","http://onz-cocktail.kr/uploads/cocktails/onz_cocktail_Pina_Colada.webp","http://onz-cocktail.kr/uploads/glasses/onz_glasstype_hurricane.webp","2026-01-12 17:55:00.485368","2026-01-12 17:55:00.485368","rum","13","1","5","1","0","1","5","0","0","5","0","0","0","0","0","0","0","4","0","0","0","0","0","0","2","2","3","0","0","5","5","1","0","frozen","dairy","verified","existing",""
"19","플랜터스 펀치","Planter’s Punch","보통","15","18","스탠다드","럼","","하이볼","여름","자메이카 럼 45ml (1½ oz), 라임 주스 15ml (½ oz), 사탕수수 주스 30ml (1 oz), 오렌지 제스트","","열대, 새콤달콤, 향신, 풍부한 과일","티키 스타일, 여름 파티","5","1. 셰이커에 얼음을 가득 채운다. / 2. 자메이카 럼 45ml (1½ oz), 라임 주스 15ml (½ oz), 사탕수수 주스 30ml (1 oz)를 넣는다. / 3. 15초간 강하게 흔든다. / 4. 하이볼 잔에 얼음을 잔 끝까지 넣는다. 그 위에 걸러 따른다. / 5. 오렌지 제스트로 장식한다.","AUTO","0","0","0","19세기 자메이카의 사탕수수 농장(Plantation)에서 농장주들이 즐겨 마시던 것에서 유래.
정해진 레시피 없이 '시다, 달다, 강하다, 약하다'는 원칙에 따라 자유롭게 만드는 것이 특징.
다양한 주스와 럼, 비터스가 어우러져 복합적이면서도 상쾌한 열대의 맛을 선사함.","http://onz-cocktail.kr/uploads/cocktails/onz_cocktail_Planters_Punch.webp","http://onz-cocktail.kr/uploads/glasses/onz_glasstype_highball.webp","2026-01-12 17:55:00.486578","2026-01-12 17:55:00.486578","rum","16","2","4","3","1","2","2","0","3","3","0","0","0","0","0","2","0","0","2","0","0","0","0","0","0","2","3","0","0","4","3","3","0","long","","verified","existing",""
"20","시 브리즈","Sea Breeze","약함","8","10","라이트","보드카","","하이볼","여름","보드카 40ml (1⅓ oz), 크랜베리 주스 120ml (4 oz), 자몽 주스 30ml (1 oz), 오렌지 필, 체리","","크랜베리, 자몽, 상큼, 가벼움","해변, 캐주얼","5","1. 셰이커에 얼음을 가득 채운다. / 2. 보드카 40ml (1⅓ oz), 크랜베리 주스 120ml (4 oz), 자몽 주스 30ml (1 oz)를 넣는다. / 3. 15초간 강하게 흔든다. / 4. 하이볼 잔에 얼음을 잔 끝까지 넣는다. 그 위에 걸러 따른다. / 5. 오렌지 필, 체리로 장식한다.","AUTO","0","0","0","1920년대 금주법 시대에 처음 등장했으나, 당시에는 진과 살구 브랜디를 사용했음.
현재의 보드카와 크랜베리, 자몽 주스를 사용하는 레시피는 1970년대에 정립되어 큰 인기를 끔.
'바닷바람'이라는 이름처럼 상쾌하고 청량한 맛으로 여름철 칵테일로 인기가 높음.","http://onz-cocktail.kr/uploads/cocktails/onz_cocktail_Sea_Breeze.webp","http://onz-cocktail.kr/uploads/glasses/onz_glasstype_highball.webp","2026-01-12 17:55:00.487971","2026-01-12 17:55:00.487971","vodka","9","1","2","4","1","1","2","0","4","0","4","0","0","0","0","0","0","0","0","0","0","0","0","0","0","2","3","0","0","5","4","1","0","long","","verified","existing",""
"21","섹스 온 더 비치","Sex on the Beach","보통","10","15","라이트","보드카","","하이볼","여름","보드카 40ml (1⅓ oz), 피치 슈냅스 20ml (⅔ oz), 오렌지 주스 40ml (1⅓ oz), 크랜베리 주스 40ml (1⅓ oz),  오렌지 슬라이스","","복숭아, 오렌지, 크랜베리, 달콤상큼","파티, 달콤한, 여름, 여행지","5","1. 셰이커에 얼음을 가득 채운다. / 2. 보드카 40ml (1⅓ oz), 피치 슈냅스 20ml (⅔ oz), 오렌지 주스 40ml (1⅓ oz), 크랜베리 주스 40ml (1⅓ oz)를 넣는다. / 3. 15초간 강하게 흔든다. / 4. 하이볼 잔에 얼음을 잔 끝까지 넣는다. 그 위에 걸러 따른다. / 5. 오렌지 슬라이스로 장식한다.","AUTO","0","0","2","1987년 미국 플로리다 포트로더데일 칵테일 경연대회에서 바텐더 테드 피지오(Ted Pizio) 가 처음 선보임.
당시 해변 휴양지의 이미지를 반영해 “Sex on the Beach!” 라는 이름으로 마케팅 효과를 노렸으며, 본래 이름은 Dance on the Beach 였음.
독특한 이름과 풍습(남자가 주문하면 두 사람이 키스한다는 이야기) 덕분에 폭발적 인기를 얻어 오늘날까지 전해짐.","http://onz-cocktail.kr/uploads/cocktails/onz_cocktail_Sex_on_the_Beach.webp","http://onz-cocktail.kr/uploads/glasses/onz_glasstype_highball.webp","2026-01-12 17:55:00.489171","2026-01-12 17:55:00.489171","vodka|liqueur","12","1","5","2","0","1","2","0","3","0","3","3","0","0","0","0","0","0","0","0","0","0","0","0","0","3","2","0","0","5","5","1","0","long","","verified","existing",""
"22","사이드카","Sidecar","강함","24","27","클래식","브랜디","","칵테일 글라스","사계절","코냑 50ml (1⅔ oz), 트리플 섹 20ml (⅔ oz), 레몬 주스 20ml (⅔ oz), 설탕 림(옵션)","","새콤달콤, 시트러스, 강한, 클래식, 오렌지","저녁 식전주, 클래식 바","4","1. 셰이커에 얼음을 가득 채운다. / 2. 코냑 50ml (1⅔ oz), 트리플 섹 20ml (⅔ oz), 레몬 주스 20ml (⅔ oz), 설탕 림(옵션)를 넣는다. / 3. 15초간 강하게 흔든다. / 4. 미리 차갑게 식힌 칵테일 글라스에 걸러 따른다.","AUTO","0","0","0","제1차 세계대전 직후 런던 혹은 파리에서 탄생했다는 설이 있으며, 정확한 기원은 불분명함.
오토바이 옆에 다는 '사이드카'를 타고 바에 온 한 장교를 위해 만들어졌다는 일화가 가장 유명.
브랜디, 오렌지 리큐르, 레몬 주스의 간단한 조합으로 완벽한 균형을 보여주는 사워 칵테일의 정수.","http://onz-cocktail.kr/uploads/cocktails/onz_cocktail_Sidecar.webp","http://onz-cocktail.kr/uploads/glasses/onz_glasstype_coupe.webp","2026-01-12 17:55:00.490579","2026-01-12 17:55:00.490579","brandy|liqueur","25","3","3","4","0","3","2","0","4","0","0","0","0","0","0","0","0","0","3","0","0","0","2","0","0","0","0","2","0","4","4","3","0","up","","verified","existing",""
"23","데킬라 선라이즈","Tequila Sunrise","보통","10","12","스탠다드","테킬라","","하이볼","여름","테킬라 45ml (1½ oz), 오렌지 주스 90ml (3 oz), 그레나딘 10ml (⅓ oz)","","오렌지, 달콤, 상큼, 그레나딘 레이어","여름, 휴양지, 화려한, 파티, 해변","4","1. 셰이커에 얼음을 가득 채운다. / 2. 테킬라 45ml (1½ oz), 오렌지 주스 90ml (3 oz), 그레나딘 10ml (⅓ oz)를 넣는다. / 3. 15초간 강하게 흔든다. / 4. 하이볼 잔에 얼음을 잔 끝까지 넣는다. 그 위에 걸러 따른다.","AUTO","0","0","0","1930년대 아리조나에서 처음 만들어졌으나, 현재의 레시피는 1970년대 캘리포니아에서 완성.
그레나딘 시럽이 아래로 가라앉으면서 만들어내는 붉은색 그라데이션이 '떠오르는 태양' 같다고 하여 붙여진 이름.
롤링 스톤스가 투어 중 즐겨 마시면서 유명해졌고, 이글스의 노래 제목으로도 사용됨.","http://onz-cocktail.kr/uploads/cocktails/onz_cocktail_Tequila_Sunrise.webp","http://onz-cocktail.kr/uploads/glasses/onz_glasstype_highball.webp","2026-01-12 17:55:00.492125","2026-01-12 17:55:00.492125","tequila","11","1","4","1","0","1","2","0","4","0","2","0","0","0","0","0","0","0","0","0","0","0","0","0","0","3","2","0","1","5","5","1","0","long","","verified","existing",""
"24","위스키 사워","Whiskey Sour","보통","16","18","클래식","위스키","","올드패션드/쿠페","사계절","버번 위스키 45ml (1½ oz), 레몬 주스 25ml (⅚ oz), 설탕 시럽 20ml (⅔ oz), 계란흰자(옵션)","","상큼, 달콤, 거품, 균형","클래식, 균형감, 대중적인, 식전","4","1. 셰이커에 버번 위스키 50ml, 레몬 주스 25ml, 심플 시럽 15ml, 계란 흰자 1개를 넣는다. / 2. 얼음 없이 먼저 드라이 셰이킹한다. / 3. 얼음을 넣고 다시 15초 셰이킹한다. / 4. 락 글라스에 스트레이닝하고 앙고스투라 비터스를 몇 방울 떨어뜨린다.","MANUAL","0","0","1","19세기 중반 선원들이 괴혈병 예방을 위해 술에 레몬이나 라임을 섞어 마시던 것에서 유래.
1862년 제리 토마스의 '바텐더 가이드'에 처음으로 공식적인 레시피가 기록됨.
스피릿, 시트러스, 설탕의 완벽한 균형을 보여주는 '사워' 칵테일의 가장 기본적인 형태.","http://onz-cocktail.kr/uploads/cocktails/onz_cocktail_Whiskey_Sour.webp","http://onz-cocktail.kr/uploads/glasses/onz_glasstype_rocks.webp","2026-01-12 17:55:00.493332","2026-01-12 17:55:00.493332","whiskey","17","2","3","4","0","2","3","0","4","0","0","0","0","0","0","0","0","0","3","0","0","0","0","2","0","0","0","2","0","4","5","2","0","rocks","egg","verified","existing",""
"25","화이트 레이디","White Lady","강함","22","25","스트롱","진","","칵테일 글라스","봄","진 40ml (1⅓ oz), 트리플 섹 30ml (1 oz), 레몬 주스 20ml (⅔ oz)","","상큼, 쌉싸름, 꽃향, 드라이","칵테일 타임, 우아한, 부드러운, 세련된, 식전","4","1. 셰이커에 얼음을 가득 채운다. / 2. 진 40ml (1⅓ oz), 트리플 섹 30ml (1 oz), 레몬 주스 20ml (⅔ oz)를 넣는다. / 3. 15초간 강하게 흔든다. / 4. 미리 차갑게 식힌 칵테일 글라스에 걸러 따른다.","AUTO","0","0","0","1919년 런던의 바텐더 해리 맥켈혼이 처음 만들었으나, 현재 레시피는 1929년 사보이 호텔 시절에 완성.
금주법 시대의 유명인사 F. 스콧 피츠제럴드의 아내 젤다 피츠제럴드를 기리기 위해 만들었다는 설이 있음.
진 사워에 오렌지 리큐르를 더한 형태로, 계란 흰자를 넣어 부드러운 질감을 살리는 것이 특징.","http://onz-cocktail.kr/uploads/cocktails/onz_cocktail_White_Lady.webp","http://onz-cocktail.kr/uploads/glasses/onz_glasstype_coupe.webp","2026-01-12 17:55:00.49474","2026-01-12 17:55:00.49474","gin|liqueur","23","2","3","4","0","3","2","0","5","0","0","0","2","0","0","0","0","0","0","0","0","0","2","0","0","0","0","0","0","4","3","3","0","up","","verified","existing",""
"26","홀시스 넥","Horse’s Neck","보통","12","14","스페셜","코냑","","하이볼","가을","코냑 40ml (1⅓ oz), 진저 에일 120ml (4 oz), 레몬 껍질","","생강, 레몬, 청량감, 스파이시","상쾌한, 클래식, 가벼운, 오후","4","1. 하이볼 잔에 얼음을 잔 끝까지 넣는다. / 2. 코냑 40ml (1⅓ oz)를 붓는다. / 3. 진저 에일 120ml (4 oz)를 잔 벽을 따라 천천히 채운다. / 4. 레몬 껍질로 장식한다.","AUTO","0","0","0","1890년대 미국에서 처음 등장한 논알콜 음료였으나, 20세기 초에 브랜디나 위스키를 추가하면서 칵테일로 발전.
'말의 목'이라는 이름은 길게 깎아 넣은 레몬 껍질이 말의 목처럼 보인다고 해서 붙여짐.
원래는 앙고스투라 비터스를 추가하는 것이 정석이었으나, 현재는 생략되는 경우가 많음.","http://onz-cocktail.kr/uploads/cocktails/onz_cocktail_Horses_Neck.webp","http://onz-cocktail.kr/uploads/glasses/onz_glasstype_highball.webp","2026-01-12 17:55:00.496015","2026-01-12 17:55:00.496015","brandy","13","1","3","1","0","1","2","3","2","0","0","0","0","0","0","4","0","0","2","0","0","0","0","2","0","0","2","0","0","4","3","3","0","long","","verified","existing",""
"27","다크 앤 스토미","Dark ’n’ Stormy","보통","16","18","스페셜","럼","","하이볼","여름","고슬링 럼 60ml (2 oz), 진저 비어 100ml (3⅓ oz)","","생강, 스파이시, 라임, 청량감","강렬한, 모험적인, 상쾌한, 이국적인","3","1. 하이볼 잔에 얼음을 잔 끝까지 넣는다. / 2. 고슬링 럼 60ml (2 oz)를 붓는다. / 3. 진저 비어 100ml (3⅓ oz)를 잔 벽을 따라 천천히 채운다.","AUTO","0","0","0","1차 세계대전 이후 버뮤다에서 영국 해군들이 마시던 것에서 유래.
버뮤다의 진저 비어 공장과 고슬링스 럼 증류소가 결합하여 탄생한 칵테일.
'어둡고 폭풍우 치는'이라는 이름은 칵테일의 색깔이 폭풍우 구름 같다고 해서 붙여짐.","http://onz-cocktail.kr/uploads/cocktails/onz_cocktail_Dark_n_Stormy.webp","http://onz-cocktail.kr/uploads/glasses/onz_glasstype_highball.webp","2026-01-12 17:55:00.497277","2026-01-12 17:55:00.497277","rum","17","2","3","1","0","2","2","4","1","0","0","0","0","0","0","5","0","0","3","0","0","0","0","0","0","0","2","2","0","4","4","3","0","long","","verified","existing",""
"28","팔로마","Paloma","보통","10","12","스탠다드","테킬라","","하이볼","여름","테킬라 50ml (1⅔ oz), 자몽 소다 120ml (4 oz), 라임 주스 5ml (⅙ oz), 솔트 림(옵션), 라임 슬라이스","","자몽, 상큼, 탄산, 소금 림","데이라링, 여름 파티","4","1. 하이볼 잔에 얼음을 잔 끝까지 넣는다. / 2. 테킬라 50ml (1⅔ oz), 라임 주스 5ml (⅙ oz), 솔트 림(옵션)를 붓는다. / 3. 자몽 소다 120ml (4 oz)를 잔 벽을 따라 천천히 채운다. / 4. 라임 슬라이스로 장식한다.","AUTO","0","0","1","멕시코에서 가장 사랑받는 칵테일 중 하나로, 정확한 기원은 알려져 있지 않음.
'비둘기'라는 뜻의 이름은 19세기 멕시코의 민요 '라 팔로마'에서 유래했다는 설이 있음.
데킬라와 자몽 소다의 간단한 조합이지만, 쌉쌀하고 상쾌한 맛으로 마가리타보다 현지에서 더 대중적임.","http://onz-cocktail.kr/uploads/cocktails/onz_cocktail_Paloma.webp","http://onz-cocktail.kr/uploads/glasses/onz_glasstype_highball.webp","2026-01-12 17:55:00.49871","2026-01-12 17:55:00.49871","tequila","11","1","2","3","0","1","1","4","5","0","0","0","0","0","0","0","0","0","0","0","0","1","0","2","0","3","3","0","0","5","3","2","0","long","","verified","existing",""
"29","셰리 코블러","Sherry Cobbler","보통","12","14","스탠다드","와인/셰리","","하이볼/콥블러 글라스","여름","아몬틸라도 셰리 45ml (1½ oz), 팔로 코르타도 45ml (1½ oz), 설탕 1tsp, 오렌지/레몬/베리 장식","","과일, 상큼, 은은한 단맛, 상쾌함","여름 오후, 티가든","4","1. 셰이커에 얼음을 가득 채운다. / 2. 아몬틸라도 셰리 45ml (1½ oz), 팔로 코르타도 45ml (1½ oz), 설탕 1tsp, 오렌지/레몬/베리 장식을 넣는다. / 3. 15초간 강하게 흔든다. / 4. 하이볼/콥블러 글라스에 얼음을 채운다. 그 위에 걸러 따른다.","AUTO","0","0","0","19세기 초반 미국에서 탄생한 매우 오래된 '코블러' 스타일의 칵테일.
잘게 부순 얼음(Cobblestone)을 사용하는 것과 빨대를 처음으로 대중화시킨 것으로 유명.
셰리 와인을 베이스로 하여 도수가 낮고, 신선한 과일과 함께 시원하게 즐기는 여름 음료.","http://onz-cocktail.kr/uploads/cocktails/onz_cocktail_Sherry_Cobbler.webp","http://onz-cocktail.kr/uploads/glasses/onz_glasstype_highball.webp","2026-01-12 17:55:00.499911","2026-01-12 17:55:00.499911","fortified","13","1","3","1","1","1","2","0","2","0","2","2","0","0","0","0","0","2","0","0","0","0","3","2","0","0","0","0","0","3","2","4","0","long","","verified","existing",""
"30","아페롤 스프리츠","Aperol Spritz","약함","9","11","라이트","리큐르/와인","","와인 글라스","여름","프로세코 90ml (3 oz), 아페롤 60ml (2 oz), 탄산수 30ml (1 oz), 오렌지 슬라이스","","오렌지, 스파클링, 쌉싸름, 가벼움","해피아워, 야외 테라스","3","1. 와인 글라스에 얼음을 가득 채운다. / 2. 프로세코 90ml, 아페롤 60ml, 탄산수 30ml 순서로 붓는다. / 3. 오렌지 슬라이스로 가니시한다.","MANUAL","0","0","0","19세기 오스트리아 지배하에 있던 이탈리아 베네토 지역에서 탄생.
오스트리아 군인들이 이탈리아 와인이 너무 강하다고 느껴 물을 뿌려(spritzen) 마시던 것에서 유래.
아페롤, 캄파리 등 쌉쌀한 리큐르와 프로세코, 탄산수를 섞어 만드는 이탈리아 대표 식전주.","http://onz-cocktail.kr/uploads/cocktails/onz_cocktail_Aperol_Spritz.webp","http://onz-cocktail.kr/uploads/glasses/onz_glasstype_wine_glass.webp","2026-01-12 17:55:00.501157","2026-01-12 17:55:00.501157","liqueur|sparkling","10","1","2","1","3","1","1","4","4","0","0","0","2","0","0","0","0","0","0","0","0","0","3","0","0","0","2","0","2","4","5","2","0","long","","verified","existing",""
"31","칸찬차라","Canchanchara","보통","12","14","스탠다드","럼","","하이볼","여름","쿠바 아구아르디엔테 60ml (2 oz), 라임 주스 15ml (½ oz), 꿀 15ml (½ oz), 물 50ml (1⅔ oz), 라임 웨지","","라임, 꿀, 상큼, 달콤, 토닉","전통, 여름밤, 독특한","5","1. 셰이커에 얼음을 가득 채운다. / 2. 쿠바 아구아르디엔테 60ml (2 oz), 라임 주스 15ml (½ oz), 꿀 15ml (½ oz), 물 50ml (1⅔ oz)를 넣는다. / 3. 15초간 강하게 흔든다. / 4. 하이볼 잔에 얼음을 잔 끝까지 넣는다. 그 위에 걸러 따른다. / 5. 라임 웨지로 장식한다.","AUTO","0","0","0","쿠바 독립 전쟁 당시 스페인군에 맞서 싸우던 맘비세스 전사들이 마시던 음료에서 유래.
피로와 추위를 이기기 위해 아구아르디엔테(럼의 일종)에 꿀과 라임을 타서 마셨다고 함.
원래는 따뜻하게 마셨으나 현재는 차갑게 마시며, 쿠바 트리니다드 지역의 전통 칵테일.","http://onz-cocktail.kr/uploads/cocktails/onz_cocktail_Canchanchara.webp","http://onz-cocktail.kr/uploads/glasses/onz_glasstype_highball.webp","2026-01-12 17:55:00.502456","2026-01-12 17:55:00.502456","other","13","1","3","4","0","2","2","0","4","0","0","0","0","0","0","0","0","0","0","0","0","0","0","0","0","0","2","1","0","4","1","3","0","rocks","","verified","existing",""
"32","비스 니즈","Bee’s Knees","강함","21","26","스트롱","진","","쿠페","가을","진 52.5ml (1¾ oz), 레몬 주스 22.5ml (¾ oz), 오렌지 주스 22.5ml (¾ oz), 꿀 시럽 10ml (⅓oz)","","꿀, 상큼, 시트러스, 플로럴","클래식, 부드러운, 봄, 상큼한","4","1. 셰이커에 얼음을 가득 채운다. / 2. 진 52.5ml (1¾ oz), 레몬 주스 22.5ml (¾ oz), 오렌지 주스 22.5ml (¾ oz), 꿀 시럽 10ml (⅓oz)를 넣는다. / 3. 15초간 강하게 흔든다. / 4. 미리 차갑게 식힌 쿠페 잔에 걸러 따른다.","AUTO","0","0","0","금주법 시대에 밀주 진의 거친 맛을 가리기 위해 꿀과 레몬을 넣어 마시던 것에서 유래.
'최고의 것'이라는 뜻의 당시 유행어 'Bee's Knees'에서 이름이 붙여짐.
진 사워의 설탕 시럽을 꿀 시럽으로 대체한 형태로, 부드럽고 향긋한 단맛이 특징.","http://onz-cocktail.kr/uploads/cocktails/onz_cocktail_Bees_Knees.webp","http://onz-cocktail.kr/uploads/glasses/onz_glasstype_coupe.webp","2026-01-12 17:55:00.503695","2026-01-12 17:55:00.503695","gin","23","2","3","3","0","3","2","0","4","0","0","0","0","0","2","0","0","0","0","0","0","0","2","0","0","0","0","0","1","4","3","3","0","up","","verified","existing",""
"33","알렉산더","Alexander","강함","20","22","스트롱","코냑","","쿠페","겨울","코냑 30ml (1 oz), 크렘 드 카카오 30ml (1 oz), 크림 30ml (1 oz)","","크리미, 코코아, 달콤, 묵직함","디저트, 겨울밤","4","1. 셰이커에 코냑 30ml (1 oz), 크렘 드 카카오 30ml (1 oz), 크림 30ml (1 oz)를 넣는다. / 2. 얼음 없이 먼저 15초간 흔든다. / 3. 얼음을 채우고 15초간 강하게 흔든다. / 4. 미리 차갑게 식힌 쿠페 잔에 걸러 따른다.","AUTO","0","0","0","1915년 런던에서 열린 영국 알렉산드라 공주의 결혼식을 기념하여 만들어졌다는 설이 가장 유력함.
원래는 진 베이스였으나, 현재는 브랜디를 베이스로 하는 '브랜디 알렉산더'가 표준으로 자리 잡음.
부드럽고 달콤한 맛으로 식후 디저트 칵테일의 대명사로 불리며, 여성들에게 특히 인기가 많음.","http://onz-cocktail.kr/uploads/cocktails/onz_cocktail_Alexander.webp","http://onz-cocktail.kr/uploads/glasses/onz_glasstype_coupe.webp","2026-01-12 17:55:00.505012","2026-01-12 17:55:00.505012","brandy|liqueur","21","2","4","0","0","2","5","0","0","0","0","0","0","0","0","0","4","4","2","0","0","0","0","0","3","0","0","0","0","4","3","2","0","up","dairy","verified","existing",""
"34","블러디 메리","Bloody Mary","보통","10","12","스페셜","보드카","","하이볼","사계절","보드카 45ml (1½ oz), 토마토 주스 90ml (3 oz), 레몬 주스 15ml (½ oz), 우스터 소스 몇 방울, 타바스코 몇 방울","","토마토, 향신료, 짭짤함, 허브","해장, 브런치, 독특한","4","1. 셰이커에 얼음을 가득 채운다. / 2. 보드카 45ml (1½ oz), 토마토 주스 90ml (3 oz), 레몬 주스 15ml (½ oz), 우스터 소스 몇 방울, 타바스코 몇 방울을 넣는다. / 3. 15초간 강하게 흔든다. / 4. 하이볼 잔에 얼음을 잔 끝까지 넣는다. 그 위에 걸러 따른다.","AUTO","0","0","0","1920년대 파리의 해리스 뉴욕 바에서 페르낭 프티오(Fernand Petiot)가 처음 만들었다는 설이 가장 유력함.
이름은 16세기 잉글랜드의 여왕 메리 1세의 별명 '피의 메리'에서 유래했다는 설이 지배적.
숙취 해소용 칵테일로 명성이 높으며, 장식(가니시)을 화려하게 올리는 것으로도 유명함.","http://onz-cocktail.kr/uploads/cocktails/onz_cocktail_Bloody_Mary.webp","http://onz-cocktail.kr/uploads/glasses/onz_glasstype_highball.webp","2026-01-12 17:55:00.506277","2026-01-12 17:55:00.506277","vodka","11","1","0","3","1","1","4","0","2","0","0","0","0","0","0","4","0","0","0","0","0","5","0","2","0","0","0","0","3","2","4","2","0","long","","verified","existing",""
"35","카이피리냐","Caipirinha","강함","25","30","스트롱","리큐르/카샤샤","","록스","여름","카샤사 60ml (2 oz), 라임 한 개, 백설탕 4 tsp","","라임, 상큼, 단맛, 청량감","파티, 브라질, 열정적인, 여름","4","1. 글라스에 라임 반 개를 조각내 넣고 설탕 2티스푼을 더한다. / 2. 머들러로 라임즙과 설탕을 으깬다. / 3. 으깬 얼음을 채우고 카샤사 60ml를 붓는다. / 4. 바 스푼으로 잘 젓는다.","MANUAL","0","0","0","브라질의 국민 칵테일로, '시골뜨기'라는 뜻을 가지고 있으며 농부들의 음료에서 유래.
1918년 스페인 독감 치료를 위한 민간요법으로 마늘, 꿀, 라임을 섞어 마시던 것에서 발전했다는 설이 있음.
브라질의 증류주 '카샤사'를 베이스로 하며, 라임을 으깨 즙을 내어 만드는 것이 특징.","http://onz-cocktail.kr/uploads/cocktails/onz_cocktail_Caipirinha.webp","http://onz-cocktail.kr/uploads/glasses/onz_glasstype_rocks.webp","2026-01-12 17:55:00.507847","2026-01-12 17:55:00.507847","cachaca","27","3","3","4","0","3","2","0","5","0","0","0","0","0","0","0","0","0","0","0","0","0","0","0","0","2","3","0","0","3","4","3","0","rocks","","verified","existing",""
"36","카지노","Casino","강함","30","33","스트롱","진","","쿠페","봄","올드 톰 진 40ml (1⅓ oz), 마라스키노 리큐르 10ml (⅓ oz), 오렌지 비터스 2 dashes, 레몬 주스 10ml (⅓ oz)","","드라이, 허브, 시트러스, 체리","칵테일 타임, 가벼운 저녁","4","1. 셰이커에 얼음을 가득 채운다. / 2. 올드 톰 진 40ml (1⅓ oz), 마라스키노 리큐르 10ml (⅓ oz), 오렌지 비터스 2 dashes, 레몬 주스 10ml (⅓ oz)를 넣는다. / 3. 15초간 강하게 흔든다. / 4. 미리 차갑게 식힌 쿠페 잔에 걸러 따른다.","AUTO","0","0","0","해리 크래독의 '사보이 칵테일 북'(1930)에 수록된 레시피로, 에비에이션 칵테일과 유사한 조합을 가짐.
크렘 드 바이올렛이 빠진 에비에이션으로 볼 수 있으며, 더 드라이하고 깔끔한 맛을 냄.
이름의 유래는 명확하지 않지만, 금주법 시대 이전의 클래식한 분위기를 담고 있음.","http://onz-cocktail.kr/uploads/cocktails/onz_cocktail_Casino.webp","http://onz-cocktail.kr/uploads/glasses/onz_glasstype_coupe.webp","2026-01-12 17:55:00.509231","2026-01-12 17:55:00.509231","gin|liqueur","31","3","2","2","1","4","2","0","3","0","0","1","3","0","0","0","0","0","0","0","0","0","3","0","0","0","0","0","0","2","1","4","0","up","","verified","existing",""
"37","코스모폴리탄","Cosmopolitan","강함","22","25","스트롱","보드카","","칵테일 글라스","가을","보드카 시트론 40ml (1⅓ oz), 코앵트로 15ml (½ oz), 라임 주스 15ml (½ oz), 크랜베리 주스 30ml (1 oz), 레몬 필 트위스트","","크랜베리, 상큼, 달콤, 트렌디","도시적인, 세련된, 파티, 트렌디","4","1. 셰이커에 얼음, 시트론 보드카 40ml, 쿠앵트로 15ml, 크랜베리 주스 30ml, 라임 주스 10ml를 넣는다. / 2. 15초간 셰이킹한다. / 3. 차갑게 식힌 마티니 글라스에 스트레이닝한다. / 4. 오렌지 필로 향을 낸다.","MANUAL","0","0","0","1980년대 후반 셰릴 쿡 또는 토비 체키니에 의해 만들어졌다는 등 기원에 대한 여러 설이 존재함.
드라마 '섹스 앤 더 시티'의 주인공들이 즐겨 마시면서 1990년대 전 세계적인 인기를 얻게 됨.
분홍빛 색상과 세련된 이미지 덕분에 현대적인 클래식 칵테일의 대명사가 됨.","http://onz-cocktail.kr/uploads/cocktails/onz_cocktail_Cosmopolitan.webp","http://onz-cocktail.kr/uploads/glasses/onz_glasstype_coupe.webp","2026-01-12 17:55:00.510457","2026-01-12 17:55:00.510457","vodka|liqueur","23","2","4","3","0","2","2","0","4","0","3","0","0","0","0","0","0","0","0","0","0","0","0","0","0","3","0","0","0","5","5","2","0","up","","verified","existing",""
"38","프렌치 75","French 75","보통","12","15","클래식","진","","플루트","겨울","진 30ml (1 oz), 레몬 주스 15ml (½ oz), 설탕 시럽 15ml (½ oz), 샴페인 60ml (2 oz)","","스파클링, 상큼, 시트러스, 가벼움","축하 자리, 브런치","4","1. 셰이커에 진 30ml, 레몬 주스 15ml, 심플 시럽 10ml와 얼음을 넣는다. / 2. 15초 셰이킹한다. / 3. 샴페인 플루트에 스트레이닝한다. / 4. 차가운 샴페인으로 채우고 레몬 트위스트를 올린다.","MANUAL","0","0","0","제1차 세계대전 중인 1915년 파리의 해리스 뉴욕 바에서 만들어짐.
이름은 프랑스군이 사용하던 75mm 야포에서 유래했으며, 포탄처럼 강렬하다는 의미를 담고 있음.
진의 향과 샴페인의 청량감이 어우러져 우아하면서도 짜릿한 맛을 선사함.","http://onz-cocktail.kr/uploads/cocktails/onz_cocktail_French_75.webp","http://onz-cocktail.kr/uploads/glasses/onz_glasstype_flute.webp","2026-01-12 17:55:00.511886","2026-01-12 17:55:00.511886","gin|sparkling","13","1","3","3","0","2","2","4","4","0","0","0","1","0","0","0","0","0","0","0","0","0","3","0","0","3","0","0","2","4","4","3","0","up","","verified","existing",""
"39","프렌치 커넥션","French Connection","강함","25","28","스트롱","브랜디","","록스","겨울","코냑 35ml (1⅙ oz), 아마레또 35ml (1⅙ oz)","","묵직함, 아몬드, 드라이, 너티","디너 후, 조용한 밤","3","1. 믹싱 글라스에 얼음을 채우고 코냑 35ml (1⅙ oz), 아마레또 35ml (1⅙ oz)를 넣는다. / 2. 20~30초간 충분히 젓는다. / 3. 록스 잔에 크고 단단한 얼음 한 덩이를 넣는다. 그 위에 걸러 따른다.","AUTO","0","0","0","1971년에 개봉한 동명의 영화 '프렌치 커넥션'의 인기에 힘입어 널리 알려지게 된 칵테일.
프랑스를 대표하는 코냑과 이탈리아를 대표하는 아마레토의 만남을 의미.
두 가지 재료만으로 간단하게 만들 수 있으며, 달콤하고 부드러운 맛으로 식후주로 인기가 많음.","http://onz-cocktail.kr/uploads/cocktails/onz_cocktail_French_Connection.webp","http://onz-cocktail.kr/uploads/glasses/onz_glasstype_rocks.webp","2026-01-12 17:55:00.513261","2026-01-12 17:55:00.513261","brandy|liqueur","26","3","5","0","1","4","4","0","0","0","0","0","0","0","0","0","0","4","4","0","0","0","0","0","3","0","0","3","0","3","2","2","0","rocks","nut","verified","existing",""
"40","프렌치 마티니","French Martini","보통","16","18","스탠다드","보드카","","칵테일 글라스","사계절","보드카 45ml (1½ oz), 라즈베리 리큐르 15ml (½ oz), 파인애플 주스 15ml (½ oz)","","파인애플, 라즈베리, 상큼, 달콤","칵테일 타임, 여성 인기","4","1. 셰이커에 얼음을 가득 채운다. / 2. 보드카 45ml (1½ oz), 라즈베리 리큐르 15ml (½ oz), 파인애플 주스 15ml (½ oz)를 넣는다. / 3. 15초간 강하게 흔든다. / 4. 미리 차갑게 식힌 칵테일 글라스에 걸러 따른다.","AUTO","0","1","1","1980년대 뉴욕의 바에서 처음 만들어졌으며, 이름과 달리 프랑스와 직접적인 연관은 없음.
프랑스산 라즈베리 리큐르 '샹보르'를 사용하는 것에서 '프렌치'라는 이름이 붙음.
마티니라는 이름이 붙었지만 맛은 전혀 다르며, 달콤하고 부드러워 1990년대에 큰 인기를 끌었음.","http://onz-cocktail.kr/uploads/cocktails/onz_cocktail_French_Martini.webp","http://onz-cocktail.kr/uploads/glasses/onz_glasstype_coupe.webp","2026-01-12 17:55:00.514664","2026-01-12 17:55:00.514664","vodka|liqueur","17","2","4","2","0","2","3","0","0","3","4","0","0","0","0","0","0","0","0","0","0","0","0","0","1","3","0","0","0","5","4","1","0","up","","verified","existing",""
"41","그래스 호퍼","Grasshopper","보통","16","20","스탠다드","리큐르","","쿠페","봄","크렘 드 멘트(그린) 20ml (⅔ oz), 크렘 드 카카오(화이트)20ml (⅔ oz), 크림 20ml (⅔ oz)","","민트, 크리미, 달콤, 가벼움","디저트, 여성 인기","4","1. 셰이커에 크렘 드 멘트(그린) 20ml (⅔ oz), 크렘 드 카카오(화이트)20ml (⅔ oz), 크림 20ml (⅔ oz)를 넣는다. / 2. 얼음 없이 먼저 15초간 흔든다. / 3. 얼음을 채우고 15초간 강하게 흔든다. / 4. 미리 차갑게 식힌 쿠페 잔에 걸러 따른다.","AUTO","0","0","0","1918년 뉴올리언스의 바 ' Tujague's'에서 필리베르 귀셰(Philibert Guichet)가 칵테일 대회 출품작으로 창작.
'메뚜기'라는 이름은 크렘 드 민트가 만들어내는 선명한 녹색 때문에 붙여짐.
민트초코 아이스크림을 연상시키는 맛으로, 식후 디저트 칵테일로 꾸준한 사랑을 받고 있음.","http://onz-cocktail.kr/uploads/cocktails/onz_cocktail_Grasshopper.webp","http://onz-cocktail.kr/uploads/glasses/onz_glasstype_coupe.webp","2026-01-12 17:55:00.515879","2026-01-12 17:55:00.515879","liqueur","18","2","5","0","0","1","5","0","0","0","0","0","0","4","0","0","3","4","0","0","0","0","0","0","3","0","0","0","0","4","2","3","0","up","dairy","verified","existing",""
"42","헤밍웨이 스페셜","Hemingway Special","보통","16","18","스페셜","럼","","쿠페","여름","화이트 럼 60ml (2 oz), 라임 주스 15ml (½ oz), 자몽 주스 40ml (1⅓ oz), 마라스키노 리큐르 15ml (½ oz)","","라임, 자몽, 상큼, 드라이","트로피컬, 해변","4","1. 셰이커에 얼음을 가득 채운다. / 2. 화이트 럼 60ml (2 oz), 라임 주스 15ml (½ oz), 자몽 주스 40ml (1⅓ oz), 마라스키노 리큐르 15ml (½ oz)를 넣는다. / 3. 15초간 강하게 흔든다. / 4. 미리 차갑게 식힌 쿠페 잔에 걸러 따른다.","AUTO","0","0","0","어니스트 헤밍웨이가 쿠바의 '엘 플로리디타' 바에서 즐겨 마시던 다이키리를 변형한 칵테일.
당뇨병이 있던 헤밍웨이는 설탕을 빼고, 대신 자몽 주스와 마라스키노 리큐르를 두 배로 넣어달라고 주문함.
이로 인해 '파파 도블레(Papa Doble)'라는 별명으로도 불리며, 일반 다이키리보다 더 드라이하고 쌉쌀한 맛이 특징.","http://onz-cocktail.kr/uploads/cocktails/onz_cocktail_Hemingway_Special.webp","http://onz-cocktail.kr/uploads/glasses/onz_glasstype_coupe.webp","2026-01-12 17:55:00.517065","2026-01-12 17:55:00.517065","rum|liqueur","17","2","2","4","0","3","1","0","5","0","1","0","0","0","0","0","0","0","0","0","0","0","2","0","0","0","2","0","0","3","3","4","0","up","","verified","existing",""
"43","아이리시 커피","Irish Coffee","보통","12","15","스탠다드","위스키","","아이리시 커피 글라스","겨울","아이리시 위스키 50ml (1⅔ oz), 뜨거운 블랙 커피 120ml (4 oz), 설탕 1 tsp, 차가운 생크림 50ml (1⅔ oz)","","커피, 위스키, 따뜻함, 크리미","겨울밤, 디저트","4","1. 셰이커에 아이리시 위스키 50ml (1⅔ oz), 뜨거운 블랙 커피 120ml (4 oz), 설탕 1 tsp, 차가운 생크림 50ml (1⅔ oz)를 넣는다. / 2. 얼음 없이 먼저 15초간 흔든다. / 3. 얼음을 채우고 15초간 강하게 흔든다. / 4. 아이리시 커피 글라스에 얼음을 채운다. 그 위에 걸러 따른다.","AUTO","0","0","0","1943년 아일랜드 포인스 공항의 요리사 조 셰리던(Joe Sheridan)이 궂은 날씨에 지친 승객들을 위해 처음 만듦.
승객 중 한 명이 ""이거 브라질 커피인가요?""라고 묻자 ""아니, 아이리시 커피입니다""라고 답한 것에서 이름이 유래.
추운 몸을 녹여주는 따뜻하고 달콤한 칵테일로, 전 세계적으로 사랑받는 커피 칵테일의 원조.","http://onz-cocktail.kr/uploads/cocktails/onz_cocktail_Irish_Coffee.webp","http://onz-cocktail.kr/uploads/glasses/onz_glasstype_irish_coffee_glass.webp","2026-01-12 17:55:00.518223","2026-01-12 17:55:00.518223","whiskey","13","1","3","0","2","2","4","0","0","0","0","0","0","0","0","0","5","3","2","0","0","0","0","0","3","0","0","3","0","4","4","1","0","hot","dairy|caffeine","verified","existing",""
"44","에스프레소 마티니","Espresso Martini","강함","24","27","스트롱","보드카","","마티니","사계절","보드카 50ml (1⅔ oz), 깔루아 30ml (1 oz), 에스프레소 1샷 30ml (1 oz), 설탕 시럽 10ml (⅓ oz)","","커피, 쌉싸름, 달콤, 에너지","식후, 각성, 세련된, 파티","4","1. 셰이커에 얼음을 가득 채운다. / 2. 보드카 50ml (1⅔ oz), 깔루아 30ml (1 oz), 에스프레소 1샷 30ml (1 oz), 설탕 시럽 10ml (⅓ oz)를 넣는다. / 3. 15초간 강하게 흔든다. / 4. 미리 차갑게 식힌 마티니 잔에 걸러 따른다.","AUTO","0","0","0","1983년 런던의 바텐더 딕 브래드셀(Dick Bradsell)이 한 유명 모델의 요청으로 만들었다.
그 모델은 ""나를 깨웠다가 망가뜨려 줄 무언가(Something to wake me up, then f**k me up)""를 주문했다고 함.
커피와 술을 동시에 즐길 수 있어 전 세계적으로 큰 인기를 얻은 현대 클래식.","http://onz-cocktail.kr/uploads/cocktails/onz_cocktail_Espresso_Martini.webp","http://onz-cocktail.kr/uploads/glasses/onz_glasstype_martini.webp","2026-01-12 17:55:00.519557","2026-01-12 17:55:00.519557","vodka|liqueur","25","3","3","2","3","3","4","0","0","0","0","0","0","0","0","0","5","0","0","0","0","0","0","0","3","2","0","0","0","4","5","2","0","up","caffeine","verified","existing",""
"45","페르난디토","Fernandito","보통","12","14","스페셜","리큐르","","하이볼","사계절","페르넷 브랑카 50ml (1⅔ oz), 콜라","","허브, 쌉쌀한, 콜라, 약초","아르헨티나, 식전, 현지, 독특한","3","1. 하이볼 잔에 얼음을 잔 끝까지 넣는다. / 2. 페르넷 브랑카 50ml (1⅔ oz)를 붓는다. / 3. 콜라를 잔 벽을 따라 천천히 채운다.","AUTO","0","0","0","아르헨티나의 국민 칵테일로, 특히 코르도바 지역에서 절대적인 사랑을 받고 있음.
페르넷 브랑카라는 이탈리아산 허브 리큐르와 콜라를 섞어 만드는 매우 간단한 칵테일.
강렬한 허브와 약초 향 때문에 호불호가 갈리지만, 아르헨티나의 문화를 대표하는 맛.","http://onz-cocktail.kr/uploads/cocktails/onz_cocktail_Fernandito.webp","http://onz-cocktail.kr/uploads/glasses/onz_glasstype_highball.webp","2026-01-12 17:55:00.521546","2026-01-12 17:55:00.521546","liqueur","13","1","3","0","4","1","2","0","0","0","0","0","4","0","0","2","0","0","0","0","2","0","0","0","0","2","0","0","0","1","1","4","0","long","caffeine","verified","existing",""
"46","진 바질 스매시","Gin Basil Smash","보통","15","18","스페셜","진","","록스","여름","진 60ml (2 oz), 레몬 주스 22.5ml (¾ oz), 설탕 시럽 22.5ml (¾ oz), 바질 잎 10장","","바질, 허브, 상큼, 프레시","트렌디, 여름","3","1. 록스 잔에 바질 잎 10장을 넣고 가볍게 으깬다. / 2. 진 60ml (2 oz), 레몬 주스 22.5ml (¾ oz), 설탕 시럽 22.5ml (¾ oz)를 넣는다. / 3. 록스 잔에 크고 단단한 얼음 한 덩이를 넣는다.","AUTO","0","0","1","2008년 독일 함부르크의 바텐더 외르크 마이어(Jörg Meyer)가 창작한 현대 클래식.
신선한 바질을 으깨 넣어 만드는 '스매시' 스타일의 칵테일로, 강렬한 바질 향이 특징.
만들어진 지 얼마 안 되었지만, 상쾌하고 독특한 맛으로 전 세계 바에서 빠르게 퍼져나감.","http://onz-cocktail.kr/uploads/cocktails/onz_cocktail_Gin_Basil_Smash.webp","http://onz-cocktail.kr/uploads/glasses/onz_glasstype_rocks.webp","2026-01-12 17:55:00.522798","2026-01-12 17:55:00.522798","gin","16","2","3","3","0","3","2","0","4","0","0","0","5","0","0","0","0","0","0","0","0","0","2","0","0","0","2","0","0","4","4","3","0","rocks","","verified","existing",""
"47","그랑 마가리타","Grand Margarita","강함","22","26","스트롱","테킬라","","마가리타","여름","데킬라 45ml (1½ oz), 그랑 마니에르 30ml (1 oz), 라임 주스 15ml (½ oz), 소금 림","","라임, 오렌지, 새콤달콤, 밸런스","고급, 세련된, 특별한 날","4","1. 셰이커에 얼음을 가득 채운다. / 2. 데킬라 45ml (1½ oz), 그랑 마니에르 30ml (1 oz), 라임 주스 15ml (½ oz), 소금 림을 넣는다. / 3. 15초간 강하게 흔든다. / 4. 미리 차갑게 식힌 마가리타 잔에 걸러 따른다.","AUTO","0","0","0","일반 마가리타의 트리플 섹 대신 고급 오렌지 리큐르인 '그랑 마니에르'를 사용한 버전.
코냑을 베이스로 하는 그랑 마니에르가 더해져 훨씬 더 깊고 풍부한 오렌지 풍미를 냄.
일반 마가리타보다 한 단계 격상된, 더욱 고급스럽고 세련된 맛을 즐길 수 있음.","http://onz-cocktail.kr/uploads/cocktails/onz_cocktail_Grand_Margarita.webp","http://onz-cocktail.kr/uploads/glasses/onz_glasstype_margarita.webp","2026-01-12 17:55:00.52423","2026-01-12 17:55:00.52423","tequila|liqueur","24","2","4","3","0","3","3","0","5","0","0","0","0","0","0","0","0","0","2","0","0","0","0","0","0","2","0","0","0","4","3","3","0","up","","verified","existing",""
"48","올드 쿠반","Old Cuban","보통","16","18","스페셜","럼","","쿠페","사계절","숙성 럼 45ml (1½ oz), 라임 주스 22.5ml (¾ oz), 설탕 시럽 30ml (1 oz), 민트 잎 6-8개, 앙고스투라 비터 2 dashes, 스파클링 와인","","민트, 스파클링, 상큼, 허브","세련된, 축하, 고급, 파티","4","1. 쿠페 잔에 민트 잎 6-8개를 넣고 가볍게 으깬다. / 2. 숙성 럼 45ml (1½ oz), 라임 주스 22.5ml (¾ oz), 설탕 시럽 30ml (1 oz), 앙고스투라 비터 2 dashes를 넣는다. / 3. 쿠페 잔에 얼음을 채운다. / 4. 스파클링 와인로 채우고 한 번만 가볍게 젓는다.","AUTO","0","0","0","2000년대 초반 뉴욕의 전설적인 바텐더 오드리 손더스(Audrey Saunders)가 창작한 현대 클래식.
모히토를 고급스럽게 재해석한 칵테일로, 탄산수 대신 샴페인이나 스파클링 와인을 사용.
숙성 럼과 비터스가 더해져 모히토보다 더 깊고 복합적인 풍미를 지님.","http://onz-cocktail.kr/uploads/cocktails/onz_cocktail_Old_Cuban.webp","http://onz-cocktail.kr/uploads/glasses/onz_glasstype_coupe.webp","2026-01-12 17:55:00.525565","2026-01-12 17:55:00.525565","rum|sparkling","17","2","3","3","0","2","2","4","3","0","0","0","0","4","0","0","0","0","2","0","0","0","2","0","0","3","0","0","0","4","3","4","0","up","","verified","existing",""
"49","폰스타 마티니","Porn Star Martini","보통","16","18","스탠다드","보드카","","칵테일 글라스","사계절","바닐라 보드카 50ml (1⅔ oz), 패션후르츠 리큐르 20ml (⅔ oz), 패션후르츠 퓌레 50ml (1⅔ oz), 바닐라 설탕 2 tsp, 샴페인 50ml (1⅔ oz)","","패션후르츠, 바닐라, 달콤, 트로피컬","파티, 달콤한, 현대적인, 화려한","3","1. 칵테일 글라스에 얼음을 채운다. / 2. 바닐라 보드카 50ml (1⅔ oz), 패션후르츠 리큐르 20ml (⅔ oz), 패션후르츠 퓌레 50ml (1⅔ oz), 바닐라 설탕 2 tsp를 붓는다. / 3. 샴페인 50ml (1⅔ oz)를 잔 벽을 따라 천천히 채운다.","AUTO","0","0","0","2002년 런던의 바텐더 더글라스 앙크라(Douglas Ankrah)가 만든 현대 칵테일의 아이콘.
도발적인 이름은 칵테일의 대담하고 매혹적인 맛을 표현하기 위한 것으로, 현재는 '패션프루트 마티니'로도 불림.
칵테일과 함께 스파클링 와인 샷을 따로 제공하여, 마시기 전에 입안을 정리하거나 칵테일에 섞어 마시도록 함.","http://onz-cocktail.kr/uploads/cocktails/onz_cocktail_Porn_Star_Martini.webp","http://onz-cocktail.kr/uploads/glasses/onz_glasstype_coupe.webp","2026-01-12 17:55:00.527119","2026-01-12 17:55:00.527119","vodka|liqueur|sparkling","17","2","4","3","0","2","2","1","0","5","0","0","0","0","0","0","0","2","0","0","0","0","0","0","2","3","0","0","0","5","5","1","0","up","","verified","existing",""
"50","러시안 스프링 펀치","Russian Spring Punch","보통","15","17","스탠다드","보드카","","하이볼","봄","보드카 25ml (⅚ oz), 크렘 드 카시스 15ml (½ oz), 레몬 주스 25ml (⅚ oz), 설탕 시럽 10ml (⅓ oz), 스파클링 와인 60ml (2 oz)","","베리, 상큼, 스파클링, 달콤","파티, 밤","3","1. 하이볼 잔에 얼음을 잔 끝까지 넣는다. / 2. 보드카 25ml (⅚ oz), 크렘 드 카시스 15ml (½ oz), 레몬 주스 25ml (⅚ oz), 설탕 시럽 10ml (⅓ oz)를 붓는다. / 3. 스파클링 와인 60ml (2 oz)를 잔 벽을 따라 천천히 채운다.","AUTO","0","0","1","1980년대 런던의 딕 브래드셀(Dick Bradsell)이 친구의 파티를 위해 즉석에서 만든 칵테일.
보드카, 레몬, 카시스, 설탕을 쉐이킹한 후 스파클링 와인을 채워 만드는 간단하면서도 상쾌한 펀치 스타일.
'봄의 펀치'라는 이름처럼 화사하고 상큼한 맛으로 봄에 잘 어울리는 칵테일.","http://onz-cocktail.kr/uploads/cocktails/onz_cocktail_Russian_Spring_Punch.webp","http://onz-cocktail.kr/uploads/glasses/onz_glasstype_highball.webp","2026-01-12 17:55:00.52835","2026-01-12 17:55:00.52835","vodka|liqueur|sparkling","16","2","4","4","0","1","2","4","3","0","4","0","0","0","0","0","0","0","0","0","0","0","0","0","0","3","0","0","2","4","3","3","0","long","","verified","existing",""
"51","사우스 사이드","South Side","보통","14","16","스페셜","진","","쿠페","여름","진 60ml (2 oz), 라임 주스 30ml (1 oz), 설탕 시럽 15ml (½ oz), 민트 잎 5-6개","","민트, 상큼, 허브, 밸런스, 드라이","여름밤, 칵테일 타임","3","1. 쿠페 잔에 민트 잎 5-6개를 넣고 가볍게 으깬다. / 2. 진 60ml (2 oz), 라임 주스 30ml (1 oz), 설탕 시럽 15ml (½ oz)를 넣는다. / 3. 쿠페 잔에 얼음을 채운다.","AUTO","0","0","0","금주법 시대 시카고의 악명 높은 갱스터 알 카포네의 구역이었던 '사우스 사이드'에서 유래.
당시 밀주 진의 거친 맛을 가리기 위해 민트와 라임, 설탕을 넣어 만들었다고 함.
진 버전의 모히토라고도 불리지만, 탄산수가 들어가지 않아 더 깔끔하고 드라이한 맛이 특징.","http://onz-cocktail.kr/uploads/cocktails/onz_cocktail_South_Side.webp","http://onz-cocktail.kr/uploads/glasses/onz_glasstype_coupe.webp","2026-01-12 17:55:00.52977","2026-01-12 17:55:00.52977","gin","15","2","3","4","0","2","2","0","4","0","0","0","0","5","0","0","0","0","0","0","0","0","2","0","0","0","3","0","0","4","3","3","0","up","","verified","existing",""
"52","스파이시 피프티","Spicy Fifty","보통","22","25","스페셜","보드카","","쿠페","여름","바닐라 보드카 50ml (1⅔ oz), 엘더플라워 코디얼 15ml (½ oz), 꿀 시럽 10ml (⅓ oz), 라임 주스 15ml (½ oz),<br>레드 칠리","","꿀, 바닐라, 칠리, 스파이시","독특한, 현대적인, 세련된","4","1. 셰이커에 얼음을 가득 채운다. / 2. 바닐라 보드카 50ml (1⅔ oz), 엘더플라워 코디얼 15ml (½ oz), 꿀 시럽 10ml (⅓ oz), 라임 주스 15ml (½ oz), 레드 칠리를 넣는다. / 3. 15초간 강하게 흔든다. / 4. 미리 차갑게 식힌 쿠페 잔에 걸러 따른다.","AUTO","0","0","0","2005년 런던의 바텐더 살바토레 칼라브레제(Salvatore Calabrese)가 창작한 칵테일.
꿀과 엘더플라워의 달콤함과 칠리의 매콤함이 만나 독특한 '맵단'의 조화를 이룸.
'피프티'는 그가 운영하던 바의 이름으로, 현대 칵테일의 창의성을 보여주는 대표작.","http://onz-cocktail.kr/uploads/cocktails/onz_cocktail_Spicy_Fifty.webp","http://onz-cocktail.kr/uploads/glasses/onz_glasstype_coupe.webp","2026-01-12 17:55:00.531095","2026-01-12 17:55:00.531095","vodka|liqueur","23","2","4","3","0","3","2","0","3","0","0","0","0","0","3","4","0","0","0","0","0","0","0","0","0","2","0","0","0","3","2","4","0","up","","verified","existing",""
"53","토미스 마가리타","Tommy’s Margarita","보통","18","20","스탠다드","테킬라","","록스","여름","테킬라 60ml (2 oz), 라임 주스 30ml (1 oz), 아가베 시럽 30ml (1 oz)","","라임, 아가베, 밸런스, 프레시","현대적인, 깔끔한, 멕시코, 여름","4","1. 셰이커에 얼음을 가득 채운다. / 2. 테킬라 60ml (2 oz), 라임 주스 30ml (1 oz), 아가베 시럽 30ml (1 oz)를 넣는다. / 3. 15초간 강하게 흔든다. / 4. 록스 잔에 크고 단단한 얼음 한 덩이를 넣는다. 그 위에 걸러 따른다.","AUTO","0","0","1","1990년 샌프란시스코의 멕시칸 레스토랑 '토미스'의 훌리오 베르메호(Julio Bermejo)가 창작.
전통적인 마가리타의 오렌지 리큐르(트리플 섹) 대신 아가베 시럽을 사용하여 테킬라 본연의 맛을 강조.
더 깔끔하고 순수한 맛으로 현대 클래식으로 인정받으며, 전 세계 바에서 큰 인기를 얻고 있음.","http://onz-cocktail.kr/uploads/cocktails/onz_cocktail_Tommys_Margarita.webp","http://onz-cocktail.kr/uploads/glasses/onz_glasstype_rocks.webp","2026-01-12 17:55:00.532521","2026-01-12 17:55:00.532521","tequila","19","2","3","4","0","3","2","0","5","0","0","0","0","0","0","0","0","0","0","0","0","0","0","0","0","2","2","0","0","4","3","3","0","rocks","","verified","existing",""
"54","브램블","Bramble","보통","15","18","스탠다드","진","","록스","봄","진 50ml (1⅔ oz), 레몬 주스 25ml (⅘ oz), 설탕 시럽 12.5ml (⅖ oz), 크렘 드 뮈르 15ml (½ oz)","","블랙베리, 상큼, 달콤, 프루티","봄, 칵테일 타임","4","1. 셰이커에 얼음을 가득 채운다. / 2. 진 50ml (1⅔ oz), 레몬 주스 25ml (⅘ oz), 설탕 시럽 12.5ml (⅖ oz), 크렘 드 뮈르 15ml (½ oz)를 넣는다. / 3. 15초간 강하게 흔든다. / 4. 록스 잔에 크고 단단한 얼음 한 덩이를 넣는다. 그 위에 걸러 따른다.","AUTO","1","0","2","1980년대 런던의 바텐더 딕 브래드셀(Dick Bradsell)이 어린 시절 블랙베리를 따던 기억에서 영감을 얻어 창작.
'가시나무 덤불'이라는 뜻의 이름처럼 으깬 얼음 위에 블랙베리 리큐르를 뿌려 덤불 같은 모양을 냄.
현대 클래식 칵테일의 대표주자로, 진의 상쾌함과 블랙베리의 달콤함이 완벽한 조화를 이룸.","http://onz-cocktail.kr/uploads/cocktails/onz_cocktail_Bramble.webp","http://onz-cocktail.kr/uploads/glasses/onz_glasstype_rocks.webp","2026-01-12 17:55:00.533799","2026-01-12 17:55:00.533799","gin|liqueur","16","2","3","4","0","2","2","0","3","0","5","0","0","0","0","0","0","0","0","0","0","0","0","0","0","2","2","0","0","4","3","3","0","rocks","","verified","existing",""
"55","스팅어","Stinger","강함","30","32","스트롱","진","","쿠페","겨울","코냑 50ml (1⅔ oz),<br>화이트 크렘 드 민트 20ml (⅔ oz)","","민트, 상쾌한, 달콤, 강한","식후, 클래식, 상쾌한, 깔끔한","3","1. 믹싱 글라스에 얼음을 채우고 코냑 50ml (1⅔ oz), 화이트 크렘 드 민트 20ml (⅔ oz)를 넣는다. / 2. 20~30초간 충분히 젓는다. / 3. 미리 차갑게 식힌 쿠페 잔에 걸러 따른다.","AUTO","0","0","0","19세기 후반 미국에서 탄생한 것으로 추정되며, 상류층 사이에서 식후주로 큰 인기를 끌었음.
'찌르는 것'이라는 이름처럼 민트의 시원하고 강렬한 향이 특징.
단 두 가지 재료만으로 만드는 심플한 칵테일이지만, 코냑의 깊은 풍미와 민트의 상쾌함이 절묘하게 어우러짐.","http://onz-cocktail.kr/uploads/cocktails/onz_cocktail_Stinger.webp","http://onz-cocktail.kr/uploads/glasses/onz_glasstype_coupe.webp","2026-01-12 17:55:00.53515","2026-01-12 17:55:00.53515","brandy|liqueur","31","3","4","0","2","4","4","0","0","0","0","0","0","4","0","0","0","0","3","0","0","0","0","0","3","0","0","2","0","2","2","4","0","up","","verified","existing",""
"56","엔젤 페이스","Angel Face","강함","25","28","스트롱","진","","쿠페","가을","진 30ml (1 oz), 애프리콧 브랜디 30ml (1 oz), 칼바도스 30ml (1 oz)","","애플, 드라이, 허브, 플로럴","차분한, 세련된, 특별한 날","3","1. 믹싱 글라스에 얼음을 채우고 진 30ml (1 oz), 애프리콧 브랜디 30ml (1 oz), 칼바도스 30ml (1 oz)를 넣는다. / 2. 20~30초간 충분히 젓는다. / 3. 미리 차갑게 식힌 쿠페 잔에 걸러 따른다.","AUTO","0","0","0","1920년대 금주법 시대에 활동했던 전설적인 바텐더 해리 크래독(Harry Craddock)이 저술한 '사보이 칵테일 북'에 처음 등장.
천사의 얼굴처럼 부드럽고 달콤해 보이지만, 실제로는 도수가 매우 높은 반전 매력을 가진 칵테일.
진, 살구 브랜디, 칼바도스의 세 가지 재료가 동일한 비율로 사용되어 완벽한 균형감을 자랑함.","http://onz-cocktail.kr/uploads/cocktails/onz_cocktail_Angel_Face.webp","http://onz-cocktail.kr/uploads/glasses/onz_glasstype_coupe.webp","2026-01-12 17:55:00.5364","2026-01-12 17:55:00.5364","gin|liqueur|brandy","26","3","3","0","1","4","2","0","0","0","0","4","0","0","0","0","0","0","2","0","0","0","2","0","0","0","0","1","0","2","1","4","0","up","","verified","existing",""
"57","네이키드 앤 페이머스","Naked and Famous","강함","28","30","스트롱","메즈칼","","쿠페","가을","메즈칼 22.5ml (¾ oz), 아페롤 22.5ml (¾ oz), 옐로우 샤르트뢰즈 22.5ml (¾ oz), 라임 주스 22.5ml (¾ oz)","","스모키, 쌉쌀달콤, 허브, 시트러스","독특한, 현대적인, 세련된","4","1. 셰이커에 얼음을 가득 채운다. / 2. 메즈칼 22.5ml (¾ oz), 아페롤 22.5ml (¾ oz), 옐로우 샤르트뢰즈 22.5ml (¾ oz), 라임 주스 22.5ml (¾ oz)를 넣는다. / 3. 15초간 강하게 흔든다. / 4. 미리 차갑게 식힌 쿠페 잔에 걸러 따른다.","AUTO","0","1","3","2011년 뉴욕의 바텐더 호아킨 시모(Joaquín Simó)가 만든 현대 클래식. 
라스트 워드의 변형으로, 진 대신 메스칼을, 그린 샤르트뢰즈 대신 옐로우 샤르트뢰즈를, 마라스키노 대신 아페롤을 사용. 
네 가지 재료의 동일 비율 조합으로, 스모키함과 허브, 쌉쌀달콤함이 완벽한 균형을 이룸.","http://onz-cocktail.kr/uploads/cocktails/onz_cocktail_Naked_and_Famous.webp","http://onz-cocktail.kr/uploads/glasses/onz_glasstype_coupe.webp","2026-01-12 17:55:00.53758","2026-01-12 17:55:00.53758","mezcal|liqueur","29","3","3","3","1","3","3","0","3","0","0","0","3","0","0","0","0","0","0","3","0","0","1","0","0","0","0","2","0","2","2","5","0","up","","verified","existing",""
"58","뉴욕 사워","New York Sour","보통","15","18","스탠다드","위스키","","록스","가을","라이 또는 버번 위스키 60ml (2 oz), 레몬 주스 30ml (1 oz), 설탕 시럽 22.5ml (¾ oz), 레드 와인 15ml (½ oz), 달걀 흰자 몇 방울, 오렌지 제스트, 체리","","레드와인, 레몬, 새콤달콤, 시각적","클래식, 세련된, 가을, 아름다운","5","1. 셰이커에 라이 또는 버번 위스키 60ml (2 oz), 레몬 주스 30ml (1 oz), 설탕 시럽 22.5ml (¾ oz), 레드 와인 15ml (½ oz), 달걀 흰자 몇 방울을 넣는다. / 2. 얼음 없이 먼저 15초간 흔든다. / 3. 얼음을 채우고 15초간 강하게 흔든다. / 4. 록스 잔에 크고 단단한 얼음 한 덩이를 넣는다. 그 위에 걸러 따른다. / 5. 오렌지 제스트, 체리로 장식한다.","AUTO","0","0","0","1880년대 시카고에서 처음 만들어졌으나, 뉴욕에서 큰 인기를 끌면서 현재의 이름으로 굳어짐. 
기본적인 위스키 사워 위에 레드 와인을 살짝 띄워(플로팅) 만드는 것이 특징. 
시각적으로 아름다울 뿐만 아니라, 와인의 타닌과 과일 향이 더해져 더 복합적인 맛을 냄.","http://onz-cocktail.kr/uploads/cocktails/onz_cocktail_New_York_Sour.webp","http://onz-cocktail.kr/uploads/glasses/onz_glasstype_rocks.webp","2026-01-12 17:55:00.538921","2026-01-12 17:55:00.538921","whiskey|wine","16","2","3","4","0","2","3","0","3","0","2","0","0","0","0","0","0","0","3","0","0","0","0","2","0","0","0","2","0","4","3","3","0","rocks","","verified","existing",""
"59","애비에이션","Aviation","강함","28","30","클래식","진","","쿠페","봄","진 45ml (1½ oz), 마라스키노 리큐르 15ml (½ oz), 레몬 주스 15ml (½ oz), 크렘 드 바이올렛 1 tsp","","꽃향기, 새콤달콤, 드라이, 시트러스","세련된, 클래식, 개성있는","4","1. 셰이커에 얼음을 가득 채운다. / 2. 진 45ml (1½ oz), 마라스키노 리큐르 15ml (½ oz), 레몬 주스 15ml (½ oz), 크렘 드 바이올렛 1 tsp를 넣는다. / 3. 15초간 강하게 흔든다. / 4. 미리 차갑게 식힌 쿠페 잔에 걸러 따른다.","AUTO","0","0","0","20세기 초반 뉴욕 월도프-아스토리아 호텔의 바텐더 휴고 엔슬린(Hugo Ensslin)이 1916년에 창작. '비행'이라는 이름처럼, 크렘 드 바이올렛 리큐르가 만들어내는 옅은 하늘색이 특징. 한때 크렘 드 바이올렛의 단종으로 잊혔다가, 리큐르가 재생산되면서 2000년대에 화려하게 부활한 클래식 칵테일.","http://onz-cocktail.kr/uploads/cocktails/onz_cocktail_Aviation.webp","http://onz-cocktail.kr/uploads/glasses/onz_glasstype_coupe.webp","2026-01-12 17:55:00.540324","2026-01-12 17:55:00.540324","gin|liqueur","29","3","2","4","0","4","2","0","3","0","1","0","0","0","4","0","0","0","0","0","0","0","3","0","0","0","0","0","0","2","3","4","0","up","","verified","existing",""
"60","비트윈 더 시츠","Between the Sheets","강함","28","32","스트롱","브랜디","","쿠페","사계절","코냑 30ml (1 oz), 화이트 럼 30ml (1 oz), 트리플 섹 30ml (1 oz), 레몬 주스 20ml (⅔ oz)","","시트러스, 강한, 새콤달콤, 과일향","은밀한, 로맨틱, 강렬한","4","1. 셰이커에 얼음을 가득 채운다. / 2. 코냑 30ml (1 oz), 화이트 럼 30ml (1 oz), 트리플 섹 30ml (1 oz), 레몬 주스 20ml (⅔ oz)를 넣는다. / 3. 15초간 강하게 흔든다. / 4. 미리 차갑게 식힌 쿠페 잔에 걸러 따른다.","AUTO","0","0","0","1920년대 파리의 해리스 뉴욕 바(Harry's New York Bar)의 해리 맥켈혼(Harry MacElhone)이 만들었다는 설이 유력함. '침대 시트 사이에서'라는 도발적인 이름 때문에 밀회나 은밀한 만남을 위한 칵테일로 알려짐. 클래식 칵테일 '사이드카'의 변형으로, 럼을 추가하여 더 복합적이고 강렬한 맛을 낸 것이 특징.","http://onz-cocktail.kr/uploads/cocktails/onz_cocktail_Between_the_Sheets.webp","http://onz-cocktail.kr/uploads/glasses/onz_glasstype_coupe.webp","2026-01-12 17:55:00.54152","2026-01-12 17:55:00.54152","brandy|rum|liqueur","30","3","3","3","0","4","2","0","4","0","0","0","0","0","0","0","0","0","2","0","0","0","0","0","0","0","0","2","0","3","2","3","0","up","","verified","existing",""
"61","불바디에","Boulevardier","강함","28","30","클래식","위스키","","쿠페","가을","버번 또는 라이 위스키 45ml (1½ oz), 스위트 베르 30ml (1 oz), 캄파리 30ml (1 oz), 오렌지 필","","쌉쌀달콤, 스파이시, 오렌지, 강한","깊은 대화, 클래식 바, 차분한","5","1. 셰이커에 얼음을 가득 채운다. / 2. 버번 또는 라이 위스키 45ml (1½ oz), 스위트 베르 30ml (1 oz), 캄파리 30ml (1 oz)를 넣는다. / 3. 15초간 강하게 흔든다. / 4. 미리 차갑게 식힌 쿠페 잔에 걸러 따른다. / 5. 오렌지 필로 장식한다.","AUTO","0","0","0","1920년대 파리에서 활동하던 미국인 작가 어스킨 그윈(Erskine Gwynne)이 창작한 칵테일. 그가 발행하던 잡지 '불바디에'의 이름을 따서 명명되었으며, 이는 '대로를 산책하는 멋쟁이'라는 뜻. 네그로니의 베이스를 진에서 위스키로 바꾼 변형으로, 더 묵직하고 따뜻한 풍미를 지님.","http://onz-cocktail.kr/uploads/cocktails/onz_cocktail_Boulevardier.webp","http://onz-cocktail.kr/uploads/glasses/onz_glasstype_coupe.webp","2026-01-12 17:55:00.543015","2026-01-12 17:55:00.543015","whiskey|liqueur|fortified","29","3","2","1","4","4","4","0","1","0","0","0","3","0","0","0","0","0","4","0","0","0","2","0","0","0","0","3","0","1","3","4","0","rocks","","verified","existing",""
"62","브랜디 크러스타","Brandy Crusta","강함","26","29","스트롱","브랜디","","쿠페","사계절","브랜디 52.5ml (1¾ oz), 마라스키노 리큐르 7.5ml (¼ oz), 큐라소 1 tsp, 레몬 주스 15ml (½ oz), 설탕 시럽 1 tsp, 아로마 비터스 2 dashes","","시트러스, 상큼함, 설탕, 강한","클래식, 특별한 날, 화려한","4","1. 셰이커에 얼음을 가득 채운다. / 2. 브랜디 52.5ml (1¾ oz), 마라스키노 리큐르 7.5ml (¼ oz), 큐라소 1 tsp, 레몬 주스 15ml (½ oz), 설탕 시럽 1 tsp, 아로마 비터스 2 dashes를 넣는다. / 3. 15초간 강하게 흔든다. / 4. 미리 차갑게 식힌 쿠페 잔에 걸러 따른다.","AUTO","0","0","0","1850년대 미국 뉴올리언스의 바텐더 조셉 산티니(Joseph Santini)가 만든 매우 오래된 칵테일. 잔 테두리에 설탕을 묻히는 '리밍(Rimming)' 기법을 대중화시킨 최초의 칵테일 중 하나로 여겨짐. 이름의 '크러스타'는 빵 껍질처럼 잔 테두리를 장식한 설탕을 의미하며, 마티니의 전신으로도 평가받음.","http://onz-cocktail.kr/uploads/cocktails/onz_cocktail_Brandy_Crusta.webp","http://onz-cocktail.kr/uploads/glasses/onz_glasstype_coupe.webp","2026-01-12 17:55:00.544362","2026-01-12 17:55:00.544362","brandy|liqueur","27","3","3","3","0","4","3","0","4","0","0","0","0","0","0","0","0","0","3","0","0","0","2","0","0","0","0","2","0","2","1","4","0","up","","verified","existing",""
"63","클로버 클럽","Clover Club","보통","16","18","스탠다드","진","","쿠페","봄","진 45ml (1½ oz), 라즈베리 시럽 15ml (½ oz), 레몬 주스 15ml (½ oz), 계란 흰자 몇 방울","","새콤달콤, 라즈베리, 부드러운, 크리미","사교 모임, 세련된, 부드러운","4","1. 셰이커에 진 45ml (1½ oz), 라즈베리 시럽 15ml (½ oz), 레몬 주스 15ml (½ oz), 계란 흰자 몇 방울을 넣는다. / 2. 얼음 없이 먼저 15초간 흔든다. / 3. 얼음을 채우고 15초간 강하게 흔든다. / 4. 미리 차갑게 식힌 쿠페 잔에 걸러 따른다.","AUTO","0","0","0","19세기 말 필라델피아의 동명 신사 클럽 '클로버 클럽'에서 탄생한 칵테일. 금주법 시대 이전부터 존재했던 유서 깊은 칵테일로, 한때 잊혔다가 칵테일 르네상스 시대에 부활. 계란 흰자가 들어가 부드러운 거품과 질감을 만들어내는 것이 특징이며, 분홍색이 아름다움.","http://onz-cocktail.kr/uploads/cocktails/onz_cocktail_Clover_Club.webp","http://onz-cocktail.kr/uploads/glasses/onz_glasstype_coupe.webp","2026-01-12 17:55:00.545686","2026-01-12 17:55:00.545686","gin","17","2","3","4","0","1","3","0","3","0","4","0","0","0","0","0","0","0","0","0","0","0","2","0","0","2","0","0","0","4","2","3","0","up","egg","verified","existing",""
"64","드라이 마티니","Dry Martini","강함","29","32","스트롱","진","","마티니","사계절","진 60ml (2 oz), 드라이 베르무트ml (⅓ oz)","","드라이, 깔끔한, 강한, 클래식","세련된, 도시적인, 식전, 지적인","3","1. 믹싱 글라스에 얼음을 채우고 진 60ml (2 oz), 드라이 베르무트ml (⅓ oz)를 넣는다. / 2. 20~30초간 충분히 젓는다. / 3. 미리 차갑게 식힌 마티니 잔에 걸러 따른다.","AUTO","0","0","0","19세기 후반 미국에서 탄생했으나 정확한 기원은 불분명하며 여러 설이 존재함. 초기에는 스위트 베르무트를 사용했으나, 점차 드라이 베르무트의 비율이 높아지면서 현재의 형태로 발전. '칵테일의 왕'이라 불리며, 제임스 본드의 ""젓지 말고 흔들어서(Shaken, not stirred)""라는 대사로 세계적인 아이콘이 됨.","http://onz-cocktail.kr/uploads/cocktails/onz_cocktail_Dry_Martini.webp","http://onz-cocktail.kr/uploads/glasses/onz_glasstype_martini.webp","2026-01-12 17:55:00.547154","2026-01-12 17:55:00.547154","gin|fortified","30","3","0","0","3","5","2","0","0","0","0","0","4","0","0","0","0","0","0","0","0","0","3","0","0","0","0","0","0","1","5","5","0","up","","verified","existing",""
"65","행키팽키","Hanky Panky","강함","28","30","스트롱","진","","쿠페","가을","런던 드라이 진 45ml (1½ oz), 스위트 베르무트 45ml (1½ oz), 페르넷 브랑카 7.5ml (¼ oz)","","허브향, 쌉쌀달콤, 복합적인, 강한","클래식, 독특한, 깊은 맛","3","1. 믹싱 글라스에 얼음을 채우고 런던 드라이 진 45ml (1½ oz), 스위트 베르무트 45ml (1½ oz), 페르넷 브랑카 7.5ml (¼ oz)를 넣는다. / 2. 20~30초간 충분히 젓는다. / 3. 미리 차갑게 식힌 쿠페 잔에 걸러 따른다.","AUTO","0","0","0","1920년대 런던 사보이 호텔의 아메리칸 바 수석 바텐더였던 에이다 콜먼(Ada Coleman)이 창작. 유명 배우 찰스 호트리 경이 ""이거 정말 끝내주네!(This is the real hanky-panky!)""라고 외친 것에서 이름이 유래. 허브 리큐르인 페르넷 브랑카가 소량 들어가 특유의 화하고 쌉쌀한 풍미를 더하는 것이 특징.","http://onz-cocktail.kr/uploads/cocktails/onz_cocktail_Hanky_Panky.webp","http://onz-cocktail.kr/uploads/glasses/onz_glasstype_coupe.webp","2026-01-12 17:55:00.548494","2026-01-12 17:55:00.548494","gin|fortified|liqueur","29","3","2","1","4","4","4","0","0","0","0","0","4","0","0","0","0","0","0","0","1","0","2","0","0","0","0","2","0","1","1","4","0","up","","verified","existing",""
"66","라스트 워드","The Last Word","강함","28","30","스트롱","진","","쿠페","사계절","진 22.5ml (¾ oz), 그린 샤르트뢰즈 22.5ml (¾ oz), 마라스키노 리큐르 22.5ml (¾ oz), 라임 주스 22.5ml (¾ oz)","","허브, 새콤달콤, 복합적인, 라임","독특한, 개성있는, 깊은 대화","4","1. 셰이커에 얼음을 가득 채운다. / 2. 진 22.5ml (¾ oz), 그린 샤르트뢰즈 22.5ml (¾ oz), 마라스키노 리큐르 22.5ml (¾ oz), 라임 주스 22.5ml (¾ oz)를 넣는다. / 3. 15초간 강하게 흔든다. / 4. 미리 차갑게 식힌 쿠페 잔에 걸러 따른다.","AUTO","0","0","0","1915년경 디트로이트 애슬레틱 클럽에서 처음 만들어졌으며, 금주법 시대에 잠시 인기를 끌었음. 오랫동안 잊혔다가 2004년 시애틀의 바텐더 머레이 스텐슨(Murray Stenson)에 의해 재발견되어 세계적으로 부활. 네 가지 재료가 동일한 비율로 들어가 만들어내는 완벽한 균형감과 복합적인 맛이 특징.","http://onz-cocktail.kr/uploads/cocktails/onz_cocktail_The_Last_Word.webp","http://onz-cocktail.kr/uploads/glasses/onz_glasstype_coupe.webp","2026-01-12 17:55:00.54984","2026-01-12 17:55:00.54984","gin|liqueur","29","3","2","4","0","4","3","0","3","0","0","0","5","0","0","0","0","0","0","0","0","0","2","0","0","0","0","2","0","2","3","5","0","up","","verified","existing",""
"67","맨해튼","Manhattan","강함","29","32","클래식","위스키","","마티니","가을","라이 또는 캐나디안 위스키 50ml (1⅔ oz), 스위트 베르무트 20ml (⅔ oz), 앙고스투라 비터스 1 dash","","스위트, 쌉쌀한, 스파이시, 체리","클래식, 도시적인, 중후한, 식후","3","1. 믹싱 글라스에 얼음을 채우고 라이 또는 캐나디안 위스키 50ml (1⅔ oz), 스위트 베르무트 20ml (⅔ oz), 앙고스투라 비터스 1 dash를 넣는다. / 2. 20~30초간 충분히 젓는다. / 3. 미리 차갑게 식힌 마티니 잔에 걸러 따른다.","AUTO","0","0","1","1870년대 뉴욕의 맨해튼 클럽에서 윈스턴 처칠의 어머니를 위한 파티에서 탄생했다는 유명한 일화가 있음. 하지만 이 일화는 시기적으로 맞지 않아, 실제로는 1860년대 뉴욕의 한 바에서 만들어졌다는 설이 더 신빙성 있음. '칵테일의 여왕'이라 불리며, 마티니, 올드 패션드와 함께 칵테일의 역사를 상징하는 클래식.","http://onz-cocktail.kr/uploads/cocktails/onz_cocktail_Manhattan.webp","http://onz-cocktail.kr/uploads/glasses/onz_glasstype_martini.webp","2026-01-12 17:55:00.551101","2026-01-12 17:55:00.551101","whiskey|fortified","30","3","2","0","2","5","4","0","0","0","0","0","2","0","0","1","0","0","5","0","0","0","2","0","0","0","0","3","0","2","5","4","0","up","","verified","existing",""
"68","마르티네스","Martinez","강함","28","30","스트롱","진","","쿠페","사계절","런던 드라이 진 45ml (1½ oz), 스위트 베르무트 45ml (1½ oz), 마라스키노 리큐르 1 tsp, 앙고스투라 비터스 2 dashes","","스위트, 복합적인, 허브, 체리","클래식, 깊은 맛, 전환기","3","1. 믹싱 글라스에 얼음을 채우고 런던 드라이 진 45ml (1½ oz), 스위트 베르무트 45ml (1½ oz), 마라스키노 리큐르 1 tsp, 앙고스투라 비터스 2 dashes를 넣는다. / 2. 20~30초간 충분히 젓는다. / 3. 미리 차갑게 식힌 쿠페 잔에 걸러 따른다.","AUTO","0","0","0","마티니의 직접적인 조상으로 여겨지는 칵테일로, 1880년대에 처음 문헌에 등장함. 캘리포니아의 도시 마르티네즈에서 한 여행객이 마티니를 주문하며 탄생했다는 설이 있음. 초기 진 칵테일의 특징인 올드 톰 진과 스위트 베르무트를 사용하여 마티니보다 더 달콤하고 풍부한 맛을 냄.","http://onz-cocktail.kr/uploads/cocktails/onz_cocktail_Martinez.webp","http://onz-cocktail.kr/uploads/glasses/onz_glasstype_coupe.webp","2026-01-12 17:55:00.552419","2026-01-12 17:55:00.552419","gin|fortified|liqueur","29","3","3","0","2","4","3","0","0","0","1","0","3","0","0","0","0","0","2","0","0","0","2","0","0","0","0","2","0","2","2","4","0","up","","verified","existing",""
"69","몽키 글랜드","Monkey Gland","강함","26","28","스트롱","진","","쿠페","사계절","진 45ml (1½ oz), 오렌지 주스 45ml (1½ oz), 압생트 1 tbsp, 그레나딘 시럽 1 tbsp","","오렌지, 아니스, 새콤, 독특한","개성있는, 독특한, 모험적인","4","1. 셰이커에 얼음을 가득 채운다. / 2. 진 45ml (1½ oz), 오렌지 주스 45ml (1½ oz), 압생트 1 tbsp, 그레나딘 시럽 1 tbsp를 넣는다. / 3. 15초간 강하게 흔든다. / 4. 미리 차갑게 식힌 쿠페 잔에 걸러 따른다.","AUTO","0","0","0","1920년대 파리 해리스 뉴욕 바의 해리 맥켈혼이 창작한 칵테일. 이름은 당시 유행했던 '원숭이 고환 이식 수술'이라는 기상천외한 회춘 시술에서 유래. 압생트가 소량 들어가 아니스의 독특한 향을 더하며, 이름만큼이나 독특하고 강렬한 인상을 줌.","http://onz-cocktail.kr/uploads/cocktails/onz_cocktail_Monkey_Gland.webp","http://onz-cocktail.kr/uploads/glasses/onz_glasstype_coupe.webp","2026-01-12 17:55:00.553694","2026-01-12 17:55:00.553694","gin|liqueur","27","3","3","2","0","3","3","0","4","0","1","0","0","0","0","0","0","0","0","0","2","0","2","0","0","0","0","0","0","3","1","3","1","up","","verified","existing",""
"70","네그로니","Negroni","강함","24","26","클래식","진","","록스","사계절","진 22.5ml (¾ oz), 캄파리 22.5ml (¾ oz), 스위트 베르무트 22.5ml (¾ oz)","","쌉쌀달콤, 오렌지, 허브, 강한","식전, 클래식, 깊은 맛, 세련된","3","1. 믹싱 글라스에 얼음을 채우고 진 22.5ml (¾ oz), 캄파리 22.5ml (¾ oz), 스위트 베르무트 22.5ml (¾ oz)를 넣는다. / 2. 20~30초간 충분히 젓는다. / 3. 록스 잔에 크고 단단한 얼음 한 덩이를 넣는다. 그 위에 걸러 따른다.","AUTO","0","0","0","1919년 이탈리아 피렌체의 한 카페에서 카밀로 네그로니 백작이 주문하며 탄생함. 평소 마시던 아메리카노에 탄산수 대신 진을 넣어달라고 요청한 것이 시초. 진, 캄파리, 스위트 베르무트가 1:1:1 비율로 들어가는 단순하면서도 완벽한 조화로 전 세계적인 사랑을 받음.","http://onz-cocktail.kr/uploads/cocktails/onz_cocktail_Negroni.webp","http://onz-cocktail.kr/uploads/glasses/onz_glasstype_rocks.webp","2026-01-12 17:55:00.554949","2026-01-12 17:55:00.554949","gin|fortified|liqueur","25","3","2","0","5","4","3","0","2","0","0","0","4","0","0","0","0","0","0","0","0","0","3","0","0","0","0","2","0","1","4","4","1","rocks","","verified","existing",""
"71","올드 패션드","Old Fashioned","강함","30","33","클래식","위스키","","록스","가을","버번 또는 라이 위스키 45ml (1½ oz), 앙고스투라 비터스 2 dashes, 각설탕 1개, 물 약간","","스파이시, 오렌지, 달콤쌉쌀, 클래식","중후한, 깊은 대화, 혼술","3","1. 록스 잔에 각설탕 1개를 넣고 가볍게 으깬다. / 2. 버번 또는 라이 위스키 45ml (1½ oz), 앙고스투라 비터스 2 dashes, 물 약간을 넣는다. / 3. 록스 잔에 크고 단단한 얼음 한 덩이를 넣는다.","AUTO","0","0","0","19세기 초반 '위스키 칵테일'이라는 이름으로 존재하던 가장 원초적인 형태의 칵테일. 1880년대 켄터키의 한 신사 클럽에서 옛 방식(Old-Fashioned)을 그리워하며 재탄생했다는 설이 있음. 설탕, 비터스, 스피릿, 물이라는 칵테일의 기본 정의에 가장 충실한 '칵테일의 시조'.","http://onz-cocktail.kr/uploads/cocktails/onz_cocktail_Old_Fashioned.webp","http://onz-cocktail.kr/uploads/glasses/onz_glasstype_rocks.webp","2026-01-12 17:55:00.556342","2026-01-12 17:55:00.556342","whiskey","31","3","2","0","2","5","4","0","1","0","0","0","0","0","0","2","0","0","5","0","0","0","0","0","0","0","0","3","0","2","5","3","0","rocks","","verified","existing",""
"72","포르토 플립","Porto Flip","보통","18","20","스탠다드","브랜디","","쿠페","겨울","브랜디 15ml (½ oz), 포트 와인 45ml (1½ oz), 계란 노른자 10ml (⅓ oz)","","크리미, 달콤, 부드러운, 너티","식후, 디저트, 부드러운, 추운 날","4","1. 셰이커에 브랜디 15ml (½ oz), 포트 와인 45ml (1½ oz), 계란 노른자 10ml (⅓ oz)를 넣는다. / 2. 얼음 없이 먼저 15초간 흔든다. / 3. 얼음을 채우고 15초간 강하게 흔든다. / 4. 미리 차갑게 식힌 쿠페 잔에 걸러 따른다.","AUTO","0","0","0","17세기부터 존재했던 '플립(Flip)' 스타일 칵테일의 일종으로, 계란이 통째로 들어가는 것이 특징. 현재의 레시피는 19세기 후반에 정립되었으며, 포트 와인을 사용하여 깊고 달콤한 맛을 냄. 계란 노른자가 들어가 매우 부드럽고 크리미한 질감을 가지며, 디저트 칵테일로 인기가 높음.","http://onz-cocktail.kr/uploads/cocktails/onz_cocktail_Porto_Flip.webp","http://onz-cocktail.kr/uploads/glasses/onz_glasstype_coupe.webp","2026-01-12 17:55:00.557569","2026-01-12 17:55:00.557569","fortified|brandy","19","2","4","0","0","2","4","0","0","0","2","0","0","0","0","0","0","3","3","0","0","0","0","0","3","0","0","2","0","3","1","4","0","up","egg","verified","existing",""
"73","라모스 피즈","Ramos Fizz","보통","10","12","스탠다드","진","","하이볼","봄","진 45ml (1½ oz), 라임 주스 15ml (½ oz), 레몬 주스 15ml (½ oz), 설탕 시럽 30ml (1 oz), 생크림 60ml (2 oz), 계란 흰자 30ml (1 oz), 오렌지 플라워 워터 3 dashes, 바닐라 엑기스 2 drops, 탄산수","","크리미, 시트러스, 바닐라, 부드러운","특별한 날, 정성, 부드러운, 브런치","4","1. 셰이커에 진 45ml (1½ oz), 라임 주스 15ml (½ oz), 레몬 주스 15ml (½ oz), 설탕 시럽 30ml (1 oz), 생크림 60ml (2 oz), 계란 흰자 30ml (1 oz), 오렌지 플라워 워터 3 dashes, 바닐라 엑기스 2 drops를 넣는다. / 2. 얼음 없이 먼저 15초간 흔든다. / 3. 얼음을 채우고 15초간 강하게 흔든다. / 4. 하이볼 잔에 얼음을 잔 끝까지 넣는다. 그 위에 걸러 따른다.","AUTO","0","0","0","1888년 뉴올리언스의 바텐더 헨리 라모스(Henry C. Ramos)가 창작한 전설적인 칵테일. 부드러운 거품을 만들기 위해 10분 이상 격렬하게 쉐이킹해야 하는 것으로 악명 높음. 독특한 재료와 극도의 정성으로 만들어내는 구름 같은 질감과 복합적인 풍미는 타의 추종을 불허함.","http://onz-cocktail.kr/uploads/cocktails/onz_cocktail_Ramos_Fizz.webp","http://onz-cocktail.kr/uploads/glasses/onz_glasstype_highball.webp","2026-01-12 17:55:00.558874","2026-01-12 17:55:00.558874","gin","11","1","4","3","0","2","5","4","3","0","0","0","0","0","3","0","0","4","0","0","0","0","0","0","1","0","0","0","3","4","3","3","0","long","dairy|egg","verified","existing",""
"74","러스티 네일","Rusty Nail","강함","32","35","스트롱","위스키","","록스","겨울","스카치 위스키 45ml (1½ oz), 드람뷔 25ml (⅘ oz)","","꿀, 허브, 스모키, 달콤한","깊은 밤, 중후한, 클래식, 남성적인","3","1. 믹싱 글라스에 얼음을 채우고 스카치 위스키 45ml (1½ oz), 드람뷔 25ml (⅘ oz)를 넣는다. / 2. 20~30초간 충분히 젓는다. / 3. 록스 잔에 크고 단단한 얼음 한 덩이를 넣는다. 그 위에 걸러 따른다.","AUTO","0","0","0","1937년 영국 산업 박람회에서 처음 선보였다는 설이 있으며, 1950년대 뉴욕에서 현재의 이름으로 정착. '녹슨 못'이라는 이름은 칵테일의 색깔이나, 초기에 녹슨 못으로 저었다는 괴담에서 유래했다는 설이 있음. 스카치 위스키와 꿀 기반의 리큐르 드람buie만으로 만드는 단순하지만 깊고 남성적인 칵테일.","http://onz-cocktail.kr/uploads/cocktails/onz_cocktail_Rusty_Nail.webp","http://onz-cocktail.kr/uploads/glasses/onz_glasstype_rocks.webp","2026-01-12 17:55:00.560226","2026-01-12 17:55:00.560226","whiskey|liqueur","33","3","3","0","2","5","4","0","0","0","0","0","3","0","0","0","0","0","4","1","0","0","0","0","1","0","0","3","0","1","3","4","0","rocks","","verified","existing",""
"75","사제락","Sazerac","강함","35","38","클래식","위스키","","록스","가을","코냑 또는 라이 위스키 50ml (1⅔ oz), 압생트 10ml (⅓ oz), 페이쇼드 비터스 2 dashes, 각설탕 1개","","아니스, 스파이시, 허브, 강한","클래식, 독특한, 깊은 맛, 진중한","3","1. 록스 잔에 각설탕 1개를 넣고 가볍게 으깬다. / 2. 코냑 또는 라이 위스키 50ml (1⅔ oz), 압생트 10ml (⅓ oz), 페이쇼드 비터스 2 dashes를 넣는다. / 3. 록스 잔에 크고 단단한 얼음 한 덩이를 넣는다.","AUTO","0","0","0","1838년 뉴올리언스의 약사 앙투안 페이쇼(Antoine Peychaud)가 자신의 비터스를 이용해 만든 것이 시초. 원래는 코냑 베이스였으나, 필록세라 때문에 라이 위스키로 대체되면서 현재의 형태가 됨. 압생트로 잔을 헹궈 향을 입히는 독특한 제조 방식과 강렬한 허브 풍미가 특징인 뉴올리언스의 상징.","http://onz-cocktail.kr/uploads/cocktails/onz_cocktail_Sazerac.webp","http://onz-cocktail.kr/uploads/glasses/onz_glasstype_rocks.webp","2026-01-12 17:55:00.561454","2026-01-12 17:55:00.561454","whiskey|brandy","36","3","2","0","3","5","5","0","0","0","0","0","0","0","0","2","0","0","4","0","3","0","0","0","0","0","0","3","0","1","3","5","0","rocks","","verified","existing",""
"76","턱시도","Tuxedo","강함","30","32","스트롱","진","","마티니","사계절","진 30ml (1 oz), 드라이 베르무트 30ml (1 oz), 마라스키노 리큐르 ½ tsp, 압생트 ¼ tsp, 레몬 제스트, 체리","","드라이, 아니스, 셰리, 복합적인","클래식, 세련된, 특별한 날, 격식있는","5","1. 셰이커에 얼음을 가득 채운다. / 2. 진 30ml (1 oz), 드라이 베르무트 30ml (1 oz), 마라스키노 리큐르 ½ tsp, 압생트 ¼ tsp를 넣는다. / 3. 15초간 강하게 흔든다. / 4. 미리 차갑게 식힌 마티니 잔에 걸러 따른다. / 5. 레몬 제스트, 체리로 장식한다.","AUTO","0","0","0","1886년 뉴욕 외곽에 문을 연 '턱시도 클럽'에서 처음 만들어진 칵테일. 마티니의 변형 중 하나로, 마라스키노 리큐르와 압생트, 오렌지 비터스가 더해져 훨씬 복합적인 맛을 냄. 이름처럼 격식 있고 우아한 분위기를 자아내는 클래식 칵테일.","http://onz-cocktail.kr/uploads/cocktails/onz_cocktail_Tuxedo.webp","http://onz-cocktail.kr/uploads/glasses/onz_glasstype_martini.webp","2026-01-12 17:55:00.562693","2026-01-12 17:55:00.562693","gin|fortified|liqueur","31","3","1","0","3","4","2","0","2","0","0","0","4","0","0","0","0","0","0","0","2","0","3","0","0","0","0","0","0","1","1","5","0","up","","verified","existing",""
"77","롱 아일랜드 아이스티","Long Island Iced Tea","강함","20","22","스트롱","보드카, 진, 럼, 테킬라","","하이볼","여름","보드카 15ml (½ oz), 화이트 럼 15ml (½ oz), 진 15ml (½ oz), 테킬라 15ml (½ oz), 쿠앵트로 15ml (½ oz), 레몬 주스 30ml (1 oz), 설탕 시럽 20ml (⅔ oz), 콜라","","콜라, 레몬, 달콤, 매우 강함","파티, 강렬한, 위험한, 여름","3","1. 하이볼 잔에 얼음을 잔 끝까지 넣는다. / 2. 보드카 15ml (½ oz), 화이트 럼 15ml (½ oz), 진 15ml (½ oz), 테킬라 15ml (½ oz), 쿠앵트로 15ml (½ oz), 레몬 주스 30ml (1 oz), 설탕 시럽 20ml (⅔ oz)를 붓는다. / 3. 콜라를 잔 벽을 따라 천천히 채운다.","AUTO","0","1","0","1970년대 미국 뉴욕 롱아일랜드의 바텐더 로버트 버트(Robert Butt)가 칵테일 대회에서 처음 선보였다는 설이 유력함. 이름과 달리 홍차는 전혀 들어가지 않지만, 콜라 때문에 색깔이 아이스티와 비슷해 붙여진 이름. 다양한 종류의 술이 들어가 도수가 매우 높지만 달콤한 맛에 가려져 있어 '앉은뱅이 술'로도 불림.","http://onz-cocktail.kr/uploads/cocktails/onz_cocktail_Long_Island_Iced_Tea.webp","http://onz-cocktail.kr/uploads/glasses/onz_glasstype_highball.webp","2026-01-12 17:55:00.563966","2026-01-12 17:55:00.563966","vodka|rum|gin|tequila|liqueur","21","2","3","2","0","3","2","0","3","0","0","0","0","0","0","0","0","0","0","0","0","0","0","0","0","3","0","0","0","4","5","2","0","long","caffeine","verified","existing",""
"78","마이타이","Mai Tai","강함","24","27","스트롱","럼","","록스","여름","자메이카 럼 30ml (1 oz), 마르티니크 럼 30ml (1 oz), 오렌지 큐라소 15ml (½ oz), 오르쟈 시럽 15ml (½ oz), 라임 주스 30ml (1 oz), 심플 시럽 7.5ml (¼ oz), 파인애플, 민트 잎, 라임 필","","아몬드, 오렌지, 라임, 열대과일","휴양지, 열대, 복합적인, 여름","5","1. 셰이커에 얼음을 가득 채운다. / 2. 자메이카 럼 30ml (1 oz), 마르티니크 럼 30ml (1 oz), 오렌지 큐라소 15ml (½ oz), 오르쟈 시럽 15ml (½ oz), 라임 주스 30ml (1 oz), 심플 시럽 7.5ml (¼ oz), 파인애플을 넣는다. / 3. 15초간 강하게 흔든다. / 4. 록스 잔에 크고 단단한 얼음 한 덩이를 넣는다. 그 위에 걸러 따른다. / 5. 민트 잎, 라임 필로 장식한다.","AUTO","1","0","0","1944년 미국 오클랜드의 티키 바 '트레이더 빅스'의 빅터 버거론(Victor Bergeron)이 창시. 타히티에서 온 친구에게 처음 선보였을 때 ""세상 최고야!(Mai Tai-Roa Aé!)""라고 외친 것에서 이름이 유래. 오리지널 레시피는 복잡하고 구하기 힘든 재료를 사용하여, 티키 칵테일의 정수로 평가받음.","http://onz-cocktail.kr/uploads/cocktails/onz_cocktail_Mai_Tai.webp","http://onz-cocktail.kr/uploads/glasses/onz_glasstype_rocks.webp","2026-01-12 17:55:00.565306","2026-01-12 17:55:00.565306","rum|liqueur","25","3","4","4","0","3","3","0","4","1","0","0","0","0","0","0","0","2","3","0","0","0","0","0","0","3","2","0","0","4","5","4","0","rocks","nut","verified","existing",""
"79","민트 줄렙","Mint Julep","강함","28","32","스트롱","위스키","","줄렙 컵","여름","버번 위스키 60ml (2 oz), 민트 잎 4-5개, 설탕 1 tsp, 물 2 tsp","","민트, 달콤한, 스파이시, 시원한","여름, 클래식, 경마, 상쾌한","3","1. 줄렙 컵에 민트 잎 4-5개를 넣고 가볍게 으깬다. / 2. 버번 위스키 60ml (2 oz), 설탕 1 tsp, 물 2 tsp를 넣는다. / 3. 줄렙 컵에 크러시드 아이스를 가득 넣는다.","AUTO","0","0","0","18세기 미국 남부에서 탄생한 매우 유서 깊은 칵테일. 원래는 약용으로 마시던 음료였으나, 점차 위스키를 기반으로 한 사교용 음료로 발전. 미국 최대의 경마 대회 '켄터키 더비'의 공식 음료로 지정되어 매년 엄청난 양이 소비됨.","http://onz-cocktail.kr/uploads/cocktails/onz_cocktail_Mint_Julep.webp","http://onz-cocktail.kr/uploads/glasses/onz_glasstype_julep_cup.webp","2026-01-12 17:55:00.566776","2026-01-12 17:55:00.566776","whiskey","30","3","3","0","1","5","3","0","0","0","0","0","0","5","0","0","0","0","4","0","0","0","0","0","0","0","1","2","0","2","4","4","0","rocks","","verified","existing",""
"80","피스코 사워","Pisco Sour","보통","18","20","스탠다드","피스코","","록스","사계절","피스코 60ml (2 oz), 레몬즙 30ml (1 oz), 설탕 시럽 20ml (⅔ oz), 계란 흰자 1개, 아마르고 비터 몇 방울","","새콤달콤, 포도향, 부드러운, 시트러스","독특한, 남미, 부드러운, 식전","4","1. 셰이커에 피스코 60ml (2 oz), 레몬즙 30ml (1 oz), 설탕 시럽 20ml (⅔ oz), 계란 흰자 1개, 아마르고 비터 몇 방울을 넣는다. / 2. 얼음 없이 먼저 15초간 흔든다. / 3. 얼음을 채우고 15초간 강하게 흔든다. / 4. 록스 잔에 크고 단단한 얼음 한 덩이를 넣는다. 그 위에 걸러 따른다.","AUTO","0","1","0","1920년대 페루 리마의 '모리스 바'에서 미국인 바텐더 빅터 모리스가 창작. 페루와 칠레의 국민 증류주 '피스코'를 베이스로 하며, 양국 간의 원조 논쟁이 치열함. 계란 흰자를 넣어 만드는 부드러운 거품 위에 앙고스투라 비터스를 떨어뜨려 장식하는 것이 특징.","http://onz-cocktail.kr/uploads/cocktails/onz_cocktail_Pisco_Sour.webp","http://onz-cocktail.kr/uploads/glasses/onz_glasstype_rocks.webp","2026-01-12 17:55:00.56824","2026-01-12 17:55:00.56824","pisco","19","2","3","4","0","2","3","0","4","0","0","0","0","0","0","0","0","0","0","0","0","0","2","0","0","2","0","0","0","4","4","3","0","up","egg","verified","existing",""
"81","하부 지 갈루","Rabo de Galo","강함","28","30","스트롱","카샤사","","록스","사계절","카샤사 60ml (2 oz), 스위트 베르무트 친자노 로소 20ml (⅔ oz), 시나르 15ml (½ oz), 오렌지 필 트위스트","","허브, 쌉쌀달콤, 강한, 브라질","현지, 독특한, 식전","5","1. 셰이커에 얼음을 가득 채운다. / 2. 카샤사 60ml (2 oz), 스위트 베르무트 친자노 로소 20ml (⅔ oz), 시나르 15ml (½ oz)를 넣는다. / 3. 15초간 강하게 흔든다. / 4. 록스 잔에 크고 단단한 얼음 한 덩이를 넣는다. 그 위에 걸러 따른다. / 5. 오렌지 필 트위스트로 장식한다.","AUTO","0","0","0","수탉의 꼬리'라는 뜻의 브라질 칵테일로, 영어 단어 'Cocktail'을 그대로 번역한 이름. 20세기 중반 이탈리아 이민자들이 들여온 베르무트와 브라질의 카샤사가 결합하여 탄생. 브라질 현지인들이 즐겨 마시는 대표적인 식전주로, 쌉쌀하면서도 달콤한 맛이 매력적.","http://onz-cocktail.kr/uploads/cocktails/onz_cocktail_Rabo_de_Galo.webp","http://onz-cocktail.kr/uploads/glasses/onz_glasstype_rocks.webp","2026-01-12 17:55:00.569528","2026-01-12 17:55:00.569528","cachaca|fortified|liqueur","29","3","2","1","4","4","4","0","0","0","0","0","3","0","0","0","0","0","2","0","0","0","2","0","0","0","0","2","0","2","1","4","0","rocks","","verified","existing",""
"82","싱가폴 슬링","Singapore Sling","보통","16","18","스페셜","진","","허리케인","여름","진 30ml (1 oz), 체리 리큐르 15ml (½ oz), 돔 베네딕틴 7.5ml (¼ oz), 코앵트로 7.5ml (¼ oz), 파인애플 주스 120ml (4 oz), 라임 주스 15ml (½ oz), 그레나딘 시럽 10ml (⅓ oz), 앙고스투라 비터스 1 dash, 마라스키노 체리","","체리, 파인애플, 허브, 복합적인","열대, 클래식, 이국적인, 여름","5","1. 셰이커에 얼음을 가득 채운다. / 2. 진 30ml (1 oz), 체리 리큐르 15ml (½ oz), 돔 베네딕틴 7.5ml (¼ oz), 코앵트로 7.5ml (¼ oz), 파인애플 주스 120ml (4 oz), 라임 주스 15ml (½ oz), 그레나딘 시럽 10ml (⅓ oz), 앙고스투라 비터스 1 dash를 넣는다. / 3. 15초간 강하게 흔든다. / 4. 허리케인 잔에 크러시드 아이스를 가득 넣는다. 그 위에 걸러 따른다. / 5. 마라스키노 체리로 장식한다.","AUTO","0","0","0","1915년 싱가포르 래플스 호텔의 롱 바에서 바텐더 니암 통 분(Ngiam Tong Boon)이 창작. 당시 여성들이 공공장소에서 술 마시는 것을 꺼리는 분위기 속에서, 주스처럼 보이도록 분홍색으로 만듦. 많은 재료가 들어가는 복합적인 맛의 칵테일로, 싱가포르를 대표하는 상징적인 음료.","http://onz-cocktail.kr/uploads/cocktails/onz_cocktail_Singapore_Sling.webp","http://onz-cocktail.kr/uploads/glasses/onz_glasstype_hurricane.webp","2026-01-12 17:55:00.57085","2026-01-12 17:55:00.57085","gin|liqueur","17","2","4","3","1","1","3","0","2","3","3","0","2","0","0","0","0","0","0","0","0","0","0","0","0","3","2","0","0","4","4","3","0","long","","verified","existing",""
"83","뷰 카레","Vieux Carré","강함","33","36","스트롱","위스키, 브랜디","","록스","가을","라이 위스키 30ml (1 oz), 코냑 30ml (1 oz), 스위트 베르무트 30ml (1 oz), 돔 베네딕틴 5ml (⅙ oz), 페이쇼 비터스 2 dashes, 오렌지 필, 체리","","스파이시, 허브, 쌉쌀달콤, 복합적인","깊은 맛, 클래식, 뉴올리언스, 중후한","5","1. 셰이커에 얼음을 가득 채운다. / 2. 라이 위스키 30ml (1 oz), 코냑 30ml (1 oz), 스위트 베르무트 30ml (1 oz), 돔 베네딕틴 5ml (⅙ oz), 페이쇼 비터스 2 dashes를 넣는다. / 3. 15초간 강하게 흔든다. / 4. 록스 잔에 크고 단단한 얼음 한 덩이를 넣는다. 그 위에 걸러 따른다. / 5. 오렌지 필, 체리로 장식한다.","AUTO","0","0","0","1937년 뉴올리언스 몬텔레오네 호텔의 캐러셀 바에서 월터 버거론(Walter Bergeron)이 창작. '오래된 광장'이라는 뜻의 이름은 뉴올리언스의 프랑스 지구(French Quarter)를 의미. 라이 위스키, 코냑, 베네딕틴 등 다양한 재료가 어우러져 매우 복합적이고 깊은 풍미를 내는 칵테일.","http://onz-cocktail.kr/uploads/cocktails/onz_cocktail_Vieux_Carré.webp","http://onz-cocktail.kr/uploads/glasses/onz_glasstype_rocks.webp","2026-01-12 17:55:00.572267","2026-01-12 17:55:00.572267","whiskey|brandy|fortified|liqueur","35","3","3","1","3","5","5","0","0","0","0","0","3","0","0","1","0","0","5","0","0","0","0","0","0","0","0","3","0","1","3","5","0","rocks","","verified","existing",""
"84","좀비","Zombie","강함","25","30","스트롱","럼","","허리케인","여름","다크 럼 45ml (1½ oz), 골드 럼 45ml (1½ oz), 151 프루프 럼 30ml (1 oz), 라임 주스 20ml (⅔ oz), 팔레넘 시럽 15ml (½ oz), 그레나딘 1tsp, 돈 비치의 믹스 15ml (½ oz), 앙고스투라 비터스 1 dash, 페르노 6 drops","","열대과일, 매우 강함, 스파이시, 복합적인","파티, 강렬한, 열대, 위험한","4","1. 셰이커에 얼음을 가득 채운다. / 2. 다크 럼 45ml (1½ oz), 골드 럼 45ml (1½ oz), 151 프루프 럼 30ml (1 oz), 라임 주스 20ml (⅔ oz), 팔레넘 시럽 15ml (½ oz), 그레나딘 1tsp, 돈 비치의 믹스 15ml (½ oz), 앙고스투라 비터스 1 dash, 페르노 6 drops를 넣는다. / 3. 15초간 강하게 흔든다. / 4. 허리케인 잔에 크러시드 아이스를 가득 넣는다. 그 위에 걸러 따른다.","AUTO","0","0","1","1934년 할리우드의 돈 더 비치콤버(Don the Beachcomber) 바에서 돈 비치(Donn Beach)가 창작. 숙취에 시달리던 손님을 위해 만들었는데, 며칠 후 그가 와서 ""이 술 때문에 좀비가 된 것 같았다""고 말한 데서 유래. 여러 종류의 럼과 높은 도수의 151 럼이 들어가 매우 강하지만, 과일 맛에 가려져 있어 위험한 칵테일로 유명.","http://onz-cocktail.kr/uploads/cocktails/onz_cocktail_Zombie.webp","http://onz-cocktail.kr/uploads/glasses/onz_glasstype_hurricane.webp","2026-01-12 17:55:00.573515","2026-01-12 17:55:00.573515","rum|liqueur","28","3","4","3","2","4","4","0","3","4","0","0","0","0","0","3","0","0","3","0","0","0","0","0","0","3","0","0","0","3","4","4","0","long","","verified","existing",""
"85","베스퍼","Vesper","강함","33","35","클래식","진, 보드카","","마티니","사계절","진 45ml (1½ oz), 보드카 15ml (½ oz), 릴레 블랑 7.5ml (¼  oz), 레몬 필","","드라이, 시트러스, 강한, 허브","세련된, 클래식, 스파이, 강렬한","5","1. 셰이커에 얼음을 가득 채운다. / 2. 진 45ml (1½ oz), 보드카 15ml (½ oz), 릴레 블랑 7.5ml (¼ oz)를 넣는다. / 3. 15초간 강하게 흔든다. / 4. 미리 차갑게 식힌 마티니 잔에 걸러 따른다. / 5. 레몬 필로 장식한다.","AUTO","0","0","1","이언 플레밍의 첫 번째 007 소설 '카지노 로얄'(1953)에서 제임스 본드가 직접 주문하여 탄생한 칵테일. 이름은 본드가 사랑했던 이중 스파이 '베스퍼 린드'의 이름을 따서 지음. ""젓지 말고 흔들어서""라는 대사와는 달리, 소설 속에서 본드는 이 칵테일을 흔들어 달라고 주문함.","http://onz-cocktail.kr/uploads/cocktails/onz_cocktail_Vesper.webp","http://onz-cocktail.kr/uploads/glasses/onz_glasstype_martini.webp","2026-01-12 17:55:00.574747","2026-01-12 17:55:00.574747","gin|vodka|fortified","34","3","0","0","2","5","2","0","2","0","0","0","3","0","0","0","0","0","0","0","0","0","3","0","0","0","0","0","0","1","4","5","0","up","","verified","existing",""
"86","옐로 버드","Yellow Bird","보통","16","18","스탠다드","럼","","쿠페","여름","화이트 럼 30ml (1 oz), 갈리아노 15ml (½ oz), 트리플 섹 15ml (½ oz), 라임 주스 15ml (½ oz)","","바나나, 시트러스, 아니스, 열대과일","휴양지, 열대, 달콤한, 부드러운","4","1. 셰이커에 얼음을 가득 채운다. / 2. 화이트 럼 30ml (1 oz), 갈리아노 15ml (½ oz), 트리플 섹 15ml (½ oz), 라임 주스 15ml (½ oz)를 넣는다. / 3. 15초간 강하게 흔든다. / 4. 미리 차갑게 식힌 쿠페 잔에 걸러 따른다.","AUTO","0","0","0","1957년 동명의 유명한 아이티 노래 '옐로우 버드'에서 이름을 따온 칵테일. 카리브해의 정취를 담은 트로피컬 칵테일로, 레시피는 바에 따라 조금씩 차이가 있음. 허브 리큐르인 갈리아노가 들어가 바닐라와 아니스의 독특한 풍미를 더하는 것이 특징.","http://onz-cocktail.kr/uploads/cocktails/onz_cocktail_Yellow_Bird.webp","http://onz-cocktail.kr/uploads/glasses/onz_glasstype_coupe.webp","2026-01-12 17:55:00.576159","2026-01-12 17:55:00.576159","rum|liqueur","17","2","4","3","0","2","3","0","3","3","0","0","2","0","0","0","0","0","0","0","0","0","0","0","0","2","2","0","0","4","2","3","0","up","","verified","existing",""
"87","카르디날레","Cardinale","강함","26","28","스트롱","진","","록스","사계절","진  40ml (1⅓ oz), 캄파리 10ml (⅓ oz), 드라이 베르무트 20ml (⅔ oz), 레몬 제스트","","쌉쌀한, 드라이, 허브, 강한","식전, 클래식, 세련된, 강렬한","5","1. 셰이커에 얼음을 가득 채운다. / 2. 진 40ml (1⅓ oz), 캄파리 10ml (⅓ oz), 드라이 베르무트 20ml (⅔ oz)를 넣는다. / 3. 15초간 강하게 흔든다. / 4. 록스 잔에 크고 단단한 얼음 한 덩이를 넣는다. 그 위에 걸러 따른다. / 5. 레몬 제스트로 장식한다.","AUTO","0","0","0","1950년대 로마의 한 호텔 바에서 탄생한 칵테일. 네그로니의 스위트 베르무트를 드라이 베르무트로 바꾼 변형으로, 훨씬 더 쌉쌀하고 드라이한 맛이 특징. '추기경'이라는 이름은 칵테일의 붉은색이 추기경의 수단(법의) 색과 같다고 해서 붙여짐.","http://onz-cocktail.kr/uploads/cocktails/onz_cocktail_Cardinale.webp","http://onz-cocktail.kr/uploads/glasses/onz_glasstype_rocks.webp","2026-01-12 17:55:00.577509","2026-01-12 17:55:00.577509","gin|liqueur|fortified","27","3","1","1","4","4","2","0","2","0","0","0","4","0","0","0","0","0","0","0","0","0","3","0","0","0","0","0","0","1","1","4","0","rocks","","verified","existing",""
"88","콥스 리바이버 No.2","Corpse Reviver No,2","강함","26","28","스트롱","진","","쿠페","사계절","진 30ml (1 oz), 코앵트로 30ml (1 oz), 릴레 블랑 30ml (1 oz), 레몬 주스 30ml (1 oz), 압생트 1 dash, 오렌지 필 제스트","","아니스, 시트러스, 새콤달콤, 허브","해장, 독특한, 강렬한, 클래식","5","1. 셰이커에 얼음을 가득 채운다. / 2. 진 30ml (1 oz), 코앵트로 30ml (1 oz), 릴레 블랑 30ml (1 oz), 레몬 주스 30ml (1 oz), 압생트 1 dash를 넣는다. / 3. 15초간 강하게 흔든다. / 4. 미리 차갑게 식힌 쿠페 잔에 걸러 따른다. / 5. 오렌지 필 제스트로 장식한다.","AUTO","0","0","0","죽은 자를 되살리는 자'라는 무시무시한 이름은 숙취 해소용 칵테일이라는 의미를 담고 있음. 여러 버전이 존재하지만, 해리 크래독이 '사보이 칵테일 북'에서 ""두 잔 이상 마시면 다시 시체가 된다""고 경고한 #2가 가장 유명. 네 가지 주재료가 동일 비율로 들어가며, 압생트의 향이 더해져 매우 독특하고 복합적인 맛을 냄.","http://onz-cocktail.kr/uploads/cocktails/onz_cocktail_Corpse_Reviver_No,2.webp","http://onz-cocktail.kr/uploads/glasses/onz_glasstype_coupe.webp","2026-01-12 17:55:00.578762","2026-01-12 17:55:00.578762","gin|liqueur|fortified","27","3","3","4","1","3","2","0","5","0","0","0","2","0","0","0","0","0","0","0","1","0","2","0","0","0","0","0","2","3","3","4","0","up","","verified","existing",""
"89","돈스 스페셜 다이키리","Don's Special Daiquiri","보통","17","19","스탠다드","럼","","쿠페","여름","화이트 럼 30ml (1 oz), 다크 럼 130ml (1 oz), 라임 주스 15ml (½ oz), 꿀 시럽 15ml (½ oz), 패션프루트 시럽 15ml (½ oz)","","꿀, 패션프루트, 라임, 열대과일","열대, 퓨전, 독특한, 여름","4","1. 셰이커에 얼음을 가득 채운다. / 2. 화이트 럼 30ml (1 oz), 다크 럼 130ml (1 oz), 라임 주스 15ml (½ oz), 꿀 시럽 15ml (½ oz), 패션프루트 시럽 15ml (½ oz)를 넣는다. / 3. 15초간 강하게 흔든다. / 4. 미리 차갑게 식힌 쿠페 잔에 걸러 따른다.","AUTO","0","0","0","티키 칵테일의 아버지 '돈 비치'가 만든 다이키리의 변형. 일반적인 다이키리에 꿀과 패션프루트 시럽을 더해 더욱 복합적이고 열대적인 풍미를 강조. 두 종류의 럼을 사용하여 깊이를 더했으며, 티키 스타일의 창의성이 돋보이는 칵테일.","http://onz-cocktail.kr/uploads/cocktails/onz_cocktail_Dons_Special_Daiquiri.webp","http://onz-cocktail.kr/uploads/glasses/onz_glasstype_coupe.webp","2026-01-12 17:55:00.580079","2026-01-12 17:55:00.580079","rum","18","2","4","4","0","3","3","0","4","0","0","0","0","0","0","0","0","0","2","0","0","0","0","0","0","0","2","0","0","4","2","3","0","up","","verified","existing",""
"90","일레갈","Illegal","강함","25","27","스트롱","메스칼","","쿠페","사계절","메스칼 30ml (1 oz), 화이트 럼 15ml (½ oz), 팔레넘 시럽 15ml (½ oz), 룩사르도 마라스키노 1 tsp, 라임 주스 22.5ml (¾ oz), 설탕 시럽 15ml (½ oz), 계란 흰자 (선택)","","스모키, 라임, 꿀, 허브","독특한, 스모키, 멕시코, 모험적인","4","1. 셰이커에 메스칼 30ml (1 oz), 화이트 럼 15ml (½ oz), 팔레넘 시럽 15ml (½ oz), 룩사르도 마라스키노 1 tsp, 라임 주스 22.5ml (¾ oz), 설탕 시럽 15ml (½ oz), 계란 흰자 (선택)를 넣는다. / 2. 얼음 없이 먼저 15초간 흔든다. / 3. 얼음을 채우고 15초간 강하게 흔든다. / 4. 미리 차갑게 식힌 쿠페 잔에 걸러 따른다.","AUTO","0","0","1","메스칼의 스모키한 풍미를 중심으로 구성된 현대적인 사워 스타일 칵테일. '불법적인'이라는 이름은 금주법 시대를 연상시키거나, 메스칼의 강렬하고 중독적인 맛을 표현. 럼과 팔레넘 시럽이 더해져 티키 스타일의 느낌을 주면서도 메스칼의 개성을 잃지 않음.","http://onz-cocktail.kr/uploads/cocktails/onz_cocktail_Illegal.webp","http://onz-cocktail.kr/uploads/glasses/onz_glasstype_coupe.webp","2026-01-12 17:55:00.581312","2026-01-12 17:55:00.581312","mezcal|rum|liqueur","26","3","3","4","1","3","3","0","3","1","0","0","0","0","0","2","0","0","0","4","0","0","0","0","0","0","0","2","0","2","1","5","0","up","egg","verified","existing",""
"91","정글 버드","Jungle Bird","보통","12","15","스탠다드","럼","","록스","여름","다크 럼 45ml (1½ oz), 캄파리 22.5ml (¾ oz), 파인애플 주스 45ml (1½ oz), 라임 주스 15ml (½ oz), 설탕 시럽 15ml (½ oz)","","쌉쌀한, 파인애플, 열대, 복합적인","열대, 독특한, 휴양지, 여름","4","1. 셰이커에 얼음을 가득 채운다. / 2. 다크 럼 45ml (1½ oz), 캄파리 22.5ml (¾ oz), 파인애플 주스 45ml (1½ oz), 라임 주스 15ml (½ oz), 설탕 시럽 15ml (½ oz)를 넣는다. / 3. 15초간 강하게 흔든다. / 4. 록스 잔에 크고 단단한 얼음 한 덩이를 넣는다. 그 위에 걸러 따른다.","AUTO","0","0","0","1978년 말레이시아 쿠알라룸푸르 힐튼 호텔의 에이비어리 바(Aviary Bar)에서 만들어짐. 열대 칵테일에 캄파리의 쓴맛을 더한 독특한 조합으로, 티키 칵테일의 새로운 지평을 열었다고 평가받음. 이름은 호텔 바에서 창밖으로 보이던 새들에서 유래했으며, 달콤함 속의 쌉쌀한 맛이 매력적.","http://onz-cocktail.kr/uploads/cocktails/onz_cocktail_Jungle_Bird.webp","http://onz-cocktail.kr/uploads/glasses/onz_glasstype_rocks.webp","2026-01-12 17:55:00.582681","2026-01-12 17:55:00.582681","rum|liqueur","14","1","3","3","3","2","3","0","0","4","0","0","2","0","0","0","0","0","2","0","0","0","1","0","0","0","2","0","0","3","3","4","0","rocks","","verified","existing",""
"92","미셔너리즈 다운폴","Missionary's Downfall","보통","14","16","스탠다드","럼","","쿠페","여름","화이트 럼 30ml (1 oz), 피치 브랜디 15ml (½ oz), 꿀 시럽 30ml (1 oz), 라임 주스 30ml (1 oz), 파인애플 3-4조각, 민트잎 10장","","민트, 복숭아, 파인애플, 상큼한","열대, 상쾌한, 과일, 여름","3","1. 쿠페 잔에 민트잎 10장을 넣고 가볍게 으깬다. / 2. 화이트 럼 30ml (1 oz), 피치 브랜디 15ml (½ oz), 꿀 시럽 30ml (1 oz), 라임 주스 30ml (1 oz), 파인애플 3-4조각을 넣는다. / 3. 쿠페 잔에 얼음을 채운다.","AUTO","0","0","1","1937년 돈 비치(Donn Beach)가 만든 또 다른 클래식 티키 칵테일. '선교사의 몰락'이라는 도발적인 이름은 칵테일의 유혹적인 맛을 표현. 민트와 복숭아, 파인애플이 어우러져 매우 상쾌하고 향긋하며, 블렌더로 갈아 만드는 스무디 스타일.","http://onz-cocktail.kr/uploads/cocktails/onz_cocktail_Missionarys_Downfall.webp","http://onz-cocktail.kr/uploads/glasses/onz_glasstype_coupe.webp","2026-01-12 17:55:00.583909","2026-01-12 17:55:00.583909","rum|liqueur","15","2","4","4","0","1","2","0","3","3","0","3","0","4","0","0","0","0","0","0","0","0","0","0","0","2","3","0","0","4","2","3","0","up","","verified","existing",""
"93","페이퍼 플레인","Paper Plane","강함","26","28","스트롱","위스키","","쿠페","사계절","버번 위스키 30ml (1 oz), 아마로 노니노 30ml (1 oz), 아페롤 30ml (1 oz), 레몬 주스 30ml (1 oz)","","쌉쌀달콤, 오렌지, 레몬, 허브","균형감, 현대적인, 세련된, 식전","4","1. 셰이커에 얼음을 가득 채운다. / 2. 버번 위스키 30ml (1 oz), 아마로 노니노 30ml (1 oz), 아페롤 30ml (1 oz), 레몬 주스 30ml (1 oz)를 넣는다. / 3. 15초간 강하게 흔든다. / 4. 미리 차갑게 식힌 쿠페 잔에 걸러 따른다.","AUTO","0","0","3","2007년 시카고의 바텐더 샘 로스(Sam Ross)가 M.I.A.의 동명 노래에서 영감을 받아 창작. 라스트 워드의 변형으로, 네 가지 재료가 동일한 비율로 들어가는 것이 특징. 버번의 달콤함, 아마로의 쌉쌀함, 아페롤의 오렌지 풍미, 레몬의 상큼함이 완벽한 조화를 이룸.","http://onz-cocktail.kr/uploads/cocktails/onz_cocktail_Paper_Plane.webp","http://onz-cocktail.kr/uploads/glasses/onz_glasstype_coupe.webp","2026-01-12 17:55:00.585414","2026-01-12 17:55:00.585414","whiskey|liqueur","27","3","3","4","3","3","3","0","4","0","0","0","3","0","0","0","0","0","2","0","0","0","1","0","0","0","0","2","0","3","4","4","0","up","","verified","existing",""
"94","페니실린","Penicillin","보통","18","20","스페셜","위스키","","록스","겨울","블렌디드 스카치 위스키 60ml (2 oz), 레몬 주스 22.5ml (¾ oz), 꿀-생강 시럽 22.5ml (¾ oz), 싱글몰트 위스키 (라가불린 16년) 7.5ml (¼ oz)","","생강, 꿀, 레몬, 스모키","따뜻한, 스모키, 독특한, 겨울","4","1. 셰이커에 얼음을 가득 채운다. / 2. 블렌디드 스카치 위스키 60ml (2 oz), 레몬 주스 22.5ml (¾ oz), 꿀-생강 시럽 22.5ml (¾ oz), 싱글몰트 위스키 (라가불린 16년) 7.5ml (¼ oz)를 넣는다. / 3. 15초간 강하게 흔든다. / 4. 록스 잔에 크고 단단한 얼음 한 덩이를 넣는다. 그 위에 걸러 따른다.","AUTO","0","0","0","2005년 뉴욕의 바 '밀크 앤 허니'에서 샘 로스(Sam Ross)가 창작한 현대 클래식. '만병통치약'이라는 이름처럼 감기 기운이 있을 때 마시면 좋을 것 같은 따뜻하고 스파이시한 맛. 꿀과 생강의 조화 위에 마지막으로 피트한 싱글몰트 위스키를 띄워 스모키한 향을 더하는 것이 핵심.","http://onz-cocktail.kr/uploads/cocktails/onz_cocktail_Penicillin.webp","http://onz-cocktail.kr/uploads/glasses/onz_glasstype_rocks.webp","2026-01-12 17:55:00.586516","2026-01-12 17:55:00.586516","whiskey","19","2","3","3","0","3","3","0","3","0","0","0","0","0","0","4","0","0","2","4","0","0","0","0","0","0","0","3","0","3","2","4","0","rocks","","verified","existing",""
"95","피스코 펀치","Pisco Punch","보통","16","18","스탠다드","피스코","","쿠페","여름","피스코 60ml (2 oz), 파인애플 시럽 22.5ml (¾ oz), 설탕 시럽 15ml (½ oz), 라임 주스 15ml (½ oz), 정향 3개, 화이트 와인 30ml (1 oz)","","파인애플, 포도, 달콤, 상큼한","역사적인, 클래식, 과일, 여름","4","1. 셰이커에 얼음을 가득 채운다. / 2. 피스코 60ml (2 oz), 파인애플 시럽 22.5ml (¾ oz), 설탕 시럽 15ml (½ oz), 라임 주스 15ml (½ oz), 정향 3개, 화이트 와인 30ml (1 oz)를 넣는다. / 3. 15초간 강하게 흔든다. / 4. 미리 차갑게 식힌 쿠페 잔에 걸러 따른다.","AUTO","0","0","0","19세기 후반 샌프란시스코의 '뱅크 익스체인지 살롱'에서 던컨 니콜(Duncan Nicol)이 만든 전설적인 펀치. 당시 큰 인기를 끌었으나, 주재료인 파인애플 검(Gum) 시럽의 레시피가 비밀에 부쳐져 한동안 자취를 감춤. 피스코의 포도향과 파인애플의 달콤함이 어우러져 매우 매혹적이고 중독적인 맛을 냄.","http://onz-cocktail.kr/uploads/cocktails/onz_cocktail_Pisco_Punch.webp","http://onz-cocktail.kr/uploads/glasses/onz_glasstype_coupe.webp","2026-01-12 17:55:00.587837","2026-01-12 17:55:00.587837","pisco","17","2","4","3","0","2","2","0","3","4","0","0","0","0","0","0","0","0","0","0","0","0","0","0","0","2","2","0","0","4","2","3","0","up","","verified","existing",""
"96","서퍼링 바스타드","Suffering Bastard","보통","14","16","스페셜","진, 브랜디","","머그","여름","진 30ml (1 oz), 브랜디 30ml (1 oz), 라임 주스 15ml (½ oz), 앙고스투라 비터스 2 dashes, 진저비어","","생강, 라임, 허브, 스파이시","해장, 독특한, 클래식, 여름","3","1. 머그에 얼음을 가득 넣는다. / 2. 진 30ml (1 oz), 브랜디 30ml (1 oz), 라임 주스 15ml (½ oz), 앙고스투라 비터스 2 dashes를 붓는다. / 3. 진저비어를 잔 벽을 따라 천천히 채운다.","AUTO","0","0","0","1942년 이집트 카이로의 한 호텔 바에서 조셉 스키알롬(Joe Scialom)이 숙취에 시달리던 연합군 장교들을 위해 만듦. '고통받는 개자식'이라는 재미있는 이름은 숙취의 고통을 그대로 표현한 것. 진과 브랜디를 함께 사용하고 진저 비어를 넣어 만드는 독특한 조합의 해장 칵테일.","http://onz-cocktail.kr/uploads/cocktails/onz_cocktail_Suffering_Bastard.webp","http://onz-cocktail.kr/uploads/glasses/onz_glasstype_copper_mug.webp","2026-01-12 17:55:00.588974","2026-01-12 17:55:00.588974","gin|brandy","15","2","3","3","1","2","2","4","3","0","0","0","0","0","0","4","0","0","2","0","0","0","0","0","0","1","2","0","0","3","2","3","0","long","","verified","existing",""
"97","쓰리 닷츠 앤 어 대시","Three Dots and a Dash","강함","22","25","스트롱","럼","","티키 머그","여름","숙성 럼 45ml (1½ oz), 블렌디드 럼 15ml (½ oz), 팔레넘 시럽 7.5ml (¼  oz), 올스파이스 세인트 엘리자베스 7.5ml (¼  oz), 오렌지 주스 15ml (½ oz), 꿀 시럽 15ml (½ oz), 앙고스투라 비터스 45ml (1½ oz), 체리, 파인애플 조각","","열대과일, 스파이시, 허브, 복합적인","티키, 독특한, 여름, 강렬한","4","1. 셰이커에 얼음을 가득 채운다. / 2. 숙성 럼 45ml (1½ oz), 블렌디드 럼 15ml (½ oz), 팔레넘 시럽 7.5ml (¼ oz), 올스파이스 세인트 엘리자베스 7.5ml (¼ oz), 오렌지 주스 15ml (½ oz), 꿀 시럽 15ml (½ oz), 앙고스투라 비터스 45ml (1½ oz), 체리, 파인애플 조각을 넣는다. / 3. 15초간 강하게 흔든다. / 4. 티키 머그에 크러시드 아이스를 가득 넣는다. 그 위에 걸러 따른다.","AUTO","0","0","0","제2차 세계대전 중 돈 비치(Donn Beach)가 만든 티키 칵테일. 이름은 모스 부호로 'V' (Victory, 승리)를 의미하는 '점 셋, 선 하나 (···–)'에서 유래. 다양한 럼과 시럽, 주스가 어우러져 매우 복합적이고 강렬한 맛을 내는 티키 칵테일의 정수.","http://onz-cocktail.kr/uploads/cocktails/onz_cocktail_Three_Dots_and_a_Dash.webp","http://onz-cocktail.kr/uploads/glasses/onz_glasstype_Tiki_mug.webp","2026-01-12 17:55:00.590244","2026-01-12 17:55:00.590244","rum|liqueur","23","2","4","3","1","3","3","0","0","3","0","0","0","0","0","4","0","0","3","0","0","0","0","0","0","1","0","2","0","2","1","5","0","up","","verified","existing",""
"98","트리니다드 사워","Trinidad Sour","보통","18","20","스페셜","앙고스투라 비터스","","쿠페","사계절","앙고스투라 비터스 45ml (1½ oz), 오르쟈 시럽 30ml (1 oz), 레몬 주스 22.5ml (¾ oz), 라이 위스키 15ml (½ oz)","","쌉쌀한, 허브, 스파이시, 독특한","독특한, 강렬한, 모험적인","4","1. 셰이커에 얼음을 가득 채운다. / 2. 앙고스투라 비터스 45ml (1½ oz), 오르쟈 시럽 30ml (1 oz), 레몬 주스 22.5ml (¾ oz), 라이 위스키 15ml (½ oz)를 넣는다. / 3. 15초간 강하게 흔든다. / 4. 미리 차갑게 식힌 쿠페 잔에 걸러 따른다.","AUTO","0","0","0","2009년 뉴욕의 바텐더 주세페 곤잘레스(Giuseppe González)가 만든 혁명적인 칵테일. 보통 몇 방울만 사용하는 앙고스투라 비터스를 베이스 스피릿처럼 대량으로 사용하는 것이 특징. 비터스의 강렬한 쓴맛과 향을 오르쟈 시럽의 단맛이 잡아주며 경이로운 균형감을 만들어냄.","http://onz-cocktail.kr/uploads/cocktails/onz_cocktail_Trinidad_Sour.webp","http://onz-cocktail.kr/uploads/glasses/onz_glasstype_coupe.webp","2026-01-12 17:55:00.591751","2026-01-12 17:55:00.591751","liqueur|whiskey","28","3","4","4","4","4","4","0","2","0","0","0","0","0","0","5","0","3","0","0","0","0","0","0","0","0","0","2","0","1","1","5","0","up","nut","verified","existing",""
"99","Ve.N.To","Ve.N.To","보통","14","16","스페셜","그라파","","쿠페","봄","화이트 그라파 45ml (1½ oz), 레몬즙 22.5ml (¾ oz), 허니 믹스 15ml (½ oz), 캐모마일 코디얼 15ml (½ oz)","","포도, 꿀, 캐모마일, 허브","독특한, 이탈리아, 향긋한, 식전","4","1. 셰이커에 얼음을 가득 채운다. / 2. 화이트 그라파 45ml (1½ oz), 레몬즙 22.5ml (¾ oz), 허니 믹스 15ml (½ oz), 캐모마일 코디얼 15ml (½ oz)를 넣는다. / 3. 15초간 강하게 흔든다. / 4. 미리 차갑게 식힌 쿠페 잔에 걸러 따른다.","AUTO","0","0","0","이탈리아의 증류주 '그라파'를 베이스로 한 최초의 IBA 공식 칵테일. 이름은 칵테일을 고안한 2인의 각각의 고향인 베네토(Veneto)와 트렌티노 알토아디제(Trentino-Alto Adige)의 앞 글자를 합친 단어로, 이탈리아어로 바람을 의미. 그라파의 포도향과 캐모마일의 꽃향기가 어우러져 향긋하고 섬세한 맛을 내는 것이 특징.","http://onz-cocktail.kr/uploads/cocktails/onz_cocktail_Ve_N_To.webp","http://onz-cocktail.kr/uploads/glasses/onz_glasstype_coupe.webp","2026-01-12 17:55:00.593007","2026-01-12 17:55:00.593007","other","15","2","3","4","0","2","2","0","4","0","0","0","2","0","3","0","0","0","0","0","0","0","2","0","0","0","0","0","1","3","1","5","0","up","","verified","existing",""
"100","샤르트뢰즈 스위즐","Chartreuse Swizzle","보통","15","17","스페셜","리큐르","","하이볼","여름","그린 샤르트뢰즈 45ml (1½ oz), 팔레넘 시럽 15ml (½ oz), 파인애플 주스 30ml (1 oz), 라임 주스 22.5ml (¾ oz), 민트","","허브, 파인애플, 라임, 상쾌한","독특한, 허브, 상쾌한, 여름","5","1. 셰이커에 얼음을 가득 채운다. / 2. 그린 샤르트뢰즈 45ml (1½ oz), 팔레넘 시럽 15ml (½ oz), 파인애플 주스 30ml (1 oz), 라임 주스 22.5ml (¾ oz)를 넣는다. / 3. 15초간 강하게 흔든다. / 4. 하이볼 잔에 얼음을 잔 끝까지 넣는다. 그 위에 걸러 따른다. / 5. 민트로 장식한다.","AUTO","0","0","0","샌프란시스코의 바텐더 마르코 디오니소스(Marco Dionysos)가 만든 현대 티키 칵테일. 130가지 허브로 만드는 비밀의 리큐르 '그린 샤르트뢰즈'를 메인으로 사용. 스위즐 스틱으로 저어 만드는 '스위즐' 스타일로, 샤르트뢰즈의 복합적인 허브향과 열대과일의 조화가 뛰어남.","http://onz-cocktail.kr/uploads/cocktails/onz_cocktail_Chartreuse_Swizzle.webp","http://onz-cocktail.kr/uploads/glasses/onz_glasstype_highball.webp","2026-01-12 17:55:00.594298","2026-01-12 17:55:00.594298","liqueur","16","2","4","3","0","2","2","4","3","3","0","0","5","0","0","0","0","0","0","0","0","0","0","0","0","0","2","0","0","2","2","5","0","long","","verified","existing",""
"101","IBA 티키","IBA Tiki","강함","23","25","스트롱","럼","","티키 머그","여름","하바나클럽 프로푼도 30ml (1 oz), 하바나클럽 스모키 30ml (1 oz), 아마레토 15ml (½ oz), 프란젤리코 15ml (½ oz), 룩사르도 마라스키노 5  drops, 패션 프루트 퓌레 30ml (1 oz), 파인애플 주스 90ml (3 oz), 라임즙 30ml (1 oz), 얇은 생강 1 조각","","열대과일, 코코넛, 스파이시, 복합적인","티키, 파티, 여름, 화려한","4","1. 셰이커에 얼음을 가득 채운다. / 2. 하바나클럽 프로푼도 30ml (1 oz), 하바나클럽 스모키 30ml (1 oz), 아마레토 15ml (½ oz), 프란젤리코 15ml (½ oz), 룩사르도 마라스키노 5 drops, 패션 프루트 퓌레 30ml (1 oz), 파인애플 주스 90ml (3 oz), 라임즙 30ml (1 oz), 얇은 생강 1 조각을 넣는다. / 3. 15초간 강하게 흔든다. / 4. 티키 머그에 크러시드 아이스를 가득 넣는다. 그 위에 걸러 따른다.","AUTO","0","0","0","IBA가 티키 칵테일의 정수를 담아 공식적으로 제시하는 표준 레시피. 여러 종류의 럼과 주스, 시럽을 혼합하여 티키 칵테일 특유의 복합적이고 풍부한 맛을 구현. 현대 티키 문화의 다양성과 창의성을 존중하며, 기본이 되는 가이드라인을 제공하기 위해 만들어짐.","http://onz-cocktail.kr/uploads/cocktails/onz_cocktail_IBA_Tiki.webp","http://onz-cocktail.kr/uploads/glasses/onz_glasstype_Tiki_mug.webp","2026-01-12 17:55:00.595573","2026-01-12 17:55:00.595573","rum|liqueur","24","2","4","3","0","3","4","0","0","3","0","0","0","0","0","0","0","3","2","2","0","0","0","0","0","2","0","0","0","3","1","5","0","long","nut","verified","existing",""
"102","골든 드림","Golden Dream","보통","17","19","스탠다드","리큐르","","쿠페","사계절","갈리아노 20ml (⅔ oz), 트리플 섹 20ml (⅔ oz), 오렌지 주스 20ml (⅔ oz), 생크림 10ml (⅓ oz)","","오렌지, 크리미, 바닐라, 달콤한, 부드러운","디저트, 부드러운, 70년대, 레트로","4","1. 셰이커에 갈리아노 20ml (⅔ oz), 트리플 섹 20ml (⅔ oz), 오렌지 주스 20ml (⅔ oz), 생크림 10ml (⅓ oz)를 넣는다. / 2. 얼음 없이 먼저 15초간 흔든다. / 3. 얼음을 채우고 15초간 강하게 흔든다. / 4. 미리 차갑게 식힌 쿠페 잔에 걸러 따른다.","AUTO","0","0","0","1960년대 미국 마이애미의 바텐더가 배우 조안 크로포드를 위해 만들었다는 설이 있습니다. 이름처럼 황금빛을 띠며, 부드럽고 달콤한 꿈같은 맛을 선사합니다. 오렌지 주스와 생크림이 들어가 '오렌지 크림시클' 아이스크림을 연상시키는 맛으로 70년대에 큰 인기를 끌었습니다.","http://onz-cocktail.kr/uploads/cocktails/onz_cocktail_Golden_Dream.webp","http://onz-cocktail.kr/uploads/glasses/onz_glasstype_coupe.webp","2026-01-12 17:55:00.596877","2026-01-12 17:55:00.596877","liqueur","18","2","5","2","0","2","5","0","4","0","0","0","2","0","0","0","0","4","0","0","0","0","0","0","3","0","0","0","0","4","2","3","0","up","dairy","verified","existing",""
"103","리멤버 더 메인","Remember the Maine","강함","32","34","스트롱","위스키","","쿠페","가을","라이 위스키 60ml (2 oz), 스위트 베르무트 22.5ml (¾ oz), 체리 리큐르 15ml (½  oz), 압생트 7.5ml (¼  oz)","","스파이시, 허브, 쌉쌀달콤, 체리향, 클래식","클래식, 깊은 맛, 역사적인, 차분한","3","1. 믹싱 글라스에 얼음을 채우고 라이 위스키 60ml (2 oz), 스위트 베르무트 22.5ml (¾ oz), 체리 리큐르 15ml (½ oz), 압생트 7.5ml (¼ oz)를 넣는다. / 2. 20~30초간 충분히 젓는다. / 3. 미리 차갑게 식힌 쿠페 잔에 걸러 따른다.","AUTO","1","0","2","1939년 찰스 H. 베이커(Charles H. Baker)의 저서 '신사의 동반자(The Gentleman's Companion)'에 처음 기록된 클래식 칵테일입니다. 이름은 1898년 쿠바 아바나 항에서 폭발한 미 해군 군함 '메인(Maine)호'를 추모하고, 당시의 구호 ""메인호를 기억하라!""에서 유래했습니다. 맨해튼 칵테일의 변형으로 볼 수 있으며, 체리 리큐르와 압생트가 더해져 훨씬 더 복합적이고 스파이시한 풍미를 자아냅니다.","http://onz-cocktail.kr/uploads/cocktails/onz_cocktail_Remember_the_Maine.webp","http://onz-cocktail.kr/uploads/glasses/onz_glasstype_coupe.webp","2026-01-12 17:55:00.598288","2026-01-12 17:55:00.598288","whiskey|fortified|liqueur","33","3","3","1","3","5","5","0","0","0","2","0","2","0","0","0","0","0","4","0","2","0","0","0","0","0","0","3","0","1","2","5","0","up","","verified","existing",""
"104","바라쿠다","Barracuda","보통","15","17","스페셜","럼","","하이볼","여름","골드 럼 45ml (1½ oz), 갈리아노 15ml (½ oz), 파인애플 주스 60ml (2 oz), 라임 주스 1 dash, 프로세코","","파인애플, 허브, 스파클링, 열대과일, 달콤한","여름, 휴양지, 축하, 상쾌한","3","1. 하이볼 잔에 얼음을 잔 끝까지 넣는다. / 2. 골드 럼 45ml (1½ oz), 갈리아노 15ml (½ oz), 파인애플 주스 60ml (2 oz), 라임 주스 1 dash를 붓는다. / 3. 프로세코를 잔 벽을 따라 천천히 채운다.","AUTO","0","0","0","2010년대에 이탈리아 바텐더 베니토 쿠오모(Benito Cuomo)가 만든 현대 칵테일입니다. 이름은 빠르고 날렵한 바다 물고기 '바라쿠다'에서 영감을 얻었습니다. 럼 베이스의 트로피컬 칵테일에 프로세코(스파클링 와인)를 더해 청량감을 살린 것이 특징입니다.","http://onz-cocktail.kr/uploads/cocktails/onz_cocktail_Barracuda.webp","http://onz-cocktail.kr/uploads/glasses/onz_glasstype_highball.webp","2026-01-12 17:55:00.599476","2026-01-12 17:55:00.599476","rum|liqueur|sparkling","16","2","4","3","0","2","2","4","0","4","0","0","2","0","0","0","0","0","0","0","0","0","0","0","0","3","0","0","2","4","2","3","0","up","","verified","existing",""
"105","티퍼러리","Tipperary","강함","28","30","스트롱","위스키","","쿠페","가을","아이리시 위스키 50ml (1⅔ oz), 스위트 베르무트 25ml (⅘ oz), 그린 샤르트뢰즈 12.5ml (⅖ oz), 앙고스투라 비터스 2 dashes","","허브, 스파이시, 쌉쌀달콤, 클래식, 위스키","클래식, 깊은 맛, 아일랜드, 차분한","3","1. 믹싱 글라스에 얼음을 채우고 아이리시 위스키 50ml (1⅔ oz), 스위트 베르무트 25ml (⅘ oz), 그린 샤르트뢰즈 12.5ml (⅖ oz), 앙고스투라 비터스 2 dashes를 넣는다. / 2. 20~30초간 충분히 젓는다. / 3. 미리 차갑게 식힌 쿠페 잔에 걸러 따른다.","AUTO","1","0","2","1916년 'Recipes for Mixed Drinks'라는 책에 처음 등장한 클래식 칵테일입니다. 이름은 1차 세계대전 당시 유행했던 아일랜드 군가 'It's a Long Way to Tipperary'에서 유래했습니다. 아이리시 위스키 베이스에 그린 샤르트뢰즈의 복합적인 허브향이 더해져 깊고 풍부한 풍미를 자아냅니다.","http://onz-cocktail.kr/uploads/cocktails/onz_cocktail_Tipperary.webp","http://onz-cocktail.kr/uploads/glasses/onz_glasstype_coupe.webp","2026-01-12 17:55:00.600863","2026-01-12 17:55:00.600863","whiskey|fortified|liqueur","29","3","3","0","2","5","4","0","0","0","0","0","4","0","0","0","0","0","3","0","0","0","0","0","0","0","0","3","0","1","1","5","0","up","","verified","existing",""
"106","압생트 피즈","Absinthe Fizz","보통","11","13","스탠다드","리큐르","","하이볼","사계절","압생트 45ml (1½ oz), 레몬 주스 20ml (⅔ oz), 설탕 시럽 15ml (½ oz), 계란 흰자 1개분, 탄산수 적당량(약 90ml)","","달콤, 강한, 탄산, 아니스, 시트러스","식전","4","1. 셰이커에 얼음과 압생트 45ml (1½ oz), 레몬 주스 20ml (⅔ oz), 설탕 시럽 15ml (½ oz), 계란 흰자 1개분을 넣고 15초간 셰이킹한다. / 2. 얼음을 채운 하이볼에 걸러 따른다. / 3. 탄산수 적당량(약 90ml)로 채우고 바 스푼으로 가볍게 한 번 젓는다. / 4. 레몬 필로 가니시한다.","AUTO","0","0","0","사워에 탄산수를 더하는 피즈 계열 칵테일. 개별 창시자 기록은 없음.
피즈는 사워 계열에서 파생되어 1900~1940년대 미국에서 크게 유행함.","https://raw.githubusercontent.com/rlaaudgjs2/onz-cocktail-images/main/cocktail_image_file/old/onz_cocktail_Absinthe_Fizz.webp","http://onz-cocktail.kr/uploads/glasses/onz_glasstype_highball.webp","2026-09-22 12:00:00","2026-09-22 12:00:00","liqueur","12","1","3","2","0","3","2","4","3","0","0","0","0","0","0","0","0","0","0","0","5","0","2","0","0","0","0","0","0","1","1","3","1","long","egg","verified","image_old","https://en.wikipedia.org/wiki/Fizz_(cocktail)"
"107","압생트 수어사이드","Absinthe Suicide","강함","44","46","스트롱","리큐르","","샷 글라스","사계절","압생트 45ml (1½ oz), 설탕 각설탕 1 tsp, 물 적당량","","강한, 묵직한, 아니스, 허브","","1","1. 샷 글라스에 압생트 45ml (1½ oz), 설탕 각설탕 1 tsp, 물 적당량을 따른다.","AUTO","0","0","0","문헌으로 확인되는 유래 기록을 찾지 못함.","https://raw.githubusercontent.com/rlaaudgjs2/onz-cocktail-images/main/cocktail_image_file/old/onz_cocktail_Absinthe_Suicide.webp","http://onz-cocktail.kr/uploads/glasses/onz_glasstype_rocks.webp","2026-09-22 12:00:00","2026-09-22 12:00:00","liqueur","45","3","1","0","2","5","4","0","0","0","0","0","3","0","0","0","0","0","0","0","5","0","0","0","0","0","0","1","0","0","0","2","1","shot","","verified","image_old",""
"108","아카풀코 선셋","Acapulco Sunset","보통","13","15","스탠다드","테킬라","","쿠페","여름","테킬라 45ml (1½ oz), 오렌지 주스 30ml (1 oz), 파인애플 주스 30ml (1 oz), 라임 주스 20ml (⅔ oz), 그레나딘 10ml (⅓ oz)","","달콤, 상큼, 열대과일, 시트러스","상쾌한, 파티","3","1. 셰이커에 얼음과 테킬라 45ml (1½ oz), 오렌지 주스 30ml (1 oz), 파인애플 주스 30ml (1 oz), 라임 주스 20ml (⅔ oz), 그레나딘 10ml (⅓ oz)를 넣고 15초간 강하게 셰이킹한다. / 2. 차갑게 식힌 쿠페에 걸러 따른다. / 3. 라임 휠로 가니시한다.","AUTO","0","0","0","onz 오리지널 레시피 (이미지 기반 추정, 검수 필요)","https://raw.githubusercontent.com/rlaaudgjs2/onz-cocktail-images/main/cocktail_image_file/old/onz_cocktail_Acapulco_Sunset.webp","http://onz-cocktail.kr/uploads/glasses/onz_glasstype_coupe.webp","2026-09-22 12:00:00","2026-09-22 12:00:00","tequila","14","1","4","3","0","2","2","0","3","3","2","0","0","0","0","0","0","0","0","0","0","0","0","0","0","3","3","0","0","5","2","1","0","up","","needs_review","image_old",""
"109","어피니티","Affinity","강함","27","29","스트롱","위스키","","쿠페","가을","스카치 위스키 45ml (1½ oz), 스위트 베르무트 20ml (⅔ oz), 드라이 베르무트 20ml (⅔ oz), 앙고스투라 비터스 2 dashes","","쌉싸름, 강한, 묵직한, 오크·캐러멜, 허브","천천히 음미","3","1. 믹싱 글라스에 얼음과 스카치 위스키 45ml (1½ oz), 스위트 베르무트 20ml (⅔ oz), 드라이 베르무트 20ml (⅔ oz), 앙고스투라 비터스 2 dashes를 넣는다. / 2. 20~30초간 충분히 젓는다. / 3. 차갑게 식힌 쿠페에 걸러 따른다.","AUTO","0","0","0","1907년 10월 28일 『뉴욕 선』에 처음 등장함.
스카치 위스키와 드라이·스위트 베르무트를 같은 양으로 섞는 지금의 레시피는 1909년 제이콥 디디에의 바텐더 안내서에서 나왔고, 1930년 『사보이 칵테일 북』에도 실림.","https://raw.githubusercontent.com/rlaaudgjs2/onz-cocktail-images/main/cocktail_image_file/old/onz_cocktail_Affinity.webp","http://onz-cocktail.kr/uploads/glasses/onz_glasstype_coupe.webp","2026-09-22 12:00:00","2026-09-22 12:00:00","whiskey|fortified","28","3","2","1","3","5","3","0","0","0","0","0","3","0","0","0","0","0","4","0","0","0","0","0","0","0","0","3","0","1","1","4","0","up","","verified","image_old","https://www.diffordsguide.com/cocktails/recipe/19/affinity"
"110","아가베 사워","Agave Sour","보통","16","18","스탠다드","테킬라","","록스","사계절","테킬라 45ml (1½ oz), 라임 주스 20ml (⅔ oz), 아가베 시럽 15ml (½ oz), 계란 흰자 1개분","","달콤, 상큼, 묵직한, 시트러스","파티, 식사와 함께","4","1. 셰이커에 테킬라 45ml (1½ oz), 라임 주스 20ml (⅔ oz), 아가베 시럽 15ml (½ oz), 계란 흰자 1개분을 넣고 얼음 없이 10초간 드라이 셰이킹한다. / 2. 얼음을 넣고 15초간 다시 강하게 셰이킹한다. / 3. 큰 얼음을 넣은 록스에 걸러 따른다. / 4. 라임 휠로 가니시한다.","AUTO","0","0","0","술에 시트러스와 단맛을 더하는 사워 계열 칵테일. 개별 창시자 기록은 없음.
사워 계열의 대표인 위스키 사워는 1870년 미국 위스콘신의 신문 『워키쇼 플레인 딜러』에 처음 기록됨.","https://raw.githubusercontent.com/rlaaudgjs2/onz-cocktail-images/main/cocktail_image_file/old/onz_cocktail_Agave_Sour.webp","http://onz-cocktail.kr/uploads/glasses/onz_glasstype_rocks.webp","2026-09-22 12:00:00","2026-09-22 12:00:00","tequila","17","2","3","4","0","2","3","0","4","0","0","0","0","0","0","0","0","0","0","0","0","0","0","2","0","2","0","0","0","4","2","3","0","rocks","egg","verified","image_old","https://en.wikipedia.org/wiki/Whiskey_sour"
"111","아구아 프레스카 마가리타","Agua Fresca Margarita","보통","11","13","스탠다드","테킬라","","록스","여름","테킬라 45ml (1½ oz), 트리플 섹 15ml (½ oz), 수박·오이 아구아 프레스카 30ml (1 oz), 라임 주스 20ml (⅔ oz)","","달콤, 상큼, 시트러스, 과일향","상쾌한, 파티","3","1. 셰이커에 얼음과 테킬라 45ml (1½ oz), 트리플 섹 15ml (½ oz), 수박·오이 아구아 프레스카 30ml (1 oz), 라임 주스 20ml (⅔ oz)를 넣고 15초간 강하게 셰이킹한다. / 2. 큰 얼음을 넣은 록스에 걸러 따른다. / 3. 라임 휠로 가니시한다.","AUTO","0","0","0","마가리타 변형. 개별 창시자 기록은 없음.
마가리타는 1930~40년대 멕시코에서 생겼다는 여러 설이 있고 첫 레시피는 1953년 『에스콰이어』에 실림. 과일 프로즌 마가리타는 1971년 댈러스에서 마가리타 기계가 나온 뒤 퍼짐.","https://raw.githubusercontent.com/rlaaudgjs2/onz-cocktail-images/main/cocktail_image_file/old/onz_cocktail_Agua_Fresca_Margarita.webp","http://onz-cocktail.kr/uploads/glasses/onz_glasstype_rocks.webp","2026-09-22 12:00:00","2026-09-22 12:00:00","tequila|liqueur","12","1","4","3","0","1","2","0","4","0","2","3","0","0","0","0","0","0","0","0","0","0","0","0","0","3","3","0","0","5","2","2","0","rocks","","verified","image_old","https://en.wikipedia.org/wiki/Margarita"
"112","알라모","Alamo","보통","13","15","스탠다드","테킬라","","록스","여름","테킬라 45ml (1½ oz), 오렌지 주스 30ml (1 oz), 파인애플 주스 30ml (1 oz), 라임 주스 20ml (⅔ oz)","","달콤, 시트러스, 열대과일","상쾌한, 파티","3","1. 셰이커에 얼음과 테킬라 45ml (1½ oz), 오렌지 주스 30ml (1 oz), 파인애플 주스 30ml (1 oz), 라임 주스 20ml (⅔ oz)를 넣고 15초간 강하게 셰이킹한다. / 2. 큰 얼음을 넣은 록스에 걸러 따른다. / 3. 라임 휠로 가니시한다.","AUTO","0","0","0","onz 오리지널 레시피 (이미지 기반 추정, 검수 필요)","https://raw.githubusercontent.com/rlaaudgjs2/onz-cocktail-images/main/cocktail_image_file/old/onz_cocktail_Alamo.webp","http://onz-cocktail.kr/uploads/glasses/onz_glasstype_rocks.webp","2026-09-22 12:00:00","2026-09-22 12:00:00","tequila","14","1","3","2","0","2","2","0","4","3","0","0","0","0","0","0","0","0","0","0","0","0","0","0","0","2","2","0","0","4","1","2","0","rocks","","needs_review","image_old",""
"113","알래스카","Alaska","강함","31","33","스트롱","진","","쿠페","사계절","진 45ml (1½ oz), 옐로 샤르트뢰즈 15ml (½ oz), 오렌지 비터스 2 dashes","","달콤, 강한, 묵직한, 허브","식전, 천천히 음미","3","1. 믹싱 글라스에 얼음과 진 45ml (1½ oz), 옐로 샤르트뢰즈 15ml (½ oz), 오렌지 비터스 2 dashes를 넣는다. / 2. 20~30초간 충분히 젓는다. / 3. 차갑게 식힌 쿠페에 걸러 따른다.","AUTO","0","0","0","해리 크래덕의 1930년 『사보이 칵테일 북』에 실린 진·옐로 샤르트뢰즈 칵테일.
크래덕은 ""아마 사우스캐롤라이나에서 처음 만들어졌을 것이며, 그래서 이런 이름이 붙었다""는 농담 섞인 설명을 남김.","https://raw.githubusercontent.com/rlaaudgjs2/onz-cocktail-images/main/cocktail_image_file/old/onz_cocktail_Alaska.webp","http://onz-cocktail.kr/uploads/glasses/onz_glasstype_coupe.webp","2026-09-22 12:00:00","2026-09-22 12:00:00","gin|liqueur","32","3","3","0","1","5","3","0","0","0","0","0","5","0","0","0","0","0","0","0","0","0","2","0","0","0","0","2","0","1","1","4","0","up","","verified","image_old","https://www.diffordsguide.com/cocktails/recipe/33/alaska-savoy-recipe"
"114","아말피 드림","Amalfi Dream","보통","11","13","스탠다드","리큐르","","플루트","여름","리몬첼로 45ml (1½ oz), 프로세코 적당량(약 90ml), 레몬 주스 20ml (⅔ oz), 민트 6~8장","","달콤, 상큼, 탄산, 시트러스","식전, 브런치, 상쾌한","5","1. 셰이커(또는 믹싱 글라스)에 민트 6~8장을 넣고 가볍게 으깬다. / 2. 셰이커에 얼음과 리몬첼로 45ml (1½ oz), 레몬 주스 20ml (⅔ oz)를 넣고 15초간 강하게 셰이킹한다. / 3. 차갑게 식힌 플루트에 더블 스트레이닝하여 따른다. / 4. 프로세코 적당량(약 90ml)로 채운다. / 5. 레몬 필로 가니시한다.","AUTO","0","0","0","onz 오리지널 레시피 (이미지 기반 추정, 검수 필요)","https://raw.githubusercontent.com/rlaaudgjs2/onz-cocktail-images/main/cocktail_image_file/old/onz_cocktail_Amalfi_Dream.webp","http://onz-cocktail.kr/uploads/glasses/onz_glasstype_flute.webp","2026-09-22 12:00:00","2026-09-22 12:00:00","liqueur|sparkling","12","1","4","3","0","1","1","4","5","0","0","0","1","0","0","0","0","0","0","0","0","0","2","0","0","0","2","0","2","4","2","2","0","up","","needs_review","image_old",""
"115","아마레또 밀크","Amaretto Milk","약함","7","9","라이트","리큐르","","록스","사계절","아마레또 45ml (1½ oz), 우유 90ml (3 oz)","","달콤, 묵직한, 크리미","디저트, 천천히 음미","2","1. 셰이커에 얼음과 아마레또 45ml (1½ oz), 우유 90ml (3 oz)를 넣고 15초간 강하게 셰이킹한다. / 2. 큰 얼음을 넣은 록스에 걸러 따른다.","AUTO","0","0","0","아마레또를 우유에 섞은 간단한 디저트 음료. 개별 창시자 기록은 없음.
아마레또는 1525년 이탈리아 사론노의 한 여관 여주인이 화가 베르나르디노 루이니에게 살구씨를 브랜디에 우려 선물했다는 전설로 유명한 리큐르.","https://raw.githubusercontent.com/rlaaudgjs2/onz-cocktail-images/main/cocktail_image_file/old/onz_cocktail_Amaretto_Milk.webp","http://onz-cocktail.kr/uploads/glasses/onz_glasstype_rocks.webp","2026-09-22 12:00:00","2026-09-22 12:00:00","liqueur","8","1","5","0","0","0","5","0","0","0","0","0","0","0","0","0","0","5","0","0","0","0","0","0","3","0","0","2","0","5","2","1","0","rocks","dairy|nut","verified","image_old","https://en.wikipedia.org/wiki/Amaretto"
"116","아마레또 사워","Amaretto Sour","보통","13","15","스탠다드","리큐르","","록스","사계절","아마레또 45ml (1½ oz), 레몬 주스 20ml (⅔ oz), 설탕 시럽 15ml (½ oz), 계란 흰자 1개분","","달콤, 상큼, 묵직한, 시트러스, 크리미","파티, 디저트","4","1. 셰이커에 아마레또 45ml (1½ oz), 레몬 주스 20ml (⅔ oz), 설탕 시럽 15ml (½ oz), 계란 흰자 1개분을 넣고 얼음 없이 10초간 드라이 셰이킹한다. / 2. 얼음을 넣고 15초간 다시 강하게 셰이킹한다. / 3. 큰 얼음을 넣은 록스에 걸러 따른다. / 4. 레몬 필로 가니시한다.","AUTO","0","0","0","1974년 아마레또 디 사로노의 수입사가 아마레또 2 : 레몬 주스 1의 간단한 레시피로 대중에 처음 소개함.
2012년 바텐더 제프리 모르겐탈러가 버번과 계란 흰자를 더한 현대식 버전을 선보여 다시 인기를 얻음.","https://raw.githubusercontent.com/rlaaudgjs2/onz-cocktail-images/main/cocktail_image_file/old/onz_cocktail_Amaretto_Sour.webp","http://onz-cocktail.kr/uploads/glasses/onz_glasstype_rocks.webp","2026-09-22 12:00:00","2026-09-22 12:00:00","liqueur","14","1","4","3","0","2","3","0","4","0","0","2","0","0","0","0","0","3","0","0","0","0","0","0","2","3","0","0","0","5","5","1","0","rocks","egg|nut","verified","image_old","https://en.wikipedia.org/wiki/Amaretto_sour"
"117","아마레또 스톤 사워","Amaretto Stone Sour","보통","11","13","스탠다드","리큐르","","하이볼","사계절","아마레또 45ml (1½ oz), 레몬 주스 20ml (⅔ oz), 오렌지 주스 90ml (3 oz), 설탕 시럽 15ml (½ oz)","","달콤, 상큼, 시트러스, 크리미","파티","3","1. 하이볼에 얼음을 채운다. / 2. 아마레또 45ml (1½ oz), 레몬 주스 20ml (⅔ oz), 오렌지 주스 90ml (3 oz), 설탕 시럽 15ml (½ oz)를 붓는다. / 3. 오렌지 필로 가니시한다.","AUTO","0","0","0","아마레또 사워에 오렌지 주스를 더한 '스톤 사워' 스타일 변형.
아마레또 사워는 1974년 아마레또 디 사로노의 수입사가 대중에 처음 소개함.","https://raw.githubusercontent.com/rlaaudgjs2/onz-cocktail-images/main/cocktail_image_file/old/onz_cocktail_Amaretto_Stone_Sour.webp","http://onz-cocktail.kr/uploads/glasses/onz_glasstype_highball.webp","2026-09-22 12:00:00","2026-09-22 12:00:00","liqueur","12","1","4","3","0","1","2","0","5","0","0","0","0","0","0","0","0","3","0","0","0","0","0","0","0","3","1","0","0","5","2","2","0","long","nut","verified","image_old","https://en.wikipedia.org/wiki/Amaretto_sour"
"118","아마존 그린","Amazon Green","보통","11","13","스탠다드","보드카","","하이볼","가을","보드카 45ml (1½ oz), 멜론 리큐르 15ml (½ oz), 라임 주스 20ml (⅔ oz), 탄산수 적당량(약 90ml)","","달콤, 상큼, 탄산, 과일향, 시트러스","파티","4","1. 하이볼에 얼음을 채운다. / 2. 보드카 45ml (1½ oz), 멜론 리큐르 15ml (½ oz), 라임 주스 20ml (⅔ oz)를 붓는다. / 3. 탄산수 적당량(약 90ml)로 채우고 바 스푼으로 가볍게 한 번 젓는다. / 4. 라임 휠로 가니시한다.","AUTO","0","0","0","onz 오리지널 레시피 (이미지 기반 추정, 검수 필요)","https://raw.githubusercontent.com/rlaaudgjs2/onz-cocktail-images/main/cocktail_image_file/old/onz_cocktail_Amazon_Green.webp","http://onz-cocktail.kr/uploads/glasses/onz_glasstype_highball.webp","2026-09-22 12:00:00","2026-09-22 12:00:00","vodka|liqueur","12","1","4","3","0","1","1","4","3","0","0","3","2","0","0","0","0","0","0","0","0","0","0","0","0","3","0","0","0","4","1","2","0","long","","needs_review","image_old",""
"119","앰배서더","Ambassador","보통","9","11","스탠다드","테킬라","","하이볼","여름","테킬라 45ml (1½ oz), 오렌지 주스 90ml (3 oz), 설탕 시럽 15ml (½ oz)","","달콤, 시트러스","브런치, 상쾌한","3","1. 하이볼에 얼음을 채운다. / 2. 테킬라 45ml (1½ oz), 오렌지 주스 90ml (3 oz), 설탕 시럽 15ml (½ oz)를 붓는다. / 3. 오렌지 필로 가니시한다.","AUTO","0","0","0","문헌으로 확인되는 유래 기록을 찾지 못함.","https://raw.githubusercontent.com/rlaaudgjs2/onz-cocktail-images/main/cocktail_image_file/old/onz_cocktail_Ambassador.webp","http://onz-cocktail.kr/uploads/glasses/onz_glasstype_highball.webp","2026-09-22 12:00:00","2026-09-22 12:00:00","tequila","10","1","3","2","0","1","2","0","5","0","0","0","0","0","0","0","0","0","0","0","0","0","0","0","0","0","2","0","2","4","2","2","0","long","","verified","image_old",""
"120","안데스 선라이즈","Andes Sunrise","보통","11","13","스탠다드","피스코","","록스","여름","피스코 45ml (1½ oz), 오렌지 주스 30ml (1 oz), 그레나딘 10ml (⅓ oz), 라임 주스 20ml (⅔ oz)","","달콤, 상큼, 시트러스","브런치, 상쾌한","3","1. 셰이커에 얼음과 피스코 45ml (1½ oz), 오렌지 주스 30ml (1 oz), 그레나딘 10ml (⅓ oz), 라임 주스 20ml (⅔ oz)를 넣고 15초간 강하게 셰이킹한다. / 2. 큰 얼음을 넣은 록스에 걸러 따른다. / 3. 라임 휠로 가니시한다.","AUTO","0","0","0","onz 오리지널 레시피 (이미지 기반 추정, 검수 필요)","https://raw.githubusercontent.com/rlaaudgjs2/onz-cocktail-images/main/cocktail_image_file/old/onz_cocktail_Andes_Sunrise.webp","http://onz-cocktail.kr/uploads/glasses/onz_glasstype_rocks.webp","2026-09-22 12:00:00","2026-09-22 12:00:00","pisco","12","1","4","3","0","1","2","0","4","0","2","0","0","0","0","0","0","0","0","0","0","0","0","0","0","0","2","0","2","4","1","2","0","rocks","","needs_review","image_old",""
"121","엔젤스 딜라이트","Angel's Delight","강함","19","21","스탠다드","진","","쿠페","봄","진 45ml (1½ oz), 트리플 섹 15ml (½ oz), 그레나딘 10ml (⅓ oz), 크림 30ml (1 oz)","","달콤, 묵직한, 크리미, 베리","디저트","2","1. 셰이커에 얼음과 진 45ml (1½ oz), 트리플 섹 15ml (½ oz), 그레나딘 10ml (⅓ oz), 크림 30ml (1 oz)를 넣고 15초간 강하게 셰이킹한다. / 2. 차갑게 식힌 쿠페에 걸러 따른다.","AUTO","0","0","0","문헌으로 확인되는 유래 기록을 찾지 못함.","https://raw.githubusercontent.com/rlaaudgjs2/onz-cocktail-images/main/cocktail_image_file/old/onz_cocktail_Angels_Delight.webp","http://onz-cocktail.kr/uploads/glasses/onz_glasstype_coupe.webp","2026-09-22 12:00:00","2026-09-22 12:00:00","gin|liqueur","20","2","5","2","0","1","4","0","0","0","3","0","0","0","0","0","0","4","0","0","0","0","0","0","3","0","0","0","0","4","1","3","0","up","dairy","verified","image_old",""
"122","앤티가 선셋","Antigua Sunset","보통","13","15","스탠다드","럼","","쿠페","여름","화이트 럼 45ml (1½ oz), 파인애플 주스 30ml (1 oz), 오렌지 주스 30ml (1 oz), 그레나딘 10ml (⅓ oz)","","달콤, 상큼, 열대과일, 시트러스","상쾌한, 파티","3","1. 셰이커에 얼음과 화이트 럼 45ml (1½ oz), 파인애플 주스 30ml (1 oz), 오렌지 주스 30ml (1 oz), 그레나딘 10ml (⅓ oz)를 넣고 15초간 강하게 셰이킹한다. / 2. 차갑게 식힌 쿠페에 걸러 따른다. / 3. 오렌지 필로 가니시한다.","AUTO","0","0","0","onz 오리지널 레시피 (이미지 기반 추정, 검수 필요)","https://raw.githubusercontent.com/rlaaudgjs2/onz-cocktail-images/main/cocktail_image_file/old/onz_cocktail_Antigua_Sunset.webp","http://onz-cocktail.kr/uploads/glasses/onz_glasstype_coupe.webp","2026-09-22 12:00:00","2026-09-22 12:00:00","rum","14","1","4","3","0","1","2","0","3","3","2","0","0","0","0","0","0","0","0","0","0","0","0","0","0","2","3","0","0","5","1","2","0","up","","needs_review","image_old",""
"123","애플 마티니","Apple Martini","강함","19","21","스탠다드","보드카","","마티니","가을","보드카 45ml (1½ oz), 사과 리큐르(애플 슈냅스) 15ml (½ oz), 레몬 주스 20ml (⅔ oz)","","달콤, 상큼, 과일향","파티","2","1. 셰이커에 얼음과 보드카 45ml (1½ oz), 사과 리큐르(애플 슈냅스) 15ml (½ oz), 레몬 주스 20ml (⅔ oz)를 넣고 15초간 강하게 셰이킹한다. / 2. 차갑게 식힌 마티니에 걸러 따른다.","AUTO","0","0","0","1980년대부터 마티니 잔에 담는 칵테일에 '~티니'라는 이름을 붙이는 유행이 생겼고, 애플티니도 그중 하나.
이름만 마티니일 뿐 전통 마티니와는 거리가 먼 달콤한 칵테일임.","https://raw.githubusercontent.com/rlaaudgjs2/onz-cocktail-images/main/cocktail_image_file/old/onz_cocktail_Apple_Martini.webp","http://onz-cocktail.kr/uploads/glasses/onz_glasstype_martini.webp","2026-09-22 12:00:00","2026-09-22 12:00:00","vodka|liqueur","20","2","4","4","0","2","2","0","2","0","0","5","0","0","0","0","0","0","0","0","0","0","0","0","0","3","0","0","0","5","4","2","0","up","","verified","image_old","https://en.wikipedia.org/wiki/Martini_(cocktail)"
"124","애플 로즈","Apple Rose","보통","13","15","스탠다드","보드카","","쿠페","가을","보드카 45ml (1½ oz), 사과 주스 30ml (1 oz), 로즈 시럽 15ml (½ oz), 레몬 주스 20ml (⅔ oz)","","달콤, 과일향, 꽃향","파티","2","1. 셰이커에 얼음과 보드카 45ml (1½ oz), 사과 주스 30ml (1 oz), 로즈 시럽 15ml (½ oz), 레몬 주스 20ml (⅔ oz)를 넣고 15초간 강하게 셰이킹한다. / 2. 차갑게 식힌 쿠페에 걸러 따른다.","AUTO","0","0","0","onz 오리지널 레시피 (이미지 기반 추정, 검수 필요)","https://raw.githubusercontent.com/rlaaudgjs2/onz-cocktail-images/main/cocktail_image_file/old/onz_cocktail_Apple_Rose.webp","http://onz-cocktail.kr/uploads/glasses/onz_glasstype_coupe.webp","2026-09-22 12:00:00","2026-09-22 12:00:00","vodka|liqueur","14","1","4","2","0","1","2","0","0","0","0","4","0","0","3","0","0","0","0","0","0","0","1","0","0","2","0","0","0","4","1","3","0","up","","needs_review","image_old",""
"125","애플잭 사워","Applejack Sour","보통","16","18","스탠다드","브랜디","","록스","가을","애플 브랜디 45ml (1½ oz), 레몬 주스 20ml (⅔ oz), 설탕 시럽 15ml (½ oz), 계란 흰자 1개분","","달콤, 상큼, 강한, 묵직한, 과일향, 시트러스","천천히 음미","4","1. 셰이커에 애플 브랜디 45ml (1½ oz), 레몬 주스 20ml (⅔ oz), 설탕 시럽 15ml (½ oz), 계란 흰자 1개분을 넣고 얼음 없이 10초간 드라이 셰이킹한다. / 2. 얼음을 넣고 15초간 다시 강하게 셰이킹한다. / 3. 큰 얼음을 넣은 록스에 걸러 따른다. / 4. 레몬 필로 가니시한다.","AUTO","0","0","0","술에 시트러스와 단맛을 더하는 사워 계열 칵테일. 개별 창시자 기록은 없음.
사워 계열의 대표인 위스키 사워는 1870년 미국 위스콘신의 신문 『워키쇼 플레인 딜러』에 처음 기록됨.","https://raw.githubusercontent.com/rlaaudgjs2/onz-cocktail-images/main/cocktail_image_file/old/onz_cocktail_Applejack_Sour.webp","http://onz-cocktail.kr/uploads/glasses/onz_glasstype_rocks.webp","2026-09-22 12:00:00","2026-09-22 12:00:00","brandy","17","2","3","4","0","3","3","0","3","0","0","4","0","0","0","0","0","0","2","0","0","0","0","1","0","0","0","2","0","3","2","3","0","rocks","egg","verified","image_old","https://en.wikipedia.org/wiki/Whiskey_sour"
"126","아레키파 선셋","Arequipa Sunset","보통","12","14","스탠다드","피스코","","쿠페","여름","피스코 45ml (1½ oz), 패션프루트 주스 30ml (1 oz), 레몬 주스 20ml (⅔ oz), 그레나딘 10ml (⅓ oz)","","달콤, 상큼, 시트러스, 베리","상쾌한, 파티","3","1. 셰이커에 얼음과 피스코 45ml (1½ oz), 패션프루트 주스 30ml (1 oz), 레몬 주스 20ml (⅔ oz), 그레나딘 10ml (⅓ oz)를 넣고 15초간 강하게 셰이킹한다. / 2. 차갑게 식힌 쿠페에 걸러 따른다. / 3. 레몬 필로 가니시한다.","AUTO","0","0","0","onz 오리지널 레시피 (이미지 기반 추정, 검수 필요)","https://raw.githubusercontent.com/rlaaudgjs2/onz-cocktail-images/main/cocktail_image_file/old/onz_cocktail_Arequipa_Sunset.webp","http://onz-cocktail.kr/uploads/glasses/onz_glasstype_coupe.webp","2026-09-22 12:00:00","2026-09-22 12:00:00","pisco","13","1","4","3","0","1","2","0","3","2","3","0","0","0","0","0","0","0","0","0","0","0","0","0","0","2","2","0","0","4","1","2","0","up","","needs_review","image_old",""
"127","아리랑 선셋","Arirang Sunset","보통","9","11","스탠다드","소주","","쿠페","여름","소주 45ml (1½ oz), 복숭아 리큐르 15ml (½ oz), 자몽 주스 30ml (1 oz), 그레나딘 10ml (⅓ oz)","","달콤, 과일향, 베리","파티, 상쾌한","2","1. 셰이커에 얼음과 소주 45ml (1½ oz), 복숭아 리큐르 15ml (½ oz), 자몽 주스 30ml (1 oz), 그레나딘 10ml (⅓ oz)를 넣고 15초간 강하게 셰이킹한다. / 2. 차갑게 식힌 쿠페에 걸러 따른다.","AUTO","0","0","0","onz 오리지널 레시피 (이미지 기반 추정, 검수 필요)","https://raw.githubusercontent.com/rlaaudgjs2/onz-cocktail-images/main/cocktail_image_file/old/onz_cocktail_Arirang_Sunset.webp","http://onz-cocktail.kr/uploads/glasses/onz_glasstype_coupe.webp","2026-09-22 12:00:00","2026-09-22 12:00:00","soju","10","1","4","2","0","1","2","0","2","0","3","3","0","0","0","0","0","0","0","0","0","0","0","0","0","3","2","0","0","5","1","2","0","up","","needs_review","image_old",""
"128","아루바 아로마","Aruba Aroma","보통","13","15","스탠다드","럼","","하이볼","여름","화이트 럼 45ml (1½ oz), 파인애플 주스 90ml (3 oz), 라임 주스 20ml (⅔ oz), 코코넛 시럽 15ml (½ oz), 민트 6~8장","","달콤, 열대과일, 시트러스","상쾌한, 파티","4","1. 하이볼에 민트 6~8장을 넣고 머들러로 가볍게 으깬다. / 2. 하이볼에 얼음을 채운다. / 3. 화이트 럼 45ml (1½ oz), 파인애플 주스 90ml (3 oz), 라임 주스 20ml (⅔ oz), 코코넛 시럽 15ml (½ oz)를 붓는다. / 4. 라임 휠로 가니시한다.","AUTO","0","0","0","onz 오리지널 레시피 (이미지 기반 추정, 검수 필요)","https://raw.githubusercontent.com/rlaaudgjs2/onz-cocktail-images/main/cocktail_image_file/old/onz_cocktail_Aruba_Aroma.webp","http://onz-cocktail.kr/uploads/glasses/onz_glasstype_highball.webp","2026-09-22 12:00:00","2026-09-22 12:00:00","rum","14","1","4","2","0","1","2","0","3","4","0","0","0","1","0","0","0","0","0","0","0","0","0","0","0","2","3","0","0","5","1","2","0","long","","needs_review","image_old",""
"129","아즈텍 마가리타","Aztec Margarita","강함","21","23","스페셜","테킬라","","록스","가을","테킬라 45ml (1½ oz), 크렘 드 카카오 15ml (½ oz), 라임 주스 20ml (⅔ oz), 칠리 비터스 2 dashes","","달콤, 상큼, 강한, 묵직한, 커피·초콜릿, 스파이시, 시트러스","천천히 음미","3","1. 셰이커에 얼음과 테킬라 45ml (1½ oz), 크렘 드 카카오 15ml (½ oz), 라임 주스 20ml (⅔ oz), 칠리 비터스 2 dashes를 넣고 15초간 강하게 셰이킹한다. / 2. 큰 얼음을 넣은 록스에 걸러 따른다. / 3. 라임 휠로 가니시한다.","AUTO","0","0","0","onz 오리지널 레시피 (이미지 기반 추정, 검수 필요)","https://raw.githubusercontent.com/rlaaudgjs2/onz-cocktail-images/main/cocktail_image_file/old/onz_cocktail_Aztec_Margarita.webp","http://onz-cocktail.kr/uploads/glasses/onz_glasstype_rocks.webp","2026-09-22 12:00:00","2026-09-22 12:00:00","tequila|liqueur","22","2","4","3","1","3","3","0","3","0","0","0","0","0","0","3","3","0","0","0","0","0","0","0","1","0","0","2","0","2","1","4","0","rocks","","needs_review","image_old",""
"130","바카디 칵테일","Bacardi Cocktail","강함","21","23","스탠다드","럼","","쿠페","사계절","화이트 럼 45ml (1½ oz), 라임 주스 20ml (⅔ oz), 그레나딘 10ml (⅓ oz)","","달콤, 상큼, 강한, 시트러스","파티","3","1. 셰이커에 얼음과 화이트 럼 45ml (1½ oz), 라임 주스 20ml (⅔ oz), 그레나딘 10ml (⅓ oz)를 넣고 15초간 강하게 셰이킹한다. / 2. 차갑게 식힌 쿠페에 걸러 따른다. / 3. 라임 휠로 가니시한다.","AUTO","0","0","0","쿠바에서 바카디 사의 럼으로 만들던 칵테일에서 출발했으며, 그레나딘을 넣은 붉은 버전은 미국에서 퍼짐.
1936년 4월 28일 뉴욕주 대법원은 '바카디 칵테일'이라는 이름을 쓰려면 반드시 바카디 럼을 사용해야 한다고 판결함.","https://raw.githubusercontent.com/rlaaudgjs2/onz-cocktail-images/main/cocktail_image_file/old/onz_cocktail_Bacardi_Cocktail.webp","http://onz-cocktail.kr/uploads/glasses/onz_glasstype_coupe.webp","2026-09-22 12:00:00","2026-09-22 12:00:00","rum","22","2","4","4","0","3","2","0","4","0","2","0","0","0","0","0","0","0","0","0","0","0","1","0","0","2","0","0","0","4","2","3","0","up","","verified","image_old","https://en.wikipedia.org/wiki/Bacardi_cocktail"
"131","바하마 마마","Bahama Mama","보통","13","15","스탠다드","럼","","하이볼","여름","다크 럼 30ml (1 oz), 코코넛 럼 30ml (1 oz), 커피 리큐르 15ml (½ oz), 파인애플 주스 90ml (3 oz), 레몬 주스 20ml (⅔ oz)","","달콤, 묵직한, 열대과일","상쾌한, 파티","2","1. 하이볼에 얼음을 채운다. / 2. 다크 럼 30ml (1 oz), 코코넛 럼 30ml (1 oz), 커피 리큐르 15ml (½ oz), 파인애플 주스 90ml (3 oz), 레몬 주스 20ml (⅔ oz)를 붓는다.","AUTO","0","0","0","문헌으로 확인되는 유래 기록을 찾지 못함.","https://raw.githubusercontent.com/rlaaudgjs2/onz-cocktail-images/main/cocktail_image_file/old/onz_cocktail_Bahama_Mama.webp","http://onz-cocktail.kr/uploads/glasses/onz_glasstype_highball.webp","2026-09-22 12:00:00","2026-09-22 12:00:00","rum|liqueur","14","1","5","2","0","2","3","0","0","5","0","0","0","0","0","0","1","2","0","0","0","0","0","0","0","3","3","0","0","5","3","1","0","long","caffeine","verified","image_old",""
"132","바하마스 블루","Bahamas Blue","보통","13","15","스탠다드","럼","","하이볼","여름","화이트 럼 45ml (1½ oz), 블루 큐라소 15ml (½ oz), 파인애플 주스 90ml (3 oz), 레몬 주스 20ml (⅔ oz), 탄산수 적당량(약 90ml)","","달콤, 탄산, 열대과일, 시트러스","상쾌한, 파티","4","1. 하이볼에 얼음을 채운다. / 2. 화이트 럼 45ml (1½ oz), 블루 큐라소 15ml (½ oz), 파인애플 주스 90ml (3 oz), 레몬 주스 20ml (⅔ oz)를 붓는다. / 3. 탄산수 적당량(약 90ml)로 채우고 바 스푼으로 가볍게 한 번 젓는다. / 4. 레몬 필로 가니시한다.","AUTO","0","0","0","onz 오리지널 레시피 (이미지 기반 추정, 검수 필요)","https://raw.githubusercontent.com/rlaaudgjs2/onz-cocktail-images/main/cocktail_image_file/old/onz_cocktail_Bahamas_Blue.webp","http://onz-cocktail.kr/uploads/glasses/onz_glasstype_highball.webp","2026-09-22 12:00:00","2026-09-22 12:00:00","rum|liqueur","14","1","5","2","0","1","2","4","3","4","0","0","0","0","0","0","0","0","0","0","0","0","0","0","0","3","3","0","0","5","1","2","0","long","","needs_review","image_old",""
"133","베일리스 마티니","Baileys Martini","강함","19","21","스탠다드","보드카","","마티니","사계절","보드카 45ml (1½ oz), 베일리스 15ml (½ oz), 바닐라 적당량","","달콤, 묵직한, 크리미","디저트","3","1. 믹싱 글라스에 얼음과 보드카 45ml (1½ oz), 베일리스 15ml (½ oz), 바닐라 적당량을 넣는다. / 2. 20~30초간 충분히 젓는다. / 3. 차갑게 식힌 마티니에 걸러 따른다.","AUTO","0","0","0","1974년 출시된 최초의 아이리시 크림 리큐르인 베일리스로 만드는 디저트 마티니. 개별 창시자 기록은 없음.
베일리스는 1971년 광고 기획자 톰 재고가 길비스 오브 아일랜드의 의뢰로 개발함.","https://raw.githubusercontent.com/rlaaudgjs2/onz-cocktail-images/main/cocktail_image_file/old/onz_cocktail_Baileys_Martini.webp","http://onz-cocktail.kr/uploads/glasses/onz_glasstype_martini.webp","2026-09-22 12:00:00","2026-09-22 12:00:00","vodka|liqueur","20","2","5","0","0","2","5","0","0","0","0","0","0","0","0","0","2","5","0","0","0","0","0","0","3","0","0","0","0","4","3","2","0","up","dairy","verified","image_old","https://en.wikipedia.org/wiki/Baileys_Irish_Cream"
"134","발리 선셋","Bali Sunset","보통","13","15","스탠다드","럼","","록스","여름","화이트 럼 45ml (1½ oz), 망고 주스 30ml (1 oz), 라임 주스 20ml (⅔ oz), 그레나딘 10ml (⅓ oz), 민트 6~8장","","달콤, 상큼, 열대과일","상쾌한, 파티","3","1. 셰이커(또는 믹싱 글라스)에 민트 6~8장을 넣고 가볍게 으깬다. / 2. 셰이커에 얼음과 화이트 럼 45ml (1½ oz), 망고 주스 30ml (1 oz), 라임 주스 20ml (⅔ oz), 그레나딘 10ml (⅓ oz)를 넣고 15초간 강하게 셰이킹한다. / 3. 큰 얼음을 넣은 록스에 더블 스트레이닝하여 따른다.","AUTO","0","0","0","onz 오리지널 레시피 (이미지 기반 추정, 검수 필요)","https://raw.githubusercontent.com/rlaaudgjs2/onz-cocktail-images/main/cocktail_image_file/old/onz_cocktail_Bali_Sunset.webp","http://onz-cocktail.kr/uploads/glasses/onz_glasstype_rocks.webp","2026-09-22 12:00:00","2026-09-22 12:00:00","rum","14","1","4","3","0","2","2","0","0","4","2","0","0","1","0","0","0","0","0","0","0","0","0","0","0","2","3","0","0","5","1","2","0","rocks","","needs_review","image_old",""
"135","바나나 다이키리","Banana Daiquiri","보통","13","15","스탠다드","럼","","허리케인","여름","화이트 럼 45ml (1½ oz), 바나나 ½개, 바나나 리큐르 15ml (½ oz), 라임 주스 20ml (⅔ oz), 설탕 시럽 15ml (½ oz)","","달콤, 상큼, 묵직한, 열대과일","상쾌한, 디저트","3","1. 블렌더에 화이트 럼 45ml (1½ oz), 바나나 리큐르 15ml (½ oz), 라임 주스 20ml (⅔ oz), 설탕 시럽 15ml (½ oz), 바나나 ½개와 얼음 1컵을 넣는다. / 2. 부드러워질 때까지 20~30초간 간다. / 3. 허리케인에 따른다.","AUTO","0","0","0","다이키리 변형. 개별 창시자 기록은 없음.
다이키리는 1898년경 쿠바에서 미국인 광산 기사 제닝스 콕스가 만들었고, 과일을 갈아 넣은 프로즌 다이키리는 이후 대중화됨.","https://raw.githubusercontent.com/rlaaudgjs2/onz-cocktail-images/main/cocktail_image_file/old/onz_cocktail_Banana_Daiquiri.webp","http://onz-cocktail.kr/uploads/glasses/onz_glasstype_hurricane.webp","2026-09-22 12:00:00","2026-09-22 12:00:00","rum|liqueur","14","1","4","3","0","1","4","0","2","5","0","0","0","0","0","0","0","0","0","0","0","0","0","0","2","0","3","0","0","5","3","2","0","frozen","","verified","image_old","https://en.wikipedia.org/wiki/Daiquiri"
"136","방콕 사워","Bangkok Sour","보통","15","17","스탠다드","럼","","쿠페","사계절","화이트 럼 45ml (1½ oz), 레몬그라스 시럽 15ml (½ oz), 라임 주스 20ml (⅔ oz), 계란 흰자 1개분","","달콤, 상큼, 묵직한, 시트러스, 허브","식사와 함께","4","1. 셰이커에 화이트 럼 45ml (1½ oz), 레몬그라스 시럽 15ml (½ oz), 라임 주스 20ml (⅔ oz), 계란 흰자 1개분을 넣고 얼음 없이 10초간 드라이 셰이킹한다. / 2. 얼음을 넣고 15초간 다시 강하게 셰이킹한다. / 3. 차갑게 식힌 쿠페에 걸러 따른다. / 4. 라임 휠로 가니시한다.","AUTO","0","0","0","onz 오리지널 레시피 (이미지 기반 추정, 검수 필요)","https://raw.githubusercontent.com/rlaaudgjs2/onz-cocktail-images/main/cocktail_image_file/old/onz_cocktail_Bangkok_Sour.webp","http://onz-cocktail.kr/uploads/glasses/onz_glasstype_coupe.webp","2026-09-22 12:00:00","2026-09-22 12:00:00","rum","16","2","3","4","0","2","3","0","4","0","0","0","3","0","0","2","0","0","0","0","0","0","0","2","0","1","0","0","0","3","1","2","0","up","egg","needs_review","image_old",""
"137","바베이도스 선셋","Barbados Sunset","보통","14","16","스탠다드","럼","","쿠페","여름","골드 럼 45ml (1½ oz), 오렌지 주스 30ml (1 oz), 라임 주스 20ml (⅔ oz), 그레나딘 10ml (⅓ oz)","","달콤, 상큼, 열대과일, 시트러스","상쾌한, 파티","3","1. 셰이커에 얼음과 골드 럼 45ml (1½ oz), 오렌지 주스 30ml (1 oz), 라임 주스 20ml (⅔ oz), 그레나딘 10ml (⅓ oz)를 넣고 15초간 강하게 셰이킹한다. / 2. 차갑게 식힌 쿠페에 걸러 따른다. / 3. 라임 휠로 가니시한다.","AUTO","0","0","0","onz 오리지널 레시피 (이미지 기반 추정, 검수 필요)","https://raw.githubusercontent.com/rlaaudgjs2/onz-cocktail-images/main/cocktail_image_file/old/onz_cocktail_Barbados_Sunset.webp","http://onz-cocktail.kr/uploads/glasses/onz_glasstype_coupe.webp","2026-09-22 12:00:00","2026-09-22 12:00:00","rum","15","2","4","3","0","2","2","0","3","3","2","0","0","0","0","0","0","0","1","0","0","0","0","0","0","2","3","0","0","5","1","2","0","up","","needs_review","image_old",""
"138","바르셀로나 사워","Barcelona Sour","보통","16","18","스탠다드","브랜디","","쿠페","사계절","스페인 브랜디 45ml (1½ oz), 레몬 주스 20ml (⅔ oz), 설탕 시럽 15ml (½ oz), 계란 흰자 1개분","","달콤, 상큼, 묵직한, 시트러스","천천히 음미","4","1. 셰이커에 스페인 브랜디 45ml (1½ oz), 레몬 주스 20ml (⅔ oz), 설탕 시럽 15ml (½ oz), 계란 흰자 1개분을 넣고 얼음 없이 10초간 드라이 셰이킹한다. / 2. 얼음을 넣고 15초간 다시 강하게 셰이킹한다. / 3. 차갑게 식힌 쿠페에 걸러 따른다. / 4. 레몬 필로 가니시한다.","AUTO","0","0","0","onz 오리지널 레시피 (이미지 기반 추정, 검수 필요)","https://raw.githubusercontent.com/rlaaudgjs2/onz-cocktail-images/main/cocktail_image_file/old/onz_cocktail_Barcelona_Sour.webp","http://onz-cocktail.kr/uploads/glasses/onz_glasstype_coupe.webp","2026-09-22 12:00:00","2026-09-22 12:00:00","brandy","17","2","3","4","0","2","3","0","4","0","0","1","0","0","0","0","0","0","2","0","0","0","0","1","0","0","0","2","0","3","1","3","0","up","egg","needs_review","image_old",""
"139","바질 리몬첼로","Basil Limoncello","보통","15","17","스탠다드","리큐르","","록스","여름","리몬첼로 45ml (1½ oz), 진 45ml (1½ oz), 바질 6~8장, 레몬 주스 20ml (⅔ oz)","","달콤, 상큼, 시트러스, 허브","상쾌한, 식전","4","1. 셰이커(또는 믹싱 글라스)에 바질 6~8장을 넣고 가볍게 으깬다. / 2. 셰이커에 얼음과 리몬첼로 45ml (1½ oz), 진 45ml (1½ oz), 레몬 주스 20ml (⅔ oz)를 넣고 15초간 강하게 셰이킹한다. / 3. 큰 얼음을 넣은 록스에 더블 스트레이닝하여 따른다. / 4. 레몬 필로 가니시한다.","AUTO","0","0","0","이탈리아 남부 레몬 리큐르인 리몬첼로에 바질을 더한 칵테일. 개별 창시자 기록은 없음.
리몬첼로는 1900년경 아말피 해안이나 시칠리아에서 생겼다는 등 기원에 여러 설이 있음.","https://raw.githubusercontent.com/rlaaudgjs2/onz-cocktail-images/main/cocktail_image_file/old/onz_cocktail_Basil_Limoncello.webp","http://onz-cocktail.kr/uploads/glasses/onz_glasstype_rocks.webp","2026-09-22 12:00:00","2026-09-22 12:00:00","liqueur|gin","16","2","4","4","0","2","2","0","5","0","0","0","4","0","0","0","0","0","0","0","0","0","2","0","0","0","2","0","0","4","2","2","0","rocks","","verified","image_old","https://en.wikipedia.org/wiki/Limoncello"
"140","뷰티 슬립","Beauty Sleep","보통","11","13","스탠다드","진","","쿠페","봄","진 45ml (1½ oz), 엘더플라워 리큐르 20ml (⅔ oz), 자몽 주스 30ml (1 oz), 탄산수 적당량(약 90ml)","","달콤, 상큼, 탄산, 시트러스, 꽃향","식전, 브런치","4","1. 셰이커에 얼음과 진 45ml (1½ oz), 엘더플라워 리큐르 20ml (⅔ oz), 자몽 주스 30ml (1 oz)를 넣고 15초간 강하게 셰이킹한다. / 2. 차갑게 식힌 쿠페에 걸러 따른다. / 3. 탄산수 적당량(약 90ml)로 채운다. / 4. 레몬 필로 가니시한다.","AUTO","0","0","0","onz 오리지널 레시피 (이미지 기반 추정, 검수 필요)","https://raw.githubusercontent.com/rlaaudgjs2/onz-cocktail-images/main/cocktail_image_file/old/onz_cocktail_Beauty_Sleep.webp","http://onz-cocktail.kr/uploads/glasses/onz_glasstype_coupe.webp","2026-09-22 12:00:00","2026-09-22 12:00:00","gin|liqueur","12","1","3","3","0","1","1","4","3","0","0","0","0","0","3","0","0","0","0","0","0","0","2","0","0","0","0","0","2","4","1","3","0","up","","needs_review","image_old",""
"141","비 스팅","Bee Sting","보통","17","19","스탠다드","위스키","","록스","가을","위스키 45ml (1½ oz), 꿀 시럽 15ml (½ oz), 레몬 주스 20ml (⅔ oz), 생강 2~3조각","","달콤, 상큼, 묵직한, 스파이시, 시트러스","천천히 음미","4","1. 셰이커(또는 믹싱 글라스)에 생강 2~3조각을 넣고 가볍게 으깬다. / 2. 셰이커에 얼음과 위스키 45ml (1½ oz), 꿀 시럽 15ml (½ oz), 레몬 주스 20ml (⅔ oz)를 넣고 15초간 강하게 셰이킹한다. / 3. 큰 얼음을 넣은 록스에 더블 스트레이닝하여 따른다. / 4. 레몬 필로 가니시한다.","AUTO","0","0","0","문헌으로 확인되는 유래 기록을 찾지 못함.","https://raw.githubusercontent.com/rlaaudgjs2/onz-cocktail-images/main/cocktail_image_file/old/onz_cocktail_Bee_Sting.webp","http://onz-cocktail.kr/uploads/glasses/onz_glasstype_rocks.webp","2026-09-22 12:00:00","2026-09-22 12:00:00","whiskey","18","2","4","3","0","2","3","0","3","0","0","0","0","0","0","4","0","0","2","0","0","0","0","1","0","0","0","2","0","3","1","3","0","rocks","","verified","image_old",""
"142","비어 마가리타","Beer Margarita","약함","8","10","라이트","테킬라","","하이볼","여름","테킬라 45ml (1½ oz), 맥주 적당량(약 90ml), 라임 주스 20ml (⅔ oz), 트리플 섹 15ml (½ oz)","","달콤, 상큼, 탄산, 시트러스","파티, 상쾌한","4","1. 하이볼에 얼음을 채운다. / 2. 테킬라 45ml (1½ oz), 라임 주스 20ml (⅔ oz), 트리플 섹 15ml (½ oz)를 붓는다. / 3. 맥주 적당량(약 90ml)로 채우고 바 스푼으로 가볍게 한 번 젓는다. / 4. 라임 휠로 가니시한다.","AUTO","0","0","0","마가리타 변형. 개별 창시자 기록은 없음.
마가리타는 1930~40년대 멕시코에서 생겼다는 여러 설이 있고 첫 레시피는 1953년 『에스콰이어』에 실림. 과일 프로즌 마가리타는 1971년 댈러스에서 마가리타 기계가 나온 뒤 퍼짐.","https://raw.githubusercontent.com/rlaaudgjs2/onz-cocktail-images/main/cocktail_image_file/old/onz_cocktail_Beer_Margarita.webp","http://onz-cocktail.kr/uploads/glasses/onz_glasstype_highball.webp","2026-09-22 12:00:00","2026-09-22 12:00:00","tequila|beer","9","1","3","3","0","1","2","4","5","0","0","0","0","0","0","0","0","0","0","0","0","0","0","0","0","3","3","0","0","4","3","2","0","long","","verified","image_old","https://en.wikipedia.org/wiki/Margarita"
"143","비어 모히또","Beer Mojito","약함","7","9","라이트","럼","","하이볼","여름","화이트 럼 45ml (1½ oz), 라거 맥주 적당량(약 90ml), 라임 ½개, 민트 6~8장, 설탕 1 tsp","","달콤, 탄산, 민트, 시트러스","파티, 상쾌한","5","1. 하이볼에 라임 ½개, 민트 6~8장을 넣고 머들러로 가볍게 으깬다. / 2. 하이볼에 얼음을 채운다. / 3. 화이트 럼 45ml (1½ oz), 설탕 1 tsp를 붓는다. / 4. 라거 맥주 적당량(약 90ml)로 채우고 바 스푼으로 가볍게 한 번 젓는다. / 5. 라임 휠로 가니시한다.","AUTO","0","0","0","모히또 변형. 개별 창시자 기록은 없음.
모히또는 쿠바 아바나에서 사탕수수 증류주에 라임·민트를 섞은 음료에서 발전했으며, 무알코올·과일 모히또 등 변형이 많음.","https://raw.githubusercontent.com/rlaaudgjs2/onz-cocktail-images/main/cocktail_image_file/old/onz_cocktail_Beer_Mojito.webp","http://onz-cocktail.kr/uploads/glasses/onz_glasstype_highball.webp","2026-09-22 12:00:00","2026-09-22 12:00:00","rum|beer","8","1","3","2","0","1","2","4","4","0","0","0","0","5","0","0","0","0","0","0","0","0","0","0","0","3","3","0","0","4","2","2","0","long","","verified","image_old","https://en.wikipedia.org/wiki/Mojito"
"144","베이징 나이트","Beijing Night","보통","17","19","스탠다드","기타","","록스","봄","바이주 45ml (1½ oz), 리치 리큐르 15ml (½ oz), 레몬 주스 20ml (⅔ oz), 체리 비터스 2 dashes","","달콤, 강한, 묵직한, 베리","천천히 음미","2","1. 셰이커에 얼음과 바이주 45ml (1½ oz), 리치 리큐르 15ml (½ oz), 레몬 주스 20ml (⅔ oz), 체리 비터스 2 dashes를 넣고 15초간 강하게 셰이킹한다. / 2. 큰 얼음을 넣은 록스에 걸러 따른다.","AUTO","0","0","0","onz 오리지널 레시피 (이미지 기반 추정, 검수 필요)","https://raw.githubusercontent.com/rlaaudgjs2/onz-cocktail-images/main/cocktail_image_file/old/onz_cocktail_Beijing_Night.webp","http://onz-cocktail.kr/uploads/glasses/onz_glasstype_rocks.webp","2026-09-22 12:00:00","2026-09-22 12:00:00","other|liqueur","18","2","3","2","1","3","3","0","0","0","3","0","0","0","2","1","0","0","0","0","0","0","0","1","0","0","0","2","0","3","1","3","0","rocks","","needs_review","image_old",""
"145","벨라 루나","Bella Luna","보통","17","19","스탠다드","진","","쿠페","봄","진 45ml (1½ oz), 엘더플라워 리큐르 20ml (⅔ oz), 오렌지 주스 30ml (1 oz), 레몬 주스 20ml (⅔ oz)","","달콤, 상큼, 시트러스, 꽃향","식전","3","1. 셰이커에 얼음과 진 45ml (1½ oz), 엘더플라워 리큐르 20ml (⅔ oz), 오렌지 주스 30ml (1 oz), 레몬 주스 20ml (⅔ oz)를 넣고 15초간 강하게 셰이킹한다. / 2. 차갑게 식힌 쿠페에 걸러 따른다. / 3. 오렌지 필로 가니시한다.","AUTO","0","0","0","onz 오리지널 레시피 (이미지 기반 추정, 검수 필요)","https://raw.githubusercontent.com/rlaaudgjs2/onz-cocktail-images/main/cocktail_image_file/old/onz_cocktail_Bella_Luna.webp","http://onz-cocktail.kr/uploads/glasses/onz_glasstype_coupe.webp","2026-09-22 12:00:00","2026-09-22 12:00:00","gin|liqueur","18","2","3","3","0","2","2","0","4","0","0","0","1","0","3","0","0","0","0","0","0","0","2","0","0","0","0","0","0","3","1","3","0","up","","needs_review","image_old",""
"146","베네딕틴 소다","Benedictine Soda","약함","7","9","라이트","리큐르","","하이볼","여름","베네딕틴 45ml (1½ oz), 탄산수 적당량(약 90ml), 레몬 필","","달콤, 탄산, 허브","식전, 상쾌한","4","1. 하이볼에 얼음을 채운다. / 2. 베네딕틴 45ml (1½ oz)를 붓는다. / 3. 탄산수 적당량(약 90ml)로 채우고 바 스푼으로 가볍게 한 번 젓는다. / 4. 레몬 필로 가니시한다.","AUTO","0","0","0","허브 리큐르 베네딕틴을 탄산수로 가볍게 만든 하이볼.
베네딕틴은 1863년 와인 상인 알렉상드르 르 그랑이 옛 약용 레시피를 바탕으로 만들었고, 페캉의 베네딕트회 수도원 기원설은 판매를 위해 지어낸 이야기로 알려짐.","https://raw.githubusercontent.com/rlaaudgjs2/onz-cocktail-images/main/cocktail_image_file/old/onz_cocktail_Benedictine_Soda.webp","http://onz-cocktail.kr/uploads/glasses/onz_glasstype_highball.webp","2026-09-22 12:00:00","2026-09-22 12:00:00","liqueur","8","1","3","1","1","1","2","4","0","0","0","0","4","0","0","2","0","0","0","0","0","0","3","0","0","0","2","0","0","3","1","4","0","long","","verified","image_old","https://en.wikipedia.org/wiki/B%C3%A9n%C3%A9dictine"
"147","버뮤다 트라이앵글","Bermuda Triangle","보통","11","13","스탠다드","럼","","록스","여름","스파이스드 럼 45ml (1½ oz), 피치 슈냅스 15ml (½ oz), 크랜베리 주스 30ml (1 oz), 오렌지 주스 30ml (1 oz)","","달콤, 과일향, 베리, 시트러스","상쾌한, 파티","3","1. 셰이커에 얼음과 스파이스드 럼 45ml (1½ oz), 피치 슈냅스 15ml (½ oz), 크랜베리 주스 30ml (1 oz), 오렌지 주스 30ml (1 oz)를 넣고 15초간 강하게 셰이킹한다. / 2. 큰 얼음을 넣은 록스에 걸러 따른다. / 3. 오렌지 필로 가니시한다.","AUTO","0","0","0","문헌으로 확인되는 유래 기록을 찾지 못함.","https://raw.githubusercontent.com/rlaaudgjs2/onz-cocktail-images/main/cocktail_image_file/old/onz_cocktail_Bermuda_Triangle.webp","http://onz-cocktail.kr/uploads/glasses/onz_glasstype_rocks.webp","2026-09-22 12:00:00","2026-09-22 12:00:00","rum|liqueur","12","1","4","2","0","1","2","0","3","0","3","3","0","0","0","0","0","0","0","0","0","0","0","0","0","3","3","0","0","5","2","1","0","rocks","","verified","image_old",""
"148","비트윈 더 세인츠","Between the Saints","강함","24","26","스트롱","브랜디","","쿠페","가을","코냑 45ml (1½ oz), 베네딕틴 15ml (½ oz), 엘더플라워 리큐르 20ml (⅔ oz), 레몬 주스 20ml (⅔ oz)","","달콤, 강한, 묵직한, 꽃향, 오크·캐러멜","천천히 음미","2","1. 셰이커에 얼음과 코냑 45ml (1½ oz), 베네딕틴 15ml (½ oz), 엘더플라워 리큐르 20ml (⅔ oz), 레몬 주스 20ml (⅔ oz)를 넣고 15초간 강하게 셰이킹한다. / 2. 차갑게 식힌 쿠페에 걸러 따른다.","AUTO","0","0","0","onz 오리지널 레시피 (이미지 기반 추정, 검수 필요)","https://raw.githubusercontent.com/rlaaudgjs2/onz-cocktail-images/main/cocktail_image_file/old/onz_cocktail_Between_the_Saints.webp","http://onz-cocktail.kr/uploads/glasses/onz_glasstype_coupe.webp","2026-09-22 12:00:00","2026-09-22 12:00:00","brandy|liqueur","25","3","3","2","0","3","3","0","2","0","0","0","0","0","3","0","0","0","3","0","0","0","0","0","0","0","0","2","0","2","1","5","0","up","","needs_review","image_old",""
"149","블랙 포레스트","Black Forest","보통","17","19","스탠다드","보드카","","쿠페","봄","보드카 45ml (1½ oz), 초콜릿 리큐르 15ml (½ oz), 체리 리큐르 15ml (½ oz), 크림 30ml (1 oz)","","달콤, 묵직한, 커피·초콜릿, 베리, 크리미","디저트","2","1. 셰이커에 얼음과 보드카 45ml (1½ oz), 초콜릿 리큐르 15ml (½ oz), 체리 리큐르 15ml (½ oz), 크림 30ml (1 oz)를 넣고 15초간 강하게 셰이킹한다. / 2. 차갑게 식힌 쿠페에 걸러 따른다.","AUTO","0","0","0","마티니 잔에 담는 현대식 '~티니' 칵테일. 개별 창시자 기록은 없음.
1980년대부터 마티니 잔에 담은 칵테일에 마티니라는 이름을 붙이는 유행이 생겼고, 전통 마티니와는 다른 스타일임.","https://raw.githubusercontent.com/rlaaudgjs2/onz-cocktail-images/main/cocktail_image_file/old/onz_cocktail_Black_Forest.webp","http://onz-cocktail.kr/uploads/glasses/onz_glasstype_coupe.webp","2026-09-22 12:00:00","2026-09-22 12:00:00","vodka|liqueur","18","2","5","0","0","2","5","0","0","0","4","0","0","0","0","0","4","3","0","0","0","0","0","0","3","0","0","0","0","4","2","3","0","up","dairy","verified","image_old","https://en.wikipedia.org/wiki/Martini_(cocktail)"
"150","블랙 매직","Black Magic","강함","24","26","스트롱","보드카","","록스","사계절","보드카 45ml (1½ oz), 커피 리큐르 15ml (½ oz), 레몬 주스 20ml (⅔ oz)","","달콤, 강한, 묵직한, 커피·초콜릿","디저트, 천천히 음미","2","1. 셰이커에 얼음과 보드카 45ml (1½ oz), 커피 리큐르 15ml (½ oz), 레몬 주스 20ml (⅔ oz)를 넣고 15초간 강하게 셰이킹한다. / 2. 큰 얼음을 넣은 록스에 걸러 따른다.","AUTO","0","0","0","블랙 러시안에 레몬 주스를 조금 넣고 레몬 필로 장식한 변형.
블랙 러시안은 1949년 브뤼셀 메트로폴 호텔의 바텐더 귀스타브 톱스가 미국 대사 펄 메스타를 위해 만든 칵테일.","https://raw.githubusercontent.com/rlaaudgjs2/onz-cocktail-images/main/cocktail_image_file/old/onz_cocktail_Black_Magic.webp","http://onz-cocktail.kr/uploads/glasses/onz_glasstype_rocks.webp","2026-09-22 12:00:00","2026-09-22 12:00:00","vodka|liqueur","25","3","4","1","2","4","3","0","1","0","0","0","0","0","0","0","5","0","0","0","0","0","0","0","3","0","0","2","0","3","3","2","0","rocks","caffeine","verified","image_old","https://en.wikipedia.org/wiki/Black_Russian"
"151","블랙 맨해튼","Black Manhattan","강함","29","31","스트롱","위스키","","쿠페","가을","라이 위스키 45ml (1½ oz), 아마로 아베르나 15ml (½ oz), 앙고스투라·오렌지 비터스 2 dashes","","쌉싸름, 강한, 묵직한, 오크·캐러멜, 허브","천천히 음미","3","1. 믹싱 글라스에 얼음과 라이 위스키 45ml (1½ oz), 아마로 아베르나 15ml (½ oz), 앙고스투라·오렌지 비터스 2 dashes를 넣는다. / 2. 20~30초간 충분히 젓는다. / 3. 차갑게 식힌 쿠페에 걸러 따른다.","AUTO","0","0","0","2005년 샌프란시스코의 바 '버번 앤 브랜치(Bourbon & Branch)'에서 만들어짐.
맨해튼의 베르무트 대신 아마로 아베르나를 쓰고, 앙고스투라에 오렌지 비터스를 더함.","https://raw.githubusercontent.com/rlaaudgjs2/onz-cocktail-images/main/cocktail_image_file/old/onz_cocktail_Black_Manhattan.webp","http://onz-cocktail.kr/uploads/glasses/onz_glasstype_coupe.webp","2026-09-22 12:00:00","2026-09-22 12:00:00","whiskey|liqueur","30","3","2","1","4","5","4","0","0","0","0","0","4","0","0","0","1","0","4","0","0","0","0","0","0","0","0","3","0","1","2","4","0","up","","verified","image_old","https://en.wikipedia.org/wiki/Manhattan_(cocktail)"
"152","블랙 벨벳","Black Velvet","약함","7","9","라이트","맥주","","플루트","사계절","기네스 스타우트 90ml (3 oz), 샴페인 적당량(약 90ml)","","묵직한, 탄산","브런치, 식사와 함께","4","1. 믹싱 글라스에 얼음과 기네스 스타우트 90ml (3 oz)를 넣는다. / 2. 20~30초간 충분히 젓는다. / 3. 차갑게 식힌 플루트에 걸러 따른다. / 4. 샴페인 적당량(약 90ml)로 채운다.","AUTO","0","0","0","1861년 런던 브룩스 클럽의 바텐더가 앨버트 공(빅토리아 여왕의 남편)의 서거를 애도하며 처음 만듦.
검은 스타우트와 샴페인을 섞어 상복을 상징함.","https://raw.githubusercontent.com/rlaaudgjs2/onz-cocktail-images/main/cocktail_image_file/old/onz_cocktail_Black_Velvet.webp","http://onz-cocktail.kr/uploads/glasses/onz_glasstype_flute.webp","2026-09-22 12:00:00","2026-09-22 12:00:00","beer|sparkling","8","1","1","0","2","1","3","4","0","0","0","0","0","0","0","0","2","0","0","0","0","1","0","2","0","0","0","0","2","3","2","3","0","up","","verified","image_old","https://en.wikipedia.org/wiki/Black_velvet_(cocktail)"
"153","블랙 앤 탄","Black and Tan","약함","4","6","라이트","맥주","","쿠페","사계절","페일 에일 90ml (3 oz), 기네스 스타우트 적당량(약 90ml)","","쌉싸름, 묵직한, 탄산, 커피·초콜릿","식사와 함께, 파티","4","1. 믹싱 글라스에 얼음과 페일 에일 90ml (3 oz)를 넣는다. / 2. 20~30초간 충분히 젓는다. / 3. 차갑게 식힌 쿠페에 걸러 따른다. / 4. 기네스 스타우트 적당량(약 90ml)로 채운다.","AUTO","0","0","0","서로 다른 맥주를 섞어 마시는 관습은 1700년대 영국 런던에서 시작됨.
'블랙 앤 탄'이라는 이름은 1881년 미국 잡지 『퍽(Puck)』에 처음 등장했고, 영국에서는 1889년에 처음 기록됨.","https://raw.githubusercontent.com/rlaaudgjs2/onz-cocktail-images/main/cocktail_image_file/old/onz_cocktail_Black_and_Tan.webp","http://onz-cocktail.kr/uploads/glasses/onz_glasstype_coupe.webp","2026-09-22 12:00:00","2026-09-22 12:00:00","beer","5","0","1","0","3","1","4","4","0","0","0","0","0","0","0","0","3","0","0","0","0","0","0","3","0","2","0","0","0","3","2","3","0","up","","verified","image_old","https://en.wikipedia.org/wiki/Black_and_tan"
"154","블랙베리 럼 스매시","Blackberry Rum Smash","보통","14","16","스탠다드","럼","","록스","여름","화이트 럼 45ml (1½ oz), 블랙베리 5~6알, 민트 6~8장, 라임 주스 20ml (⅔ oz), 설탕 시럽 15ml (½ oz)","","달콤, 상큼, 베리, 민트","상쾌한, 파티","3","1. 셰이커(또는 믹싱 글라스)에 블랙베리 5~6알, 민트 6~8장을 넣고 가볍게 으깬다. / 2. 셰이커에 얼음과 화이트 럼 45ml (1½ oz), 라임 주스 20ml (⅔ oz), 설탕 시럽 15ml (½ oz)를 넣고 15초간 강하게 셰이킹한다. / 3. 큰 얼음을 넣은 록스에 더블 스트레이닝하여 따른다.","AUTO","0","0","0","민트나 과일을 으깨 넣는 스매시 계열 칵테일. 개별 창시자 기록은 없음.
스매시는 1840년대 미국에서 생겨 제리 토머스의 1862년 『바텐더 가이드』에 '작은 줄렙'으로 소개됨.","https://raw.githubusercontent.com/rlaaudgjs2/onz-cocktail-images/main/cocktail_image_file/old/onz_cocktail_Blackberry_Rum_Smash.webp","http://onz-cocktail.kr/uploads/glasses/onz_glasstype_rocks.webp","2026-09-22 12:00:00","2026-09-22 12:00:00","rum","15","2","4","3","0","2","2","0","2","0","5","0","0","3","0","0","0","0","0","0","0","0","0","0","0","2","3","0","0","5","2","2","0","rocks","","verified","image_old","https://www.diffordsguide.com/cocktails/recipe/3347/whiskey-smash"
"155","블러드 앤 샌드","Blood and Sand","강함","21","23","스페셜","위스키","","쿠페","가을","스카치 위스키 45ml (1½ oz), 체리 리큐르 15ml (½ oz), 스위트 베르무트 20ml (⅔ oz), 오렌지 주스 30ml (1 oz)","","달콤, 강한, 묵직한, 베리, 시트러스, 오크·캐러멜","천천히 음미","3","1. 셰이커에 얼음과 스카치 위스키 45ml (1½ oz), 체리 리큐르 15ml (½ oz), 스위트 베르무트 20ml (⅔ oz), 오렌지 주스 30ml (1 oz)를 넣고 15초간 강하게 셰이킹한다. / 2. 차갑게 식힌 쿠페에 걸러 따른다. / 3. 오렌지 필로 가니시한다.","AUTO","0","0","0","루돌프 발렌티노 주연의 1922년 투우 영화 '피와 모래(Blood and Sand)'에서 이름을 땄으며, 붉은 오렌지 주스가 영화 속 '피'를 상징함.
문헌상 최초 기록은 1930년 출간된 『사보이 칵테일 북(The Savoy Cocktail Book)』.","https://raw.githubusercontent.com/rlaaudgjs2/onz-cocktail-images/main/cocktail_image_file/old/onz_cocktail_Blood_and_Sand.webp","http://onz-cocktail.kr/uploads/glasses/onz_glasstype_coupe.webp","2026-09-22 12:00:00","2026-09-22 12:00:00","whiskey|liqueur|fortified","22","2","4","1","2","3","4","0","3","0","3","0","0","0","0","0","0","0","3","2","0","0","0","0","1","0","0","2","0","2","3","4","0","up","","verified","image_old","https://en.wikipedia.org/wiki/Blood_and_Sand_(cocktail)"
"156","블루 하와이","Blue Hawaii","보통","12","14","스탠다드","럼","","하이볼","여름","화이트 럼 30ml (1 oz), 보드카 30ml (1 oz), 블루 큐라소 15ml (½ oz), 파인애플 주스 90ml (3 oz), 스위트 앤 사워 적당량","","달콤, 상큼, 묵직한, 열대과일, 시트러스","상쾌한, 파티","3","1. 하이볼에 얼음을 채운다. / 2. 화이트 럼 30ml (1 oz), 보드카 30ml (1 oz), 블루 큐라소 15ml (½ oz), 파인애플 주스 90ml (3 oz), 스위트 앤 사워 적당량을 붓는다. / 3. 레몬 필로 가니시한다.","AUTO","0","0","0","1957년 하와이 와이키키 힐튼 하와이안 빌리지의 수석 바텐더 해리 이(Harry Yee)가 만듦.
네덜란드 리큐르 회사 볼스(Bols)의 영업 담당자가 블루 큐라소를 쓴 음료를 요청한 것이 계기이며, 이름은 1937년 노래 제목에서 따옴.","https://raw.githubusercontent.com/rlaaudgjs2/onz-cocktail-images/main/cocktail_image_file/old/onz_cocktail_Blue_Hawaii.webp","http://onz-cocktail.kr/uploads/glasses/onz_glasstype_highball.webp","2026-09-22 12:00:00","2026-09-22 12:00:00","rum|vodka|liqueur","13","1","4","3","0","1","3","0","3","5","0","0","0","0","0","0","0","0","0","0","0","0","0","0","0","3","3","0","0","5","4","1","0","long","","verified","image_old","https://en.wikipedia.org/wiki/Blue_Hawaii_(cocktail)"
"157","블루 라군","Blue Lagoon","보통","11","13","스탠다드","보드카","","하이볼","여름","보드카 45ml (1½ oz), 블루 큐라소 15ml (½ oz), 레모네이드 적당량(약 90ml)","","달콤, 상큼, 탄산, 시트러스","파티, 상쾌한","4","1. 하이볼에 얼음을 채운다. / 2. 보드카 45ml (1½ oz), 블루 큐라소 15ml (½ oz)를 붓는다. / 3. 레모네이드 적당량(약 90ml)로 채우고 바 스푼으로 가볍게 한 번 젓는다. / 4. 레몬 필로 가니시한다.","AUTO","0","0","0","파리의 '해리스 뉴욕 바(Harry's New York Bar)'가 처음 만들었다고 알려져 있음.
덴마크에서는 '이스비외른(Isbjørn, 북극곰)'이라는 이름으로도 불림.","https://raw.githubusercontent.com/rlaaudgjs2/onz-cocktail-images/main/cocktail_image_file/old/onz_cocktail_Blue_Lagoon.webp","http://onz-cocktail.kr/uploads/glasses/onz_glasstype_highball.webp","2026-09-22 12:00:00","2026-09-22 12:00:00","vodka|liqueur","12","1","4","3","0","1","1","4","5","0","0","0","0","0","0","0","0","0","0","0","0","0","0","0","0","3","3","0","0","5","4","1","0","long","","verified","image_old","https://en.wikipedia.org/wiki/Blue_Lagoon_(cocktail)"
"158","블루 라군 목테일","Blue Lagoon Mocktail","약함","0","0","라이트","무알코올","","하이볼","여름","블루 큐라소 시럽 15ml (½ oz), 레모네이드 적당량(약 90ml), 레몬 주스 20ml (⅔ oz)","","달콤, 상큼, 탄산, 시트러스","상쾌한, 파티, 브런치","4","1. 하이볼에 얼음을 채운다. / 2. 블루 큐라소 시럽 15ml (½ oz), 레몬 주스 20ml (⅔ oz)를 붓는다. / 3. 레모네이드 적당량(약 90ml)로 채우고 바 스푼으로 가볍게 한 번 젓는다. / 4. 레몬 필로 가니시한다.","AUTO","0","0","0","술 없이 칵테일처럼 만든 목테일. 개별 창시자 기록은 없음.
무알코올 혼합 음료는 제리 토머스의 1862년 『바텐더 가이드』에 '금주 음료'로 실렸고, '목테일'이라는 말은 1916년에 처음 기록됨.","https://raw.githubusercontent.com/rlaaudgjs2/onz-cocktail-images/main/cocktail_image_file/old/onz_cocktail_Blue_Lagoon_Mocktail.webp","http://onz-cocktail.kr/uploads/glasses/onz_glasstype_highball.webp","2026-09-22 12:00:00","2026-09-22 12:00:00","none","0","0","4","3","0","0","1","4","5","0","0","0","0","0","0","0","0","0","0","0","0","0","0","0","0","2","3","0","2","5","3","1","0","long","","verified","image_old","https://en.wikipedia.org/wiki/Mocktail"
"159","블루 문","Blue Moon","강함","27","29","스트롱","진","","쿠페","봄","진 45ml (1½ oz), 크렘 드 바이올렛 15ml (½ oz), 레몬 주스 20ml (⅔ oz)","","달콤, 상큼, 강한, 꽃향, 시트러스","식전","3","1. 셰이커에 얼음과 진 45ml (1½ oz), 크렘 드 바이올렛 15ml (½ oz), 레몬 주스 20ml (⅔ oz)를 넣고 15초간 강하게 셰이킹한다. / 2. 차갑게 식힌 쿠페에 걸러 따른다. / 3. 레몬 필로 가니시한다.","AUTO","0","0","0","1940년경 뉴욕 월도프 아스토리아 호텔의 유명 지배인 오스카 치르키가 만들었다고 알려짐.
1940년대 크렘 이베트(바이올렛 리큐르) 병 뒷면에 레시피가 인쇄되면서 널리 알려짐.","https://raw.githubusercontent.com/rlaaudgjs2/onz-cocktail-images/main/cocktail_image_file/old/onz_cocktail_Blue_Moon.webp","http://onz-cocktail.kr/uploads/glasses/onz_glasstype_coupe.webp","2026-09-22 12:00:00","2026-09-22 12:00:00","gin|liqueur","28","3","3","3","0","4","2","0","3","0","0","0","0","0","5","0","0","0","0","0","0","0","2","0","0","0","0","0","0","2","1","4","0","up","","verified","image_old","https://www.diffordsguide.com/cocktails/recipe/267/blue-moon-cocktail-1940s-recipe"
"160","블루베리 치즈케이크 마티니","Blueberry Cheesecake Martini","보통","17","19","스탠다드","보드카","","마티니","봄","바닐라 보드카 45ml (1½ oz), 블루베리 퓌레 30ml (1 oz), 크림 리큐르 15ml (½ oz), 그레이엄 크래커 림","","달콤, 묵직한, 크리미, 베리","디저트","3","1. 셰이커에 얼음과 바닐라 보드카 45ml (1½ oz), 블루베리 퓌레 30ml (1 oz), 크림 리큐르 15ml (½ oz)를 넣고 15초간 강하게 셰이킹한다. / 2. 차갑게 식힌 마티니에 걸러 따른다. / 3. 그레이엄 크래커 림으로 가니시한다.","AUTO","0","0","0","마티니 잔에 담는 현대식 '~티니' 칵테일. 개별 창시자 기록은 없음.
1980년대부터 마티니 잔에 담은 칵테일에 마티니라는 이름을 붙이는 유행이 생겼고, 전통 마티니와는 다른 스타일임.","https://raw.githubusercontent.com/rlaaudgjs2/onz-cocktail-images/main/cocktail_image_file/old/onz_cocktail_Blueberry_Cheesecake_Martini.webp","http://onz-cocktail.kr/uploads/glasses/onz_glasstype_martini.webp","2026-09-22 12:00:00","2026-09-22 12:00:00","vodka|liqueur","18","2","5","2","0","2","5","0","0","0","4","0","0","0","0","0","0","5","0","0","0","0","0","0","3","0","0","0","0","4","2","2","0","up","dairy","verified","image_old","https://en.wikipedia.org/wiki/Martini_(cocktail)"
"161","블루베리 소주 사워","Blueberry Soju Sour","보통","9","11","스탠다드","소주","","록스","여름","소주 45ml (1½ oz), 블루베리 8~10알, 레몬 주스 20ml (⅔ oz), 설탕 시럽 15ml (½ oz)","","달콤, 상큼, 베리, 시트러스","파티, 상쾌한","4","1. 셰이커(또는 믹싱 글라스)에 블루베리 8~10알을 넣고 가볍게 으깬다. / 2. 셰이커에 얼음과 소주 45ml (1½ oz), 레몬 주스 20ml (⅔ oz), 설탕 시럽 15ml (½ oz)를 넣고 15초간 강하게 셰이킹한다. / 3. 큰 얼음을 넣은 록스에 더블 스트레이닝하여 따른다. / 4. 레몬 필로 가니시한다.","AUTO","0","0","0","소주에 과일·탄산 등을 섞은 현대식 소주 칵테일. 개별 창시자 기록은 없음.
소주는 13세기 고려 시대 몽골을 통해 증류 기술이 들어오며 시작되었고, 최근 과일 소주 등 섞어 마시는 방식이 젊은 층에서 인기.","https://raw.githubusercontent.com/rlaaudgjs2/onz-cocktail-images/main/cocktail_image_file/old/onz_cocktail_Blueberry_Soju_Sour.webp","http://onz-cocktail.kr/uploads/glasses/onz_glasstype_rocks.webp","2026-09-22 12:00:00","2026-09-22 12:00:00","soju","10","1","4","4","0","1","2","0","3","0","5","0","0","0","0","0","0","0","0","0","0","0","0","0","0","3","2","0","0","5","2","2","0","rocks","","verified","image_old","https://en.wikipedia.org/wiki/Soju"
"162","바비 번스","Bobby Burns","강함","29","31","스트롱","위스키","","쿠페","가을","스카치 위스키 45ml (1½ oz), 스위트 베르무트 20ml (⅔ oz), 베네딕틴 15ml (½ oz)","","달콤, 쌉싸름, 강한, 묵직한, 오크·캐러멜, 허브","천천히 음미","3","1. 믹싱 글라스에 얼음과 스카치 위스키 45ml (1½ oz), 스위트 베르무트 20ml (⅔ oz), 베네딕틴 15ml (½ oz)를 넣는다. / 2. 20~30초간 충분히 젓는다. / 3. 차갑게 식힌 쿠페에 걸러 따른다.","AUTO","0","0","0","가장 오래된 레시피는 1899년 9월 9일 『내셔널 폴리스 가제트』에 실림.
이름은 스코틀랜드 시인 로버트 번스나 1880년대 뉴욕 타임스스퀘어 근처에서 팔던 '로버트 번스' 시가 브랜드에서 왔다는 설이 있음.","https://raw.githubusercontent.com/rlaaudgjs2/onz-cocktail-images/main/cocktail_image_file/old/onz_cocktail_Bobby_Burns.webp","http://onz-cocktail.kr/uploads/glasses/onz_glasstype_coupe.webp","2026-09-22 12:00:00","2026-09-22 12:00:00","whiskey|fortified|liqueur","30","3","3","0","3","5","4","0","0","0","0","0","4","0","0","0","0","0","4","0","0","0","0","0","0","0","0","3","0","1","1","5","0","up","","verified","image_old","https://www.diffordsguide.com/encyclopedia/1075/cocktails/bobby-burns-cocktail-history"
"163","보일러메이커","Boilermaker","약함","7","9","라이트","위스키","","샷 글라스","가을","위스키 1샷 45ml (1½ oz), 라거 맥주 적당량(약 90ml)","","쌉싸름, 강한, 묵직한, 탄산, 오크·캐러멜","파티","2","1. 샷 글라스에 위스키 1샷 45ml (1½ oz)를 따른다. / 2. 라거 맥주 적당량(약 90ml)와 함께 곁들인다.","AUTO","0","0","0","미국식 보일러메이커는 1890년대 몬태나주 뷰트(Butte)에서 광부들이 교대 근무를 마친 뒤 마시던 술로, 원래 '숀 오패럴(Sean O'Farrell)'이라 불림.
영국에서는 에일 두 종류를 섞은 음료가 1920년경부터 '보일러메이커'라 불림.","https://raw.githubusercontent.com/rlaaudgjs2/onz-cocktail-images/main/cocktail_image_file/old/onz_cocktail_Boilermaker.webp","http://onz-cocktail.kr/uploads/glasses/onz_glasstype_rocks.webp","2026-09-22 12:00:00","2026-09-22 12:00:00","whiskey|beer","8","1","1","0","3","3","3","4","0","0","0","0","0","0","0","0","0","0","3","0","0","0","0","0","0","3","0","0","0","2","4","1","0","shot","","verified","image_old","https://en.wikipedia.org/wiki/Boilermaker_(beer_cocktail)"
"164","봄비에","Bombier","보통","17","19","스탠다드","진","","쿠페","사계절","진 45ml (1½ oz), 살구 리큐르 15ml (½ oz), 레몬 주스 20ml (⅔ oz), 오렌지 주스 30ml (1 oz)","","달콤, 상큼, 시트러스","파티","3","1. 셰이커에 얼음과 진 45ml (1½ oz), 살구 리큐르 15ml (½ oz), 레몬 주스 20ml (⅔ oz), 오렌지 주스 30ml (1 oz)를 넣고 15초간 강하게 셰이킹한다. / 2. 차갑게 식힌 쿠페에 걸러 따른다. / 3. 오렌지 필로 가니시한다.","AUTO","0","0","0","onz 오리지널 레시피 (이미지 기반 추정, 검수 필요)","https://raw.githubusercontent.com/rlaaudgjs2/onz-cocktail-images/main/cocktail_image_file/old/onz_cocktail_Bombier.webp","http://onz-cocktail.kr/uploads/glasses/onz_glasstype_coupe.webp","2026-09-22 12:00:00","2026-09-22 12:00:00","gin|liqueur","18","2","3","3","0","2","2","0","4","0","0","2","0","0","0","0","0","0","0","0","0","0","0","0","0","2","0","0","0","3","1","2","0","up","","needs_review","image_old",""
"165","보네르 선셋","Bonaire Sunset","보통","13","15","스탠다드","럼","","쿠페","여름","화이트 럼 45ml (1½ oz), 오렌지 주스 30ml (1 oz), 파인애플 주스 30ml (1 oz), 그레나딘 10ml (⅓ oz)","","달콤, 상큼, 열대과일, 시트러스","상쾌한, 파티","3","1. 셰이커에 얼음과 화이트 럼 45ml (1½ oz), 오렌지 주스 30ml (1 oz), 파인애플 주스 30ml (1 oz), 그레나딘 10ml (⅓ oz)를 넣고 15초간 강하게 셰이킹한다. / 2. 차갑게 식힌 쿠페에 걸러 따른다. / 3. 오렌지 필로 가니시한다.","AUTO","0","0","0","onz 오리지널 레시피 (이미지 기반 추정, 검수 필요)","https://raw.githubusercontent.com/rlaaudgjs2/onz-cocktail-images/main/cocktail_image_file/old/onz_cocktail_Bonaire_Sunset.webp","http://onz-cocktail.kr/uploads/glasses/onz_glasstype_coupe.webp","2026-09-22 12:00:00","2026-09-22 12:00:00","rum","14","1","4","3","0","1","2","0","3","3","2","0","0","0","0","0","0","0","0","0","0","0","0","0","0","2","3","0","0","5","1","2","0","up","","needs_review","image_old",""
"166","보스턴 쿨러","Boston Cooler","보통","11","13","스탠다드","럼","","와인 글라스","여름","화이트 럼 45ml (1½ oz), 레몬 주스 20ml (⅔ oz), 설탕 1 tsp, 진저 에일 적당량(약 90ml)","","달콤, 상큼, 탄산, 시트러스","상쾌한","4","1. 와인 글라스에 얼음을 채운다. / 2. 화이트 럼 45ml (1½ oz), 레몬 주스 20ml (⅔ oz), 설탕 1 tsp를 붓는다. / 3. 진저 에일 적당량(약 90ml)로 채우고 바 스푼으로 가볍게 한 번 젓는다. / 4. 레몬 필로 가니시한다.","AUTO","0","0","0","문헌으로 확인되는 유래 기록을 찾지 못함.","https://raw.githubusercontent.com/rlaaudgjs2/onz-cocktail-images/main/cocktail_image_file/old/onz_cocktail_Boston_Cooler.webp","http://onz-cocktail.kr/uploads/glasses/onz_glasstype_wine_glass.webp","2026-09-22 12:00:00","2026-09-22 12:00:00","rum","12","1","3","3","0","1","1","4","4","0","0","0","0","0","0","2","0","0","0","0","0","0","0","0","0","0","3","0","0","4","1","2","0","long","","verified","image_old",""
"167","보스턴 사이드카","Boston Sidecar","강함","24","26","스트롱","브랜디","","쿠페","사계절","브랜디 30ml (1 oz), 화이트 럼 30ml (1 oz), 트리플 섹 15ml (½ oz), 라임 주스 20ml (⅔ oz)","","달콤, 상큼, 강한, 시트러스","천천히 음미","3","1. 셰이커에 얼음과 브랜디 30ml (1 oz), 화이트 럼 30ml (1 oz), 트리플 섹 15ml (½ oz), 라임 주스 20ml (⅔ oz)를 넣고 15초간 강하게 셰이킹한다. / 2. 차갑게 식힌 쿠페에 걸러 따른다. / 3. 라임 휠로 가니시한다.","AUTO","0","0","0","브랜디와 럼을 함께 쓰는 사이드카 계열 변형. 개별 창시자 기록은 없음.
사이드카는 1차 대전 말 런던이나 파리에서 생겼다고 알려져 있으며, 1922년에 처음 레시피가 출판됨.","https://raw.githubusercontent.com/rlaaudgjs2/onz-cocktail-images/main/cocktail_image_file/old/onz_cocktail_Boston_Sidecar.webp","http://onz-cocktail.kr/uploads/glasses/onz_glasstype_coupe.webp","2026-09-22 12:00:00","2026-09-22 12:00:00","brandy|rum|liqueur","25","3","3","4","0","3","2","0","4","0","0","0","0","0","0","0","0","0","2","0","0","0","0","0","0","0","0","2","0","3","1","3","0","up","","verified","image_old","https://en.wikipedia.org/wiki/Sidecar_(cocktail)"
"168","버번 로제","Bourbon Rosé","보통","14","16","스탠다드","위스키","","록스","가을","버번 45ml (1½ oz), 로제 와인 45ml (1½ oz), 레몬 주스 20ml (⅔ oz), 꿀 시럽 15ml (½ oz)","","달콤, 상큼, 묵직한, 베리, 오크·캐러멜","식사와 함께","2","1. 셰이커에 얼음과 버번 45ml (1½ oz), 로제 와인 45ml (1½ oz), 레몬 주스 20ml (⅔ oz), 꿀 시럽 15ml (½ oz)를 넣고 15초간 강하게 셰이킹한다. / 2. 큰 얼음을 넣은 록스에 걸러 따른다.","AUTO","0","0","0","onz 오리지널 레시피 (이미지 기반 추정, 검수 필요)","https://raw.githubusercontent.com/rlaaudgjs2/onz-cocktail-images/main/cocktail_image_file/old/onz_cocktail_Bourbon_Ros.webp","http://onz-cocktail.kr/uploads/glasses/onz_glasstype_rocks.webp","2026-09-22 12:00:00","2026-09-22 12:00:00","whiskey|wine","15","2","3","3","0","2","3","0","0","0","3","0","0","0","2","0","0","0","3","0","0","0","1","2","0","0","0","0","0","3","1","3","0","rocks","","needs_review","image_old",""
"169","버번 스매시","Bourbon Smash","강함","19","21","스탠다드","위스키","","록스","가을","버번 45ml (1½ oz), 민트 6~8장, 레몬 주스 20ml (⅔ oz), 설탕 시럽 15ml (½ oz)","","달콤, 상큼, 강한, 묵직한, 민트, 시트러스, 오크·캐러멜","천천히 음미","4","1. 셰이커(또는 믹싱 글라스)에 민트 6~8장을 넣고 가볍게 으깬다. / 2. 셰이커에 얼음과 버번 45ml (1½ oz), 레몬 주스 20ml (⅔ oz), 설탕 시럽 15ml (½ oz)를 넣고 15초간 강하게 셰이킹한다. / 3. 큰 얼음을 넣은 록스에 더블 스트레이닝하여 따른다. / 4. 레몬 필로 가니시한다.","AUTO","0","0","0","버번으로 만드는 위스키 스매시.
위스키 스매시는 1840년대 미국에서 생겨 제리 토머스의 1862년 『바텐더 가이드』에 '작은 줄렙'으로 소개되었고, 2005년 데일 디그로프가 되살림.","https://raw.githubusercontent.com/rlaaudgjs2/onz-cocktail-images/main/cocktail_image_file/old/onz_cocktail_Bourbon_Smash.webp","http://onz-cocktail.kr/uploads/glasses/onz_glasstype_rocks.webp","2026-09-22 12:00:00","2026-09-22 12:00:00","whiskey","20","2","3","3","0","3","3","0","3","0","0","0","0","4","0","0","0","0","3","0","0","0","0","0","0","0","1","2","0","4","3","3","0","rocks","","verified","image_old","https://www.diffordsguide.com/cocktails/recipe/3347/whiskey-smash"
"170","브랜디 알렉산더","Brandy Alexander","강함","20","22","스탠다드","브랜디","","쿠페","사계절","브랜디 45ml (1½ oz), 크렘 드 카카오 15ml (½ oz), 크림 30ml (1 oz), 넛맥","","달콤, 묵직한, 크리미, 커피·초콜릿","디저트","3","1. 셰이커에 얼음과 브랜디 45ml (1½ oz), 크렘 드 카카오 15ml (½ oz), 크림 30ml (1 oz)를 넣고 15초간 강하게 셰이킹한다. / 2. 차갑게 식힌 쿠페에 걸러 따른다. / 3. 넛맥으로 가니시한다.","AUTO","0","0","0","20세기 초에 탄생했으나 유래는 여러 설이 있음.
뉴욕 렉터스(Rector's) 레스토랑의 바텐더 트로이 알렉산더가 광고 캐릭터 '피비 스노우'를 기념하는 만찬을 위해 만든 흰색 칵테일이라는 설과, 1922년 런던의 한 결혼식에서 만들어졌다는 설이 있음.","https://raw.githubusercontent.com/rlaaudgjs2/onz-cocktail-images/main/cocktail_image_file/old/onz_cocktail_Brandy_Alexander.webp","http://onz-cocktail.kr/uploads/glasses/onz_glasstype_coupe.webp","2026-09-22 12:00:00","2026-09-22 12:00:00","brandy|liqueur","21","2","4","0","0","2","5","0","0","0","0","0","0","0","0","1","4","5","0","0","0","0","0","0","3","0","0","0","0","4","4","2","0","up","dairy","verified","image_old","https://en.wikipedia.org/wiki/Brandy_Alexander"
"171","브랜디 피즈","Brandy Fizz","보통","11","13","스탠다드","브랜디","","하이볼","여름","브랜디 45ml (1½ oz), 레몬 주스 20ml (⅔ oz), 설탕 시럽 15ml (½ oz), 탄산수 적당량(약 90ml)","","달콤, 상큼, 탄산, 시트러스","상쾌한, 식전","4","1. 하이볼에 얼음을 채운다. / 2. 브랜디 45ml (1½ oz), 레몬 주스 20ml (⅔ oz), 설탕 시럽 15ml (½ oz)를 붓는다. / 3. 탄산수 적당량(약 90ml)로 채우고 바 스푼으로 가볍게 한 번 젓는다. / 4. 레몬 필로 가니시한다.","AUTO","0","0","0","사워에 탄산수를 더하는 피즈 계열 칵테일. 개별 창시자 기록은 없음.
피즈는 사워 계열에서 파생되어 1900~1940년대 미국에서 크게 유행함.","https://raw.githubusercontent.com/rlaaudgjs2/onz-cocktail-images/main/cocktail_image_file/old/onz_cocktail_Brandy_Fizz.webp","http://onz-cocktail.kr/uploads/glasses/onz_glasstype_highball.webp","2026-09-22 12:00:00","2026-09-22 12:00:00","brandy","12","1","3","3","0","2","2","4","4","0","0","0","0","0","0","0","0","0","2","0","0","0","2","0","0","0","2","0","0","4","2","2","0","long","","verified","image_old","https://en.wikipedia.org/wiki/Fizz_(cocktail)"
"172","브랜디 스매시","Brandy Smash","강함","21","23","스탠다드","브랜디","","록스","가을","코냑 45ml (1½ oz), 민트 6~8장, 레몬 주스 20ml (⅔ oz), 설탕 1 tsp","","달콤, 강한, 묵직한, 민트, 오크·캐러멜","천천히 음미","3","1. 셰이커(또는 믹싱 글라스)에 민트 6~8장을 넣고 가볍게 으깬다. / 2. 셰이커에 얼음과 코냑 45ml (1½ oz), 레몬 주스 20ml (⅔ oz), 설탕 1 tsp를 넣고 15초간 강하게 셰이킹한다. / 3. 큰 얼음을 넣은 록스에 더블 스트레이닝하여 따른다.","AUTO","0","0","0","민트나 과일을 으깨 넣는 스매시 계열 칵테일. 개별 창시자 기록은 없음.
스매시는 1840년대 미국에서 생겨 제리 토머스의 1862년 『바텐더 가이드』에 '작은 줄렙'으로 소개됨.","https://raw.githubusercontent.com/rlaaudgjs2/onz-cocktail-images/main/cocktail_image_file/old/onz_cocktail_Brandy_Smash.webp","http://onz-cocktail.kr/uploads/glasses/onz_glasstype_rocks.webp","2026-09-22 12:00:00","2026-09-22 12:00:00","brandy","22","2","3","2","0","3","3","0","2","0","0","0","0","4","0","0","0","0","3","0","0","0","0","0","0","0","0","2","0","3","2","3","0","rocks","","verified","image_old","https://www.diffordsguide.com/cocktails/recipe/3347/whiskey-smash"
"173","브루클린","Brooklyn","강함","29","31","스트롱","위스키","","쿠페","가을","라이 위스키 45ml (1½ oz), 드라이 베르무트 20ml (⅔ oz), 마라스키노 15ml (½ oz), 아메르 피콘 15ml (½ oz)","","쌉싸름, 강한, 묵직한, 오크·캐러멜, 허브","천천히 음미","3","1. 믹싱 글라스에 얼음과 라이 위스키 45ml (1½ oz), 드라이 베르무트 20ml (⅔ oz), 마라스키노 15ml (½ oz), 아메르 피콘 15ml (½ oz)를 넣는다. / 2. 20~30초간 충분히 젓는다. / 3. 차갑게 식힌 쿠페에 걸러 따른다.","AUTO","0","0","0","1910년 배우 겸 극작가 모리스 헤게먼(Maurice Hegeman)이 브루클린 다리 근처 슈미트 카페에서 만든 칵테일로 알려짐.
초기 레시피는 사과주·압생트·진저 에일 조합이었으나, 지금은 위스키·베르무트·마라스키노·비터스 조합이 표준이 됨.","https://raw.githubusercontent.com/rlaaudgjs2/onz-cocktail-images/main/cocktail_image_file/old/onz_cocktail_Brooklyn.webp","http://onz-cocktail.kr/uploads/glasses/onz_glasstype_coupe.webp","2026-09-22 12:00:00","2026-09-22 12:00:00","whiskey|fortified|liqueur","30","3","2","1","3","5","3","0","0","0","1","0","3","0","0","0","0","0","4","0","0","0","0","0","0","0","0","3","0","1","1","4","0","up","","verified","image_old","https://en.wikipedia.org/wiki/Brooklyn_(cocktail)"
"174","브라운 더비","Brown Derby","강함","21","23","스탠다드","위스키","","쿠페","가을","버번 45ml (1½ oz), 자몽 주스 30ml (1 oz), 꿀 시럽 15ml (½ oz)","","달콤, 상큼, 강한, 묵직한, 시트러스, 오크·캐러멜","천천히 음미","3","1. 셰이커에 얼음과 버번 45ml (1½ oz), 자몽 주스 30ml (1 oz), 꿀 시럽 15ml (½ oz)를 넣고 15초간 강하게 셰이킹한다. / 2. 차갑게 식힌 쿠페에 걸러 따른다. / 3. 레몬 필로 가니시한다.","AUTO","0","0","0","1930년 로스앤젤레스 선셋 대로의 방돔 클럽(The Vendôme Club)에서 만들어짐. 이 클럽의 주인은 『할리우드 리포터』 창립자 빌리 윌커슨.
이름은 중절모 모양 건물로 유명한 LA의 식당 '브라운 더비'에서 따옴.","https://raw.githubusercontent.com/rlaaudgjs2/onz-cocktail-images/main/cocktail_image_file/old/onz_cocktail_Brown_Derby.webp","http://onz-cocktail.kr/uploads/glasses/onz_glasstype_coupe.webp","2026-09-22 12:00:00","2026-09-22 12:00:00","whiskey","22","2","3","3","0","3","3","0","4","0","0","0","0","0","0","0","0","0","3","0","0","0","0","0","0","0","0","2","1","3","2","3","0","up","","verified","image_old","https://en.wikipedia.org/wiki/Brown_Derby_(cocktail)"
"175","벅스 피즈","Buck's Fizz","약함","7","9","라이트","와인","","플루트","사계절","샴페인 90ml (3 oz), 오렌지 주스(2:1) 30ml (1 oz)","","달콤, 탄산, 시트러스","브런치","3","1. 셰이커에 얼음과 샴페인 90ml (3 oz), 오렌지 주스(2:1) 30ml (1 oz)를 넣고 15초간 강하게 셰이킹한다. / 2. 차갑게 식힌 플루트에 걸러 따른다. / 3. 오렌지 필로 가니시한다.","AUTO","0","0","0","1921년 런던 벅스 클럽(Buck's Club)의 바텐더 말라키 맥개리(Malachy McGarry)가 만듦.
샴페인과 오렌지 주스를 2:1로 섞으며, 4년 뒤 파리에서 1:1 비율의 미모사가 등장함.","https://raw.githubusercontent.com/rlaaudgjs2/onz-cocktail-images/main/cocktail_image_file/old/onz_cocktail_Bucks_Fizz.webp","http://onz-cocktail.kr/uploads/glasses/onz_glasstype_flute.webp","2026-09-22 12:00:00","2026-09-22 12:00:00","sparkling","8","1","3","2","0","0","2","4","5","0","0","0","0","0","0","0","0","0","0","0","0","0","0","0","0","0","0","0","3","5","3","0","0","up","","verified","image_old","https://en.wikipedia.org/wiki/Buck%27s_Fizz"
"176","버터스카치 마티니","Butterscotch Martini","강함","19","21","스탠다드","보드카","","마티니","가을","바닐라 보드카 45ml (1½ oz), 버터스카치 슈냅스 15ml (½ oz), 베일리스 15ml (½ oz)","","달콤, 강한, 묵직한, 오크·캐러멜, 크리미","디저트","3","1. 믹싱 글라스에 얼음과 바닐라 보드카 45ml (1½ oz), 버터스카치 슈냅스 15ml (½ oz), 베일리스 15ml (½ oz)를 넣는다. / 2. 20~30초간 충분히 젓는다. / 3. 차갑게 식힌 마티니에 걸러 따른다.","AUTO","0","0","0","마티니 잔에 담는 현대식 '~티니' 칵테일. 개별 창시자 기록은 없음.
1980년대부터 마티니 잔에 담은 칵테일에 마티니라는 이름을 붙이는 유행이 생겼고, 전통 마티니와는 다른 스타일임.","https://raw.githubusercontent.com/rlaaudgjs2/onz-cocktail-images/main/cocktail_image_file/old/onz_cocktail_Butterscotch_Martini.webp","http://onz-cocktail.kr/uploads/glasses/onz_glasstype_martini.webp","2026-09-22 12:00:00","2026-09-22 12:00:00","vodka|liqueur","20","2","5","0","0","3","4","0","0","0","0","0","0","0","0","0","0","3","4","0","0","0","0","0","3","0","0","0","0","4","1","2","0","up","dairy","verified","image_old","https://en.wikipedia.org/wiki/Martini_(cocktail)"
"177","카이로 선셋","Cairo Sunset","보통","13","15","스탠다드","진","","하이볼","여름","진 45ml (1½ oz), 오렌지 주스 90ml (3 oz), 석류 시럽 15ml (½ oz), 카다멈 3알","","달콤, 시트러스","상쾌한, 파티","4","1. 하이볼에 카다멈 3알을 넣고 머들러로 가볍게 으깬다. / 2. 하이볼에 얼음을 채운다. / 3. 진 45ml (1½ oz), 오렌지 주스 90ml (3 oz), 석류 시럽 15ml (½ oz)를 붓는다. / 4. 오렌지 필로 가니시한다.","AUTO","0","0","0","onz 오리지널 레시피 (이미지 기반 추정, 검수 필요)","https://raw.githubusercontent.com/rlaaudgjs2/onz-cocktail-images/main/cocktail_image_file/old/onz_cocktail_Cairo_Sunset.webp","http://onz-cocktail.kr/uploads/glasses/onz_glasstype_highball.webp","2026-09-22 12:00:00","2026-09-22 12:00:00","gin","14","1","4","2","0","1","2","0","3","0","2","0","0","0","0","2","0","0","0","0","0","0","0","0","0","2","2","0","0","4","1","2","0","long","","needs_review","image_old",""
"178","캘리포니아 쿨러","California Cooler","약함","5","7","라이트","와인","","와인 글라스","여름","화이트 와인 90ml (3 oz), 레몬-라임 소다 적당량(약 90ml), 오렌지 주스 90ml (3 oz)","","달콤, 탄산, 시트러스","상쾌한, 파티","4","1. 와인 글라스에 얼음을 채운다. / 2. 화이트 와인 90ml (3 oz), 오렌지 주스 90ml (3 oz)를 붓는다. / 3. 레몬-라임 소다 적당량(약 90ml)로 채우고 바 스푼으로 가볍게 한 번 젓는다. / 4. 라임 휠로 가니시한다.","AUTO","0","0","0","와인에 과일 주스와 탄산음료를 섞은 와인 쿨러. 1976년 캘리포니아에서 '캘리포니아 쿨러'라는 제품으로 처음 판매됨.
1980년대 중후반 미국 와인 판매량의 약 5분의 1을 차지할 만큼 유행함.","https://raw.githubusercontent.com/rlaaudgjs2/onz-cocktail-images/main/cocktail_image_file/old/onz_cocktail_California_Cooler.webp","http://onz-cocktail.kr/uploads/glasses/onz_glasstype_wine_glass.webp","2026-09-22 12:00:00","2026-09-22 12:00:00","wine","6","0","3","2","0","0","2","4","4","0","2","0","0","0","0","0","0","0","0","0","0","0","0","0","0","3","3","0","0","5","2","1","0","long","","verified","image_old","https://en.wikipedia.org/wiki/Wine_cooler"
"179","캘리포니아 레모네이드","California Lemonade","보통","11","13","스탠다드","위스키","","하이볼","여름","위스키 45ml (1½ oz), 레몬 주스 20ml (⅔ oz), 라임 주스 20ml (⅔ oz), 그레나딘 10ml (⅓ oz), 탄산수 적당량(약 90ml)","","달콤, 상큼, 탄산, 시트러스","상쾌한, 파티","4","1. 하이볼에 얼음을 채운다. / 2. 위스키 45ml (1½ oz), 레몬 주스 20ml (⅔ oz), 라임 주스 20ml (⅔ oz), 그레나딘 10ml (⅓ oz)를 붓는다. / 3. 탄산수 적당량(약 90ml)로 채우고 바 스푼으로 가볍게 한 번 젓는다. / 4. 라임 휠로 가니시한다.","AUTO","0","0","0","과일즙에 물이나 탄산수, 단맛을 더한 레모네이드·에이드 계열 음료. 개별 창시자 기록은 없음.
레몬 음료는 12세기 이집트의 궁정 의사 이븐 주마이의 기록까지 거슬러 올라감.","https://raw.githubusercontent.com/rlaaudgjs2/onz-cocktail-images/main/cocktail_image_file/old/onz_cocktail_California_Lemonade.webp","http://onz-cocktail.kr/uploads/glasses/onz_glasstype_highball.webp","2026-09-22 12:00:00","2026-09-22 12:00:00","whiskey","12","1","4","4","0","1","2","4","5","0","1","0","0","0","0","0","0","0","0","0","0","0","0","0","0","2","3","0","0","4","2","2","0","long","","verified","image_old","https://en.wikipedia.org/wiki/Lemonade"
"180","캄파리 토닉","Campari Tonic","약함","7","9","라이트","리큐르","","하이볼","여름","캄파리 45ml (1½ oz), 토닉 워터 적당량(약 90ml), 오렌지 필","","쌉싸름, 탄산, 허브, 시트러스","식전, 상쾌한","4","1. 하이볼에 얼음을 채운다. / 2. 캄파리 45ml (1½ oz)를 붓는다. / 3. 토닉 워터 적당량(약 90ml)로 채우고 바 스푼으로 가볍게 한 번 젓는다. / 4. 오렌지 필로 가니시한다.","AUTO","0","0","0","1860년 이탈리아 노바라에서 가스파레 캄파리가 만든 붉은 비터 리큐르 '캄파리'를 토닉 워터와 섞은 하이볼.
개별 창시자 기록은 없으며, 캄파리를 가볍게 즐기는 대표적인 방법.","https://raw.githubusercontent.com/rlaaudgjs2/onz-cocktail-images/main/cocktail_image_file/old/onz_cocktail_Campari_Tonic.webp","http://onz-cocktail.kr/uploads/glasses/onz_glasstype_highball.webp","2026-09-22 12:00:00","2026-09-22 12:00:00","liqueur","8","1","2","2","5","1","1","4","3","0","0","0","3","0","0","0","0","0","0","0","0","0","3","0","0","0","2","0","0","3","3","2","0","long","","verified","image_old","https://en.wikipedia.org/wiki/Campari"
"181","칸쿤 블루","Cancun Blue","보통","12","14","스탠다드","테킬라","","하이볼","여름","테킬라 45ml (1½ oz), 블루 큐라소 15ml (½ oz), 라임 주스 20ml (⅔ oz), 레모네이드 적당량(약 90ml)","","달콤, 상큼, 탄산, 시트러스","상쾌한, 파티","4","1. 하이볼에 얼음을 채운다. / 2. 테킬라 45ml (1½ oz), 블루 큐라소 15ml (½ oz), 라임 주스 20ml (⅔ oz)를 붓는다. / 3. 레모네이드 적당량(약 90ml)로 채우고 바 스푼으로 가볍게 한 번 젓는다. / 4. 라임 휠로 가니시한다.","AUTO","0","0","0","onz 오리지널 레시피 (이미지 기반 추정, 검수 필요)","https://raw.githubusercontent.com/rlaaudgjs2/onz-cocktail-images/main/cocktail_image_file/old/onz_cocktail_Cancun_Blue.webp","http://onz-cocktail.kr/uploads/glasses/onz_glasstype_highball.webp","2026-09-22 12:00:00","2026-09-22 12:00:00","tequila|liqueur","13","1","4","3","0","1","1","4","4","2","0","0","0","0","0","0","0","0","0","0","0","0","0","0","0","3","3","0","0","4","1","2","0","long","","needs_review","image_old",""
"182","칸투치 마티니","Cantucci Martini","강함","21","23","스탠다드","보드카","","마티니","사계절","보드카 45ml (1½ oz), 아마레또 15ml (½ oz), 크림 30ml (1 oz), 아몬드 비스킷 가니시","","달콤, 강한, 묵직한, 크리미","디저트","3","1. 셰이커에 얼음과 보드카 45ml (1½ oz), 아마레또 15ml (½ oz), 크림 30ml (1 oz)를 넣고 15초간 강하게 셰이킹한다. / 2. 차갑게 식힌 마티니에 걸러 따른다. / 3. 아몬드 비스킷 가니시로 가니시한다.","AUTO","0","0","0","마티니 잔에 담는 현대식 '~티니' 칵테일. 개별 창시자 기록은 없음.
1980년대부터 마티니 잔에 담은 칵테일에 마티니라는 이름을 붙이는 유행이 생겼고, 전통 마티니와는 다른 스타일임.","https://raw.githubusercontent.com/rlaaudgjs2/onz-cocktail-images/main/cocktail_image_file/old/onz_cocktail_Cantucci_Martini.webp","http://onz-cocktail.kr/uploads/glasses/onz_glasstype_martini.webp","2026-09-22 12:00:00","2026-09-22 12:00:00","vodka|liqueur","22","2","5","0","1","3","4","0","0","0","0","0","0","0","0","1","0","4","2","0","0","0","0","0","3","0","0","0","0","3","1","2","0","up","dairy|nut","verified","image_old","https://en.wikipedia.org/wiki/Martini_(cocktail)"
"183","케이프 코드 쿨러","Cape Cod Cooler","약함","8","10","라이트","보드카","","와인 글라스","여름","보드카 45ml (1½ oz), 크랜베리 주스 90ml (3 oz), 라임 주스 20ml (⅔ oz), 탄산수 적당량(약 90ml)","","달콤, 상큼, 탄산, 베리, 시트러스","상쾌한, 파티","4","1. 와인 글라스에 얼음을 채운다. / 2. 보드카 45ml (1½ oz), 크랜베리 주스 90ml (3 oz), 라임 주스 20ml (⅔ oz)를 붓는다. / 3. 탄산수 적당량(약 90ml)로 채우고 바 스푼으로 가볍게 한 번 젓는다. / 4. 라임 휠로 가니시한다.","AUTO","0","0","0","케이프 코더(보드카·크랜베리)에 탄산수를 더해 가볍게 만든 변형. 개별 창시자 기록은 없음.
케이프 코더는 1945년 크랜베리 협동조합 오션 스프레이가 처음 선보임.","https://raw.githubusercontent.com/rlaaudgjs2/onz-cocktail-images/main/cocktail_image_file/old/onz_cocktail_Cape_Cod_Cooler.webp","http://onz-cocktail.kr/uploads/glasses/onz_glasstype_wine_glass.webp","2026-09-22 12:00:00","2026-09-22 12:00:00","vodka","9","1","3","4","0","1","1","4","3","0","5","0","0","0","0","0","0","0","0","0","0","0","0","0","0","2","3","0","0","5","2","1","0","long","","verified","image_old","https://en.wikipedia.org/wiki/Cape_Codder_(cocktail)"
"184","케이프 코더","Cape Codder","보통","9","11","스탠다드","보드카","","하이볼","여름","보드카 45ml (1½ oz), 크랜베리 주스 90ml (3 oz), 라임 주스 20ml (⅔ oz)","","달콤, 상큼, 베리","파티, 상쾌한","2","1. 하이볼에 얼음을 채운다. / 2. 보드카 45ml (1½ oz), 크랜베리 주스 90ml (3 oz), 라임 주스 20ml (⅔ oz)를 붓는다.","AUTO","0","0","0","1945년 매사추세츠 케이프코드의 크랜베리 생산자 협동조합 오션 스프레이(Ocean Spray)가 '레드 데빌(Red Devil)'이라는 이름으로 처음 선보임.
1960년대 초부터 '케이프 코더'라는 이름으로 불림.","https://raw.githubusercontent.com/rlaaudgjs2/onz-cocktail-images/main/cocktail_image_file/old/onz_cocktail_Cape_Codder.webp","http://onz-cocktail.kr/uploads/glasses/onz_glasstype_highball.webp","2026-09-22 12:00:00","2026-09-22 12:00:00","vodka","10","1","3","4","1","1","2","0","1","0","5","0","0","0","0","0","0","0","0","0","0","0","0","0","0","3","2","0","0","5","3","1","0","long","","verified","image_old","https://en.wikipedia.org/wiki/Cape_Codder_(cocktail)"
"185","케이프타운 사워","Cape Town Sour","보통","15","17","스탠다드","브랜디","","록스","사계절","남아공 브랜디 45ml (1½ oz), 루이보스 시럽 15ml (½ oz), 레몬 주스 20ml (⅔ oz), 계란 흰자 1개분","","달콤, 상큼, 묵직한, 시트러스","천천히 음미","4","1. 셰이커에 남아공 브랜디 45ml (1½ oz), 루이보스 시럽 15ml (½ oz), 레몬 주스 20ml (⅔ oz), 계란 흰자 1개분을 넣고 얼음 없이 10초간 드라이 셰이킹한다. / 2. 얼음을 넣고 15초간 다시 강하게 셰이킹한다. / 3. 큰 얼음을 넣은 록스에 걸러 따른다. / 4. 레몬 필로 가니시한다.","AUTO","0","0","0","onz 오리지널 레시피 (이미지 기반 추정, 검수 필요)","https://raw.githubusercontent.com/rlaaudgjs2/onz-cocktail-images/main/cocktail_image_file/old/onz_cocktail_Cape_Town_Sour.webp","http://onz-cocktail.kr/uploads/glasses/onz_glasstype_rocks.webp","2026-09-22 12:00:00","2026-09-22 12:00:00","brandy","16","2","3","4","0","2","3","0","4","0","0","0","0","0","0","2","0","0","2","0","0","0","0","0","0","0","0","2","0","3","1","3","0","rocks","egg","needs_review","image_old",""
"186","캐러멜 드림","Caramel Dream","강함","19","21","스탠다드","위스키","","록스","가을","위스키 45ml (1½ oz), 캐러멜 리큐르 15ml (½ oz), 크림 30ml (1 oz)","","달콤, 강한, 묵직한, 오크·캐러멜, 크리미","디저트, 천천히 음미","2","1. 셰이커에 얼음과 위스키 45ml (1½ oz), 캐러멜 리큐르 15ml (½ oz), 크림 30ml (1 oz)를 넣고 15초간 강하게 셰이킹한다. / 2. 큰 얼음을 넣은 록스에 걸러 따른다.","AUTO","0","0","0","onz 오리지널 레시피 (이미지 기반 추정, 검수 필요)","https://raw.githubusercontent.com/rlaaudgjs2/onz-cocktail-images/main/cocktail_image_file/old/onz_cocktail_Caramel_Dream.webp","http://onz-cocktail.kr/uploads/glasses/onz_glasstype_rocks.webp","2026-09-22 12:00:00","2026-09-22 12:00:00","whiskey|liqueur","20","2","5","0","0","3","5","0","0","0","0","0","0","0","0","0","0","4","4","0","0","0","0","0","3","0","0","2","0","4","1","2","0","rocks","dairy","needs_review","image_old",""
"187","카다멈 사워","Cardamom Sour","보통","16","18","스페셜","진","","쿠페","가을","진 45ml (1½ oz), 카다멈 시럽 15ml (½ oz), 레몬 주스 20ml (⅔ oz), 계란 흰자 1개분","","달콤, 상큼, 묵직한, 스파이시, 시트러스","식사와 함께","4","1. 셰이커에 진 45ml (1½ oz), 카다멈 시럽 15ml (½ oz), 레몬 주스 20ml (⅔ oz), 계란 흰자 1개분을 넣고 얼음 없이 10초간 드라이 셰이킹한다. / 2. 얼음을 넣고 15초간 다시 강하게 셰이킹한다. / 3. 차갑게 식힌 쿠페에 걸러 따른다. / 4. 레몬 필로 가니시한다.","AUTO","0","0","0","술에 시트러스와 단맛을 더하는 사워 계열 칵테일. 개별 창시자 기록은 없음.
사워 계열의 대표인 위스키 사워는 1870년 미국 위스콘신의 신문 『워키쇼 플레인 딜러』에 처음 기록됨.","https://raw.githubusercontent.com/rlaaudgjs2/onz-cocktail-images/main/cocktail_image_file/old/onz_cocktail_Cardamom_Sour.webp","http://onz-cocktail.kr/uploads/glasses/onz_glasstype_coupe.webp","2026-09-22 12:00:00","2026-09-22 12:00:00","gin","17","2","3","4","0","2","3","0","4","0","0","0","0","0","0","4","0","0","0","0","0","0","0","2","0","0","0","0","0","3","1","4","0","up","egg","verified","image_old","https://en.wikipedia.org/wiki/Whiskey_sour"
"188","케이맨 선셋","Cayman Sunset","보통","13","15","스탠다드","럼","","쿠페","여름","화이트 럼 45ml (1½ oz), 크랜베리 주스 30ml (1 oz), 파인애플 주스 30ml (1 oz), 그레나딘 10ml (⅓ oz), 민트 6~8장","","달콤, 상큼, 열대과일, 베리","상쾌한, 파티","3","1. 셰이커(또는 믹싱 글라스)에 민트 6~8장을 넣고 가볍게 으깬다. / 2. 셰이커에 얼음과 화이트 럼 45ml (1½ oz), 크랜베리 주스 30ml (1 oz), 파인애플 주스 30ml (1 oz), 그레나딘 10ml (⅓ oz)를 넣고 15초간 강하게 셰이킹한다. / 3. 차갑게 식힌 쿠페에 더블 스트레이닝하여 따른다.","AUTO","0","0","0","onz 오리지널 레시피 (이미지 기반 추정, 검수 필요)","https://raw.githubusercontent.com/rlaaudgjs2/onz-cocktail-images/main/cocktail_image_file/old/onz_cocktail_Cayman_Sunset.webp","http://onz-cocktail.kr/uploads/glasses/onz_glasstype_coupe.webp","2026-09-22 12:00:00","2026-09-22 12:00:00","rum","14","1","4","3","0","2","2","0","0","3","3","0","0","1","0","0","0","0","0","0","0","0","0","0","0","2","3","0","0","5","1","2","0","up","","needs_review","image_old",""
"189","샴페인 코블러","Champagne Cobbler","보통","10","12","스탠다드","와인","","플루트","봄","샴페인 90ml (3 oz), 마라스키노 20ml (⅔ oz), 오렌지 리큐르 20ml (⅔ oz), 제철 과일 3~4조각","","달콤, 탄산, 시트러스, 베리","파티, 브런치","4","1. 셰이커(또는 믹싱 글라스)에 제철 과일 3~4조각을 넣고 가볍게 으깬다. / 2. 셰이커에 얼음과 샴페인 90ml (3 oz), 마라스키노 20ml (⅔ oz), 오렌지 리큐르 20ml (⅔ oz)를 넣고 15초간 강하게 셰이킹한다. / 3. 차갑게 식힌 플루트에 더블 스트레이닝하여 따른다. / 4. 오렌지 필로 가니시한다.","AUTO","0","0","0","코블러 계열(술·설탕·과일·잘게 부순 얼음) 칵테일. 개별 창시자 기록은 없음.
코블러는 1838년 처음 기록되었고, 1843년 찰스 디킨스의 소설에 셰리 코블러가 등장하며 19세기 미국에서 크게 유행함.","https://raw.githubusercontent.com/rlaaudgjs2/onz-cocktail-images/main/cocktail_image_file/old/onz_cocktail_Champagne_Cobbler.webp","http://onz-cocktail.kr/uploads/glasses/onz_glasstype_flute.webp","2026-09-22 12:00:00","2026-09-22 12:00:00","sparkling|liqueur","11","1","3","2","0","1","2","4","3","0","3","0","0","0","0","0","0","0","0","0","0","0","0","0","0","3","0","0","2","4","2","3","0","up","","verified","image_old","https://en.wikipedia.org/wiki/Cobbler_(drink)"
"190","샴페인 줄렙","Champagne Julep","보통","12","14","스탠다드","와인","","플루트","사계절","샴페인 90ml (3 oz), 코냑 45ml (1½ oz), 민트 6~8장, 설탕 1 tsp","","달콤, 탄산, 민트","브런치, 파티","3","1. 셰이커(또는 믹싱 글라스)에 민트 6~8장을 넣고 가볍게 으깬다. / 2. 셰이커에 얼음과 샴페인 90ml (3 oz), 코냑 45ml (1½ oz), 설탕 1 tsp를 넣고 15초간 강하게 셰이킹한다. / 3. 차갑게 식힌 플루트에 더블 스트레이닝하여 따른다.","AUTO","0","0","0","민트 줄렙 스타일의 변형. 개별 창시자 기록은 없음.
줄렙은 18세기 미국 남부에서 생겼으며 1770년에 처음 기록됨.","https://raw.githubusercontent.com/rlaaudgjs2/onz-cocktail-images/main/cocktail_image_file/old/onz_cocktail_Champagne_Julep.webp","http://onz-cocktail.kr/uploads/glasses/onz_glasstype_flute.webp","2026-09-22 12:00:00","2026-09-22 12:00:00","sparkling|brandy","13","1","3","1","0","2","2","4","0","0","0","0","0","5","0","0","0","0","1","0","0","0","0","0","0","2","0","0","2","4","2","3","0","up","","verified","image_old","https://en.wikipedia.org/wiki/Mint_julep"
"191","샹젤리제","Champs-Élysées","강함","27","29","스트롱","브랜디","","쿠페","사계절","코냑 45ml (1½ oz), 옐로 샤르트뢰즈 15ml (½ oz), 레몬 주스 20ml (⅔ oz), 앙고스투라 비터스 2 dashes","","달콤, 상큼, 강한, 묵직한, 허브, 시트러스","식전, 천천히 음미","3","1. 셰이커에 얼음과 코냑 45ml (1½ oz), 옐로 샤르트뢰즈 15ml (½ oz), 레몬 주스 20ml (⅔ oz), 앙고스투라 비터스 2 dashes를 넣고 15초간 강하게 셰이킹한다. / 2. 차갑게 식힌 쿠페에 걸러 따른다. / 3. 레몬 필로 가니시한다.","AUTO","0","0","0","첫 레시피는 1925년 니나 토이와 아서 H. 아데어가 쓴 『Drinks – Long and Short』에 실림.
파리 샹젤리제 거리에서 이름을 땄으며, 사이드카에 샤르트뢰즈를 더해 허브 향을 살린 브랜디 칵테일.","https://raw.githubusercontent.com/rlaaudgjs2/onz-cocktail-images/main/cocktail_image_file/old/onz_cocktail_Champslyses.webp","http://onz-cocktail.kr/uploads/glasses/onz_glasstype_coupe.webp","2026-09-22 12:00:00","2026-09-22 12:00:00","brandy|liqueur","28","3","3","3","0","4","3","0","3","0","0","0","4","0","0","0","0","0","2","0","0","0","2","0","0","0","0","2","0","2","1","5","0","up","","verified","image_old","https://www.diffordsguide.com/cocktails/recipe/396/champs-elysees"
"192","샤르트뢰즈 토닉","Chartreuse Tonic","보통","9","11","스페셜","리큐르","","하이볼","여름","그린 샤르트뢰즈 45ml (1½ oz), 토닉 워터 적당량(약 90ml), 라임 주스 20ml (⅔ oz)","","쌉싸름, 탄산, 허브","식전, 상쾌한","3","1. 하이볼에 얼음을 채운다. / 2. 그린 샤르트뢰즈 45ml (1½ oz), 라임 주스 20ml (⅔ oz)를 붓는다. / 3. 토닉 워터 적당량(약 90ml)로 채우고 바 스푼으로 가볍게 한 번 젓는다.","AUTO","0","0","0","프랑스 알프스의 카르투시오회 수도사들이 만드는 허브 리큐르 샤르트뢰즈를 토닉 워터와 섞은 하이볼.
샤르트뢰즈는 1605년 '불로장생의 영약' 필사본에서 출발해 1737년 레시피가 완성됨.","https://raw.githubusercontent.com/rlaaudgjs2/onz-cocktail-images/main/cocktail_image_file/old/onz_cocktail_Chartreuse_Tonic.webp","http://onz-cocktail.kr/uploads/glasses/onz_glasstype_highball.webp","2026-09-22 12:00:00","2026-09-22 12:00:00","liqueur","10","1","2","2","3","1","1","4","0","0","0","0","5","0","0","0","0","0","0","0","0","0","3","0","0","0","2","0","0","2","1","4","0","long","","verified","image_old","https://en.wikipedia.org/wiki/Chartreuse_(liqueur)"
"193","체리 아마레또","Cherry Amaretto","보통","13","15","스탠다드","리큐르","","록스","봄","아마레또 45ml (1½ oz), 체리 주스 30ml (1 oz), 레몬 주스 20ml (⅔ oz)","","달콤, 묵직한, 베리, 크리미","디저트, 파티","2","1. 셰이커에 얼음과 아마레또 45ml (1½ oz), 체리 주스 30ml (1 oz), 레몬 주스 20ml (⅔ oz)를 넣고 15초간 강하게 셰이킹한다. / 2. 큰 얼음을 넣은 록스에 걸러 따른다.","AUTO","0","0","0","아마레또에 체리 주스를 섞은 캐주얼한 칵테일. 개별 창시자 기록은 없음.
아마레또는 1525년 이탈리아 사론노의 한 여관 여주인이 화가 루이니에게 선물했다는 전설로 유명한 리큐르.","https://raw.githubusercontent.com/rlaaudgjs2/onz-cocktail-images/main/cocktail_image_file/old/onz_cocktail_Cherry_Amaretto.webp","http://onz-cocktail.kr/uploads/glasses/onz_glasstype_rocks.webp","2026-09-22 12:00:00","2026-09-22 12:00:00","liqueur","14","1","5","2","0","1","3","0","0","0","4","0","0","0","0","0","0","3","0","0","0","0","0","0","2","2","0","0","0","5","2","2","0","rocks","nut","verified","image_old","https://en.wikipedia.org/wiki/Amaretto"
"194","체리 베이크","Cherry Bake","강함","19","21","스탠다드","위스키","","쿠페","가을","버번 45ml (1½ oz), 체리 리큐르 15ml (½ oz), 레몬 주스 20ml (⅔ oz), 시나몬 시럽 15ml (½ oz)","","달콤, 강한, 묵직한, 베리, 오크·캐러멜","천천히 음미, 디저트","2","1. 셰이커에 얼음과 버번 45ml (1½ oz), 체리 리큐르 15ml (½ oz), 레몬 주스 20ml (⅔ oz), 시나몬 시럽 15ml (½ oz)를 넣고 15초간 강하게 셰이킹한다. / 2. 차갑게 식힌 쿠페에 걸러 따른다.","AUTO","0","0","0","onz 오리지널 레시피 (이미지 기반 추정, 검수 필요)","https://raw.githubusercontent.com/rlaaudgjs2/onz-cocktail-images/main/cocktail_image_file/old/onz_cocktail_Cherry_Bake.webp","http://onz-cocktail.kr/uploads/glasses/onz_glasstype_coupe.webp","2026-09-22 12:00:00","2026-09-22 12:00:00","whiskey|liqueur","20","2","4","2","0","3","3","0","0","0","4","0","0","0","0","2","0","0","3","0","0","0","0","0","2","0","0","2","0","3","1","3","0","up","","needs_review","image_old",""
"195","체리 블로섬","Cherry Blossom","강함","21","23","스페셜","브랜디","","쿠페","봄","브랜디 45ml (1½ oz), 체리 브랜디 15ml (½ oz), 오렌지 큐라소 15ml (½ oz), 그레나딘 10ml (⅓ oz), 레몬 주스 20ml (⅔ oz)","","달콤, 상큼, 강한, 묵직한, 베리","식전","2","1. 셰이커에 얼음과 브랜디 45ml (1½ oz), 체리 브랜디 15ml (½ oz), 오렌지 큐라소 15ml (½ oz), 그레나딘 10ml (⅓ oz), 레몬 주스 20ml (⅔ oz)를 넣고 15초간 강하게 셰이킹한다. / 2. 차갑게 식힌 쿠페에 걸러 따른다.","AUTO","0","0","0","문헌으로 확인되는 유래 기록을 찾지 못함.","https://raw.githubusercontent.com/rlaaudgjs2/onz-cocktail-images/main/cocktail_image_file/old/onz_cocktail_Cherry_Blossom.webp","http://onz-cocktail.kr/uploads/glasses/onz_glasstype_coupe.webp","2026-09-22 12:00:00","2026-09-22 12:00:00","brandy|liqueur","22","2","4","3","0","3","3","0","0","0","4","0","0","0","2","0","0","0","0","0","0","0","2","0","0","0","0","0","0","3","2","4","0","up","","verified","image_old",""
"196","체리 코냑 피즈","Cherry Cognac Fizz","보통","12","14","스탠다드","브랜디","","하이볼","봄","코냑 45ml (1½ oz), 체리 리큐르 15ml (½ oz), 레몬 주스 20ml (⅔ oz), 탄산수 적당량(약 90ml)","","달콤, 상큼, 탄산, 베리","파티","3","1. 하이볼에 얼음을 채운다. / 2. 코냑 45ml (1½ oz), 체리 리큐르 15ml (½ oz), 레몬 주스 20ml (⅔ oz)를 붓는다. / 3. 탄산수 적당량(약 90ml)로 채우고 바 스푼으로 가볍게 한 번 젓는다.","AUTO","0","0","0","onz 오리지널 레시피 (이미지 기반 추정, 검수 필요)","https://raw.githubusercontent.com/rlaaudgjs2/onz-cocktail-images/main/cocktail_image_file/old/onz_cocktail_Cherry_Cognac_Fizz.webp","http://onz-cocktail.kr/uploads/glasses/onz_glasstype_highball.webp","2026-09-22 12:00:00","2026-09-22 12:00:00","brandy|liqueur","13","1","4","3","0","2","2","4","0","0","4","0","0","0","0","0","0","0","2","0","0","0","0","0","0","2","0","0","0","4","1","3","0","long","","needs_review","image_old",""
"197","치치","Chi Chi","보통","11","13","스탠다드","보드카","","허리케인","여름","보드카 45ml (1½ oz), 파인애플 주스 90ml (3 oz), 코코넛 크림 30ml (1 oz)","","달콤, 묵직한, 열대과일, 크리미","상쾌한, 디저트","3","1. 블렌더에 보드카 45ml (1½ oz), 파인애플 주스 90ml (3 oz), 코코넛 크림 30ml (1 oz)와 얼음 1컵을 넣는다. / 2. 부드러워질 때까지 20~30초간 간다. / 3. 허리케인에 따른다.","AUTO","0","0","0","1970년대 하와이의 해변 바와 리조트에서 인기를 얻은 피냐 콜라다의 보드카 버전.
티키 바 '돈 더 비치코머'의 '마카다미아 넛 치치'를 단순하게 만든 형태로 알려짐.","https://raw.githubusercontent.com/rlaaudgjs2/onz-cocktail-images/main/cocktail_image_file/old/onz_cocktail_Chi_Chi.webp","http://onz-cocktail.kr/uploads/glasses/onz_glasstype_hurricane.webp","2026-09-22 12:00:00","2026-09-22 12:00:00","vodka","12","1","5","1","0","1","5","0","0","5","0","0","0","0","0","0","0","4","0","0","0","0","0","0","2","0","3","0","0","5","3","1","0","frozen","dairy","verified","image_old","https://www.thekitchn.com/chi-chi-cocktail-recipe-23735632"
"198","시카고 파이어","Chicago Fire","보통","17","19","스탠다드","위스키","","쿠페","가을","버번 45ml (1½ oz), 체리 주스 30ml (1 oz), 레몬 주스 20ml (⅔ oz), 칠리 시럽 15ml (½ oz)","","달콤, 상큼, 강한, 묵직한, 스파이시","천천히 음미","2","1. 셰이커에 얼음과 버번 45ml (1½ oz), 체리 주스 30ml (1 oz), 레몬 주스 20ml (⅔ oz), 칠리 시럽 15ml (½ oz)를 넣고 15초간 강하게 셰이킹한다. / 2. 차갑게 식힌 쿠페에 걸러 따른다.","AUTO","0","0","0","onz 오리지널 레시피 (이미지 기반 추정, 검수 필요)","https://raw.githubusercontent.com/rlaaudgjs2/onz-cocktail-images/main/cocktail_image_file/old/onz_cocktail_Chicago_Fire.webp","http://onz-cocktail.kr/uploads/glasses/onz_glasstype_coupe.webp","2026-09-22 12:00:00","2026-09-22 12:00:00","whiskey","18","2","4","3","1","3","3","0","2","0","2","0","0","0","0","4","0","0","0","0","0","0","0","0","0","0","0","2","0","2","1","2","0","up","","needs_review","image_old",""
"199","칠리 챔피언","Chili Champion","보통","15","17","스탠다드","테킬라","","쿠페","가을","테킬라 45ml (1½ oz), 망고 퓌레 30ml (1 oz), 라임 주스 20ml (⅔ oz), 할라피뇨 2~3조각","","달콤, 상큼, 묵직한, 스파이시, 시트러스","파티, 식사와 함께","4","1. 셰이커(또는 믹싱 글라스)에 할라피뇨 2~3조각을 넣고 가볍게 으깬다. / 2. 셰이커에 얼음과 테킬라 45ml (1½ oz), 망고 퓌레 30ml (1 oz), 라임 주스 20ml (⅔ oz)를 넣고 15초간 강하게 셰이킹한다. / 3. 차갑게 식힌 쿠페에 더블 스트레이닝하여 따른다. / 4. 라임 휠로 가니시한다.","AUTO","0","0","0","onz 오리지널 레시피 (이미지 기반 추정, 검수 필요)","https://raw.githubusercontent.com/rlaaudgjs2/onz-cocktail-images/main/cocktail_image_file/old/onz_cocktail_Chili_Champion.webp","http://onz-cocktail.kr/uploads/glasses/onz_glasstype_coupe.webp","2026-09-22 12:00:00","2026-09-22 12:00:00","tequila","16","2","3","3","1","2","3","0","3","2","0","0","0","0","0","5","0","0","0","0","0","0","0","2","0","2","0","0","0","2","1","2","0","up","","needs_review","image_old",""
"200","칠리 초콜릿 마티니","Chili Chocolate Martini","강함","21","23","스탠다드","보드카","","마티니","가을","보드카 45ml (1½ oz), 초콜릿 리큐르 15ml (½ oz), 크렘 드 카카오 15ml (½ oz), 칠리 2~3조각","","달콤, 강한, 묵직한, 커피·초콜릿, 스파이시","디저트","3","1. 셰이커(또는 믹싱 글라스)에 칠리 2~3조각을 넣고 가볍게 으깬다. / 2. 셰이커에 얼음과 보드카 45ml (1½ oz), 초콜릿 리큐르 15ml (½ oz), 크렘 드 카카오 15ml (½ oz)를 넣고 15초간 강하게 셰이킹한다. / 3. 차갑게 식힌 마티니에 더블 스트레이닝하여 따른다.","AUTO","0","0","0","마티니 잔에 담는 현대식 '~티니' 칵테일. 개별 창시자 기록은 없음.
1980년대부터 마티니 잔에 담은 칵테일에 마티니라는 이름을 붙이는 유행이 생겼고, 전통 마티니와는 다른 스타일임.","https://raw.githubusercontent.com/rlaaudgjs2/onz-cocktail-images/main/cocktail_image_file/old/onz_cocktail_Chili_Chocolate_Martini.webp","http://onz-cocktail.kr/uploads/glasses/onz_glasstype_martini.webp","2026-09-22 12:00:00","2026-09-22 12:00:00","vodka|liqueur","22","2","4","1","1","3","4","0","0","0","0","0","0","0","0","4","5","0","0","0","0","0","0","0","3","0","0","0","0","2","1","3","0","up","","verified","image_old","https://en.wikipedia.org/wiki/Martini_(cocktail)"
"201","초콜릿 베일리스","Chocolate Baileys","보통","11","13","스탠다드","리큐르","","록스","사계절","베일리스 45ml (1½ oz), 초콜릿 리큐르 20ml (⅔ oz), 우유 90ml (3 oz)","","달콤, 묵직한, 크리미, 커피·초콜릿","디저트","2","1. 셰이커에 얼음과 베일리스 45ml (1½ oz), 초콜릿 리큐르 20ml (⅔ oz), 우유 90ml (3 oz)를 넣고 15초간 강하게 셰이킹한다. / 2. 큰 얼음을 넣은 록스에 걸러 따른다.","AUTO","0","0","0","베일리스에 초콜릿 리큐르와 우유를 섞은 디저트 칵테일. 개별 창시자 기록은 없음.
베일리스는 1971년 톰 재고가 개발해 1974년 최초의 아이리시 크림 리큐르로 출시됨.","https://raw.githubusercontent.com/rlaaudgjs2/onz-cocktail-images/main/cocktail_image_file/old/onz_cocktail_Chocolate_Baileys.webp","http://onz-cocktail.kr/uploads/glasses/onz_glasstype_rocks.webp","2026-09-22 12:00:00","2026-09-22 12:00:00","liqueur","12","1","5","0","0","0","5","0","0","0","0","0","0","0","0","0","4","5","0","0","0","0","0","0","3","0","0","0","0","5","3","1","0","rocks","dairy","verified","image_old","https://en.wikipedia.org/wiki/Baileys_Irish_Cream"
"202","초콜릿 블랙 러시안","Chocolate Black Russian","강함","24","26","스트롱","보드카","","록스","사계절","보드카 45ml (1½ oz), 커피 리큐르 15ml (½ oz), 초콜릿 리큐르 15ml (½ oz)","","달콤, 강한, 묵직한, 커피·초콜릿","디저트, 천천히 음미","3","1. 믹싱 글라스에 얼음과 보드카 45ml (1½ oz), 커피 리큐르 15ml (½ oz), 초콜릿 리큐르 15ml (½ oz)를 넣는다. / 2. 20~30초간 충분히 젓는다. / 3. 큰 얼음을 넣은 록스에 걸러 따른다.","AUTO","0","0","0","블랙 러시안에 초콜릿 리큐르를 더한 디저트 변형. 개별 창시자 기록은 없음.
블랙 러시안은 1949년 브뤼셀 메트로폴 호텔의 바텐더 귀스타브 톱스가 만든 칵테일.","https://raw.githubusercontent.com/rlaaudgjs2/onz-cocktail-images/main/cocktail_image_file/old/onz_cocktail_Chocolate_Black_Russian.webp","http://onz-cocktail.kr/uploads/glasses/onz_glasstype_rocks.webp","2026-09-22 12:00:00","2026-09-22 12:00:00","vodka|liqueur","25","3","5","0","2","4","4","0","0","0","0","0","0","0","0","0","5","0","0","0","0","0","0","0","3","0","0","2","0","3","2","2","0","rocks","caffeine","verified","image_old","https://en.wikipedia.org/wiki/Black_Russian"
"203","초콜릿 마가리타","Chocolate Margarita","보통","17","19","스탠다드","테킬라","","마가리타","사계절","테킬라 45ml (1½ oz), 크렘 드 카카오 15ml (½ oz), 오렌지 리큐르 15ml (½ oz), 라임 주스 20ml (⅔ oz)","","달콤, 묵직한, 커피·초콜릿, 시트러스","디저트","3","1. 셰이커에 얼음과 테킬라 45ml (1½ oz), 크렘 드 카카오 15ml (½ oz), 오렌지 리큐르 15ml (½ oz), 라임 주스 20ml (⅔ oz)를 넣고 15초간 강하게 셰이킹한다. / 2. 차갑게 식힌 마가리타에 걸러 따른다. / 3. 라임 휠로 가니시한다.","AUTO","0","0","0","마가리타 변형. 개별 창시자 기록은 없음.
마가리타는 1930~40년대 멕시코에서 생겼다는 여러 설이 있고 첫 레시피는 1953년 『에스콰이어』에 실림. 과일 프로즌 마가리타는 1971년 댈러스에서 마가리타 기계가 나온 뒤 퍼짐.","https://raw.githubusercontent.com/rlaaudgjs2/onz-cocktail-images/main/cocktail_image_file/old/onz_cocktail_Chocolate_Margarita.webp","http://onz-cocktail.kr/uploads/glasses/onz_glasstype_margarita.webp","2026-09-22 12:00:00","2026-09-22 12:00:00","tequila|liqueur","18","2","4","2","0","2","4","0","3","0","0","0","0","0","0","0","4","0","0","0","0","0","0","0","2","1","0","0","0","3","1","2","0","up","","verified","image_old","https://en.wikipedia.org/wiki/Margarita"
"204","초콜릿 마티니","Chocolate Martini","강함","21","23","스탠다드","보드카","","마티니","사계절","보드카 45ml (1½ oz), 초콜릿 리큐르 15ml (½ oz), 크렘 드 카카오 15ml (½ oz), 초콜릿 림","","달콤, 강한, 묵직한, 커피·초콜릿, 크리미","디저트","4","1. 믹싱 글라스에 얼음과 보드카 45ml (1½ oz), 초콜릿 리큐르 15ml (½ oz), 크렘 드 카카오 15ml (½ oz)를 넣는다. / 2. 20~30초간 충분히 젓는다. / 3. 차갑게 식힌 마티니에 걸러 따른다. / 4. 초콜릿 림으로 가니시한다.","AUTO","0","0","0","1980년대부터 마티니 잔에 담은 칵테일을 '~티니'로 부르는 유행 속에서 생긴 디저트 칵테일.
이름만 마티니일 뿐 전통 마티니와는 거리가 멂.","https://raw.githubusercontent.com/rlaaudgjs2/onz-cocktail-images/main/cocktail_image_file/old/onz_cocktail_Chocolate_Martini.webp","http://onz-cocktail.kr/uploads/glasses/onz_glasstype_martini.webp","2026-09-22 12:00:00","2026-09-22 12:00:00","vodka|liqueur","22","2","5","0","1","3","5","0","0","0","0","0","0","0","0","0","5","3","0","0","0","0","0","0","3","0","0","0","0","4","3","2","0","up","dairy","verified","image_old","https://en.wikipedia.org/wiki/Martini_(cocktail)"
"205","시나몬 위스키 사워","Cinnamon Whiskey Sour","보통","16","18","스탠다드","위스키","","록스","가을","버번 45ml (1½ oz), 시나몬 시럽 15ml (½ oz), 레몬 주스 20ml (⅔ oz), 계란 흰자 1개분","","달콤, 상큼, 묵직한, 스파이시, 시트러스","천천히 음미","4","1. 셰이커에 버번 45ml (1½ oz), 시나몬 시럽 15ml (½ oz), 레몬 주스 20ml (⅔ oz), 계란 흰자 1개분을 넣고 얼음 없이 10초간 드라이 셰이킹한다. / 2. 얼음을 넣고 15초간 다시 강하게 셰이킹한다. / 3. 큰 얼음을 넣은 록스에 걸러 따른다. / 4. 레몬 필로 가니시한다.","AUTO","0","0","0","술에 시트러스와 단맛을 더하는 사워 계열 칵테일. 개별 창시자 기록은 없음.
사워 계열의 대표인 위스키 사워는 1870년 미국 위스콘신의 신문 『워키쇼 플레인 딜러』에 처음 기록됨.","https://raw.githubusercontent.com/rlaaudgjs2/onz-cocktail-images/main/cocktail_image_file/old/onz_cocktail_Cinnamon_Whiskey_Sour.webp","http://onz-cocktail.kr/uploads/glasses/onz_glasstype_rocks.webp","2026-09-22 12:00:00","2026-09-22 12:00:00","whiskey","17","2","3","4","0","2","3","0","4","0","0","0","0","0","0","4","0","0","2","0","0","0","0","1","0","0","0","2","0","4","2","3","0","rocks","egg","verified","image_old","https://en.wikipedia.org/wiki/Whiskey_sour"
"206","시트러스 바질 스매시","Citrus Basil Smash","보통","14","16","스탠다드","진","","록스","여름","진 45ml (1½ oz), 바질 6~8장, 레몬 주스 20ml (⅔ oz), 오렌지 필, 설탕 시럽 15ml (½ oz)","","달콤, 상큼, 허브, 시트러스","상쾌한, 식전","4","1. 셰이커(또는 믹싱 글라스)에 바질 6~8장을 넣고 가볍게 으깬다. / 2. 셰이커에 얼음과 진 45ml (1½ oz), 레몬 주스 20ml (⅔ oz), 설탕 시럽 15ml (½ oz)를 넣고 15초간 강하게 셰이킹한다. / 3. 큰 얼음을 넣은 록스에 더블 스트레이닝하여 따른다. / 4. 오렌지 필로 가니시한다.","AUTO","0","0","0","민트나 과일을 으깨 넣는 스매시 계열 칵테일. 개별 창시자 기록은 없음.
스매시는 1840년대 미국에서 생겨 제리 토머스의 1862년 『바텐더 가이드』에 '작은 줄렙'으로 소개됨.","https://raw.githubusercontent.com/rlaaudgjs2/onz-cocktail-images/main/cocktail_image_file/old/onz_cocktail_Citrus_Basil_Smash.webp","http://onz-cocktail.kr/uploads/glasses/onz_glasstype_rocks.webp","2026-09-22 12:00:00","2026-09-22 12:00:00","gin","15","2","3","4","0","2","2","0","5","0","0","0","5","0","0","0","0","0","0","0","0","0","2","0","0","0","3","0","0","4","2","3","0","rocks","","verified","image_old","https://www.diffordsguide.com/cocktails/recipe/3347/whiskey-smash"
"207","클레레","Clairet","보통","13","15","스탠다드","와인","","쿠페","봄","클레레(라이트 레드 와인) 90ml (3 oz), 브랜디 45ml (1½ oz), 오렌지 필","","달콤, 묵직한, 베리","식사와 함께, 식전","4","1. 믹싱 글라스에 얼음과 클레레(라이트 레드 와인) 90ml (3 oz), 브랜디 45ml (1½ oz)를 넣는다. / 2. 20~30초간 충분히 젓는다. / 3. 차갑게 식힌 쿠페에 걸러 따른다. / 4. 오렌지 필로 가니시한다.","AUTO","0","0","0","onz 오리지널 레시피 (이미지 기반 추정, 검수 필요)","https://raw.githubusercontent.com/rlaaudgjs2/onz-cocktail-images/main/cocktail_image_file/old/onz_cocktail_Clairet.webp","http://onz-cocktail.kr/uploads/glasses/onz_glasstype_coupe.webp","2026-09-22 12:00:00","2026-09-22 12:00:00","wine|brandy","14","1","3","2","0","2","3","0","0","0","4","0","0","0","0","0","0","0","1","0","0","0","2","3","0","0","0","0","0","3","1","2","0","up","","needs_review","image_old",""
"208","클로버 리프","Clover Leaf","보통","16","18","스탠다드","진","","쿠페","봄","진 45ml (1½ oz), 라즈베리 시럽 15ml (½ oz), 레몬 주스 20ml (⅔ oz), 계란 흰자 1개분, 민트 6~8장","","달콤, 상큼, 묵직한, 베리, 민트, 시트러스","식전, 파티","5","1. 셰이커(또는 믹싱 글라스)에 민트 6~8장을 넣고 가볍게 으깬다. / 2. 셰이커에 진 45ml (1½ oz), 라즈베리 시럽 15ml (½ oz), 레몬 주스 20ml (⅔ oz), 계란 흰자 1개분을 넣고 얼음 없이 10초간 드라이 셰이킹한다. / 3. 얼음을 넣고 15초간 다시 강하게 셰이킹한다. / 4. 차갑게 식힌 쿠페에 더블 스트레이닝하여 따른다. / 5. 레몬 필로 가니시한다.","AUTO","0","0","0","클로버 클럽에 민트 장식을 더한 변형으로, J. A. 그로후스코의 『잭스 매뉴얼』에 실림.
클로버 클럽은 1882년 필라델피아 벨뷰-스트랫퍼드 호텔에 있던 같은 이름의 남성 클럽에서 유래했고, 1908년부터 레시피가 출판됨.","https://raw.githubusercontent.com/rlaaudgjs2/onz-cocktail-images/main/cocktail_image_file/old/onz_cocktail_Clover_Leaf.webp","http://onz-cocktail.kr/uploads/glasses/onz_glasstype_coupe.webp","2026-09-22 12:00:00","2026-09-22 12:00:00","gin","17","2","3","4","0","1","3","0","3","0","4","0","0","3","0","0","0","0","0","0","0","0","2","0","0","2","0","0","0","4","2","3","0","up","egg","verified","image_old","https://en.wikipedia.org/wiki/Clover_Club_Cocktail"
"209","코코넛 크림 파이","Coconut Cream Pie","보통","14","16","스탠다드","럼","","쿠페","사계절","코코넛 럼 45ml (1½ oz), 바닐라 리큐르 15ml (½ oz), 크림 30ml (1 oz), 그레이엄 크래커 림","","달콤, 묵직한, 크리미, 열대과일","디저트","3","1. 셰이커에 얼음과 코코넛 럼 45ml (1½ oz), 바닐라 리큐르 15ml (½ oz), 크림 30ml (1 oz)를 넣고 15초간 강하게 셰이킹한다. / 2. 차갑게 식힌 쿠페에 걸러 따른다. / 3. 그레이엄 크래커 림으로 가니시한다.","AUTO","0","0","0","문헌으로 확인되는 유래 기록을 찾지 못함.","https://raw.githubusercontent.com/rlaaudgjs2/onz-cocktail-images/main/cocktail_image_file/old/onz_cocktail_Coconut_Cream_Pie.webp","http://onz-cocktail.kr/uploads/glasses/onz_glasstype_coupe.webp","2026-09-22 12:00:00","2026-09-22 12:00:00","rum|liqueur","15","2","5","0","0","1","5","0","0","4","0","0","0","0","0","0","0","5","0","0","0","0","0","0","3","0","0","0","0","4","2","2","0","up","dairy","verified","image_old",""
"210","코코넛 라임 소다","Coconut Lime Soda","약함","0","0","라이트","무알코올","","하이볼","여름","코코넛 워터 120ml (4 oz), 라임 주스 20ml (⅔ oz), 탄산수 적당량(약 90ml), 설탕 시럽 15ml (½ oz)","","달콤, 상큼, 탄산, 열대과일, 시트러스","상쾌한, 브런치","4","1. 하이볼에 얼음을 채운다. / 2. 코코넛 워터 120ml (4 oz), 라임 주스 20ml (⅔ oz), 설탕 시럽 15ml (½ oz)를 붓는다. / 3. 탄산수 적당량(약 90ml)로 채우고 바 스푼으로 가볍게 한 번 젓는다. / 4. 라임 휠로 가니시한다.","AUTO","0","0","0","술 없이 칵테일처럼 만든 목테일. 개별 창시자 기록은 없음.
무알코올 혼합 음료는 제리 토머스의 1862년 『바텐더 가이드』에 '금주 음료'로 실렸고, '목테일'이라는 말은 1916년에 처음 기록됨.","https://raw.githubusercontent.com/rlaaudgjs2/onz-cocktail-images/main/cocktail_image_file/old/onz_cocktail_Coconut_Lime_Soda.webp","http://onz-cocktail.kr/uploads/glasses/onz_glasstype_highball.webp","2026-09-22 12:00:00","2026-09-22 12:00:00","none","0","0","3","3","0","0","1","4","4","4","0","0","0","0","0","0","0","0","0","0","0","0","0","0","0","0","3","0","2","5","1","1","0","long","","verified","image_old","https://en.wikipedia.org/wiki/Mocktail"
"211","코코넛 럼 펀치","Coconut Rum Punch","보통","12","14","스탠다드","럼","","허리케인","여름","코코넛 럼 45ml (1½ oz), 파인애플 주스 90ml (3 oz), 오렌지 주스 90ml (3 oz), 그레나딘 10ml (⅓ oz)","","달콤, 묵직한, 열대과일","상쾌한, 파티","2","1. 허리케인에 얼음을 채운다. / 2. 코코넛 럼 45ml (1½ oz), 파인애플 주스 90ml (3 oz), 오렌지 주스 90ml (3 oz), 그레나딘 10ml (⅓ oz)를 붓는다.","AUTO","0","0","0","코코넛 럼으로 만드는 펀치. 개별 창시자 기록은 없음.
펀치는 인도에서 생겨 17세기 말 동인도회사 직원들이 영국에 들여온 음료로, 이름은 '다섯'을 뜻하는 힌디어 '판치'(술·설탕·시트러스·물·향신료)에서 왔다고 알려짐.","https://raw.githubusercontent.com/rlaaudgjs2/onz-cocktail-images/main/cocktail_image_file/old/onz_cocktail_Coconut_Rum_Punch.webp","http://onz-cocktail.kr/uploads/glasses/onz_glasstype_hurricane.webp","2026-09-22 12:00:00","2026-09-22 12:00:00","rum","13","1","4","2","0","1","3","0","2","5","0","0","0","0","0","0","0","0","0","0","0","0","0","0","0","3","3","0","0","5","3","1","0","long","","verified","image_old","https://en.wikipedia.org/wiki/Punch_(drink)"
"212","코냑 뮬","Cognac Mule","보통","12","14","스탠다드","브랜디","","구리 머그","여름","코냑 45ml (1½ oz), 진저 비어 적당량(약 90ml), 라임 주스 20ml (⅔ oz)","","달콤, 탄산, 스파이시, 오크·캐러멜","상쾌한, 식사와 함께","3","1. 구리 머그에 얼음을 채운다. / 2. 코냑 45ml (1½ oz), 라임 주스 20ml (⅔ oz)를 붓는다. / 3. 진저 비어 적당량(약 90ml)로 채우고 바 스푼으로 가볍게 한 번 젓는다.","AUTO","0","0","0","모스코 뮬의 보드카를 다른 술로 바꾼 뮬 계열 칵테일. 개별 창시자 기록은 없음.
모스코 뮬은 1941년 뉴욕 채텀 호텔에서 진저 비어·보드카 업체 대표들이 판촉을 위해 만듦.","https://raw.githubusercontent.com/rlaaudgjs2/onz-cocktail-images/main/cocktail_image_file/old/onz_cocktail_Cognac_Mule.webp","http://onz-cocktail.kr/uploads/glasses/onz_glasstype_copper_mug.webp","2026-09-22 12:00:00","2026-09-22 12:00:00","brandy","13","1","3","2","0","2","2","4","2","0","0","0","0","0","0","4","0","0","3","0","0","0","0","2","0","0","2","0","0","4","2","3","0","long","","verified","image_old","https://en.wikipedia.org/wiki/Moscow_mule"
"213","코냑 오렌지 블로섬","Cognac Orange Blossom","보통","17","19","스탠다드","브랜디","","쿠페","사계절","코냑 45ml (1½ oz), 오렌지 주스 30ml (1 oz), 오렌지 블로섬 워터 2 dashes, 꿀 15ml (½ oz)","","달콤, 상큼, 묵직한, 시트러스","브런치, 식전","3","1. 셰이커에 얼음과 코냑 45ml (1½ oz), 오렌지 주스 30ml (1 oz), 꿀 15ml (½ oz), 오렌지 블로섬 워터 2 dashes를 넣고 15초간 강하게 셰이킹한다. / 2. 차갑게 식힌 쿠페에 걸러 따른다. / 3. 오렌지 필로 가니시한다.","AUTO","0","0","0","onz 오리지널 레시피 (이미지 기반 추정, 검수 필요)","https://raw.githubusercontent.com/rlaaudgjs2/onz-cocktail-images/main/cocktail_image_file/old/onz_cocktail_Cognac_Orange_Blossom.webp","http://onz-cocktail.kr/uploads/glasses/onz_glasstype_coupe.webp","2026-09-22 12:00:00","2026-09-22 12:00:00","brandy","18","2","3","3","0","2","3","0","4","0","0","0","0","0","2","0","0","0","2","0","0","0","2","0","0","0","0","0","2","3","1","3","0","up","","needs_review","image_old",""
"214","코냑 사워","Cognac Sour","보통","16","18","스탠다드","브랜디","","록스","가을","코냑 45ml (1½ oz), 레몬 주스 20ml (⅔ oz), 설탕 시럽 15ml (½ oz), 계란 흰자 1개분","","달콤, 상큼, 묵직한, 시트러스, 오크·캐러멜","천천히 음미","4","1. 셰이커에 코냑 45ml (1½ oz), 레몬 주스 20ml (⅔ oz), 설탕 시럽 15ml (½ oz), 계란 흰자 1개분을 넣고 얼음 없이 10초간 드라이 셰이킹한다. / 2. 얼음을 넣고 15초간 다시 강하게 셰이킹한다. / 3. 큰 얼음을 넣은 록스에 걸러 따른다. / 4. 레몬 필로 가니시한다.","AUTO","0","0","0","술에 시트러스와 단맛을 더하는 사워 계열 칵테일. 개별 창시자 기록은 없음.
사워 계열의 대표인 위스키 사워는 1870년 미국 위스콘신의 신문 『워키쇼 플레인 딜러』에 처음 기록됨.","https://raw.githubusercontent.com/rlaaudgjs2/onz-cocktail-images/main/cocktail_image_file/old/onz_cocktail_Cognac_Sour.webp","http://onz-cocktail.kr/uploads/glasses/onz_glasstype_rocks.webp","2026-09-22 12:00:00","2026-09-22 12:00:00","brandy","17","2","3","4","0","2","3","0","4","0","0","0","0","0","0","0","0","0","3","0","0","0","0","1","0","0","0","2","0","4","2","3","0","rocks","egg","verified","image_old","https://en.wikipedia.org/wiki/Whiskey_sour"
"215","콜드브루 소다","Cold Brew Soda","약함","0","0","라이트","무알코올","","하이볼","여름","콜드브루 커피 120ml (4 oz), 탄산수 적당량(약 90ml), 설탕 시럽 15ml (½ oz), 오렌지 필","","탄산, 커피·초콜릿","브런치, 상쾌한","4","1. 하이볼에 얼음을 채운다. / 2. 콜드브루 커피 120ml (4 oz), 설탕 시럽 15ml (½ oz)를 붓는다. / 3. 탄산수 적당량(약 90ml)로 채우고 바 스푼으로 가볍게 한 번 젓는다. / 4. 오렌지 필로 가니시한다.","AUTO","0","0","0","찬물로 오래 추출한 콜드브루 커피에 탄산을 더한 음료.
콜드브루는 네덜란드인을 통해 일본에 전해져 '교토식', '더치 커피'로 발전함.","https://raw.githubusercontent.com/rlaaudgjs2/onz-cocktail-images/main/cocktail_image_file/old/onz_cocktail_Cold_Brew_Soda.webp","http://onz-cocktail.kr/uploads/glasses/onz_glasstype_highball.webp","2026-09-22 12:00:00","2026-09-22 12:00:00","none","0","0","1","2","2","0","2","4","1","0","0","0","0","0","0","0","5","0","0","0","0","0","0","0","0","0","2","0","3","3","1","1","0","long","caffeine","verified","image_old","https://en.wikipedia.org/wiki/Cold_brew_coffee"
"216","콜로라도 불독","Colorado Bulldog","보통","9","11","스탠다드","보드카","","록스","사계절","보드카 45ml (1½ oz), 커피 리큐르 15ml (½ oz), 크림 30ml (1 oz), 콜라 적당량(약 90ml)","","달콤, 묵직한, 커피·초콜릿, 크리미","디저트","3","1. 셰이커에 얼음과 보드카 45ml (1½ oz), 커피 리큐르 15ml (½ oz), 크림 30ml (1 oz)를 넣고 15초간 강하게 셰이킹한다. / 2. 큰 얼음을 넣은 록스에 걸러 따른다. / 3. 콜라 적당량(약 90ml)로 채운다.","AUTO","0","0","0","블랙 러시안에 크림과 콜라를 더한 변형으로 '더티 블랙 러시안'이라고도 부름.
블랙 러시안은 1949년 브뤼셀 메트로폴 호텔의 바텐더 귀스타브 톱스가 미국 대사 펄 메스타를 위해 만든 칵테일.","https://raw.githubusercontent.com/rlaaudgjs2/onz-cocktail-images/main/cocktail_image_file/old/onz_cocktail_Colorado_Bulldog.webp","http://onz-cocktail.kr/uploads/glasses/onz_glasstype_rocks.webp","2026-09-22 12:00:00","2026-09-22 12:00:00","vodka|liqueur","10","1","5","0","0","1","4","2","0","0","0","0","0","0","0","0","4","4","0","0","0","0","0","0","3","1","0","0","0","5","2","2","0","rocks","dairy|caffeine","verified","image_old","https://en.wikipedia.org/wiki/Black_Russian"
"217","콥스 리바이버 No.1","Corpse Reviver No.1","강함","29","31","스트롱","브랜디","","쿠페","가을","코냑 30ml (1 oz), 칼바도스 30ml (1 oz), 스위트 베르무트 20ml (⅔ oz)","","달콤, 쌉싸름, 강한, 묵직한, 오크·캐러멜","천천히 음미","3","1. 믹싱 글라스에 얼음과 코냑 30ml (1 oz), 칼바도스 30ml (1 oz), 스위트 베르무트 20ml (⅔ oz)를 넣는다. / 2. 20~30초간 충분히 젓는다. / 3. 차갑게 식힌 쿠페에 걸러 따른다.","AUTO","0","0","0","'콥스 리바이버(시체도 깨우는 술)'라는 말은 1861년 영국 잡지 『펀치(Punch)』에 이미 등장하는 해장술의 별칭.
No.1은 런던 사보이 호텔 아메리칸 바의 해리 크래덕이 1930년 『사보이 칵테일 북』에 코냑·칼바도스·스위트 베르무트 레시피로 소개함.","https://raw.githubusercontent.com/rlaaudgjs2/onz-cocktail-images/main/cocktail_image_file/old/onz_cocktail_Corpse_Reviver_No1.webp","http://onz-cocktail.kr/uploads/glasses/onz_glasstype_coupe.webp","2026-09-22 12:00:00","2026-09-22 12:00:00","brandy|fortified","30","3","3","1","3","5","4","0","0","0","0","2","2","0","0","0","0","0","4","0","0","0","0","0","0","0","0","2","0","1","1","5","0","up","","verified","image_old","https://en.wikipedia.org/wiki/Corpse_Reviver"
"218","코스타 델 솔","Costa del Sol","보통","17","19","스탠다드","진","","록스","여름","진 45ml (1½ oz), 살구 브랜디 15ml (½ oz), 오렌지 리큐르 15ml (½ oz), 레몬 주스 20ml (⅔ oz)","","달콤, 상큼, 시트러스","상쾌한, 식전","3","1. 셰이커에 얼음과 진 45ml (1½ oz), 살구 브랜디 15ml (½ oz), 오렌지 리큐르 15ml (½ oz), 레몬 주스 20ml (⅔ oz)를 넣고 15초간 강하게 셰이킹한다. / 2. 큰 얼음을 넣은 록스에 걸러 따른다. / 3. 오렌지 필로 가니시한다.","AUTO","0","0","0","onz 오리지널 레시피 (이미지 기반 추정, 검수 필요)","https://raw.githubusercontent.com/rlaaudgjs2/onz-cocktail-images/main/cocktail_image_file/old/onz_cocktail_Costa_del_Sol.webp","http://onz-cocktail.kr/uploads/glasses/onz_glasstype_rocks.webp","2026-09-22 12:00:00","2026-09-22 12:00:00","gin|liqueur","18","2","3","3","0","2","2","0","4","0","0","2","0","0","0","0","0","0","0","0","0","0","2","0","0","0","2","0","0","4","1","2","0","rocks","","needs_review","image_old",""
"219","크림 드림","Cream Dream","보통","13","15","스탠다드","럼","","록스","사계절","럼 45ml (1½ oz), 오렌지 리큐르 15ml (½ oz), 크림 30ml (1 oz), 바닐라 적당량","","달콤, 묵직한, 크리미","디저트","2","1. 셰이커에 얼음과 럼 45ml (1½ oz), 오렌지 리큐르 15ml (½ oz), 크림 30ml (1 oz), 바닐라 적당량을 넣고 15초간 강하게 셰이킹한다. / 2. 큰 얼음을 넣은 록스에 걸러 따른다.","AUTO","0","0","0","onz 오리지널 레시피 (이미지 기반 추정, 검수 필요)","https://raw.githubusercontent.com/rlaaudgjs2/onz-cocktail-images/main/cocktail_image_file/old/onz_cocktail_Cream_Dream.webp","http://onz-cocktail.kr/uploads/glasses/onz_glasstype_rocks.webp","2026-09-22 12:00:00","2026-09-22 12:00:00","rum|liqueur","14","1","5","0","0","1","5","0","2","1","0","0","0","0","0","0","0","5","0","0","0","0","0","0","3","0","0","0","0","4","1","1","0","rocks","dairy","needs_review","image_old",""
"220","크렘 브륄레 마티니","Crème Brûlée Martini","강함","19","21","스탠다드","보드카","","마티니","가을","바닐라 보드카 45ml (1½ oz), 버터스카치 슈냅스 15ml (½ oz), 크림 30ml (1 oz)","","달콤, 강한, 묵직한, 크리미, 오크·캐러멜","디저트","2","1. 셰이커에 얼음과 바닐라 보드카 45ml (1½ oz), 버터스카치 슈냅스 15ml (½ oz), 크림 30ml (1 oz)를 넣고 15초간 강하게 셰이킹한다. / 2. 차갑게 식힌 마티니에 걸러 따른다.","AUTO","0","0","0","마티니 잔에 담는 현대식 '~티니' 칵테일. 개별 창시자 기록은 없음.
1980년대부터 마티니 잔에 담은 칵테일에 마티니라는 이름을 붙이는 유행이 생겼고, 전통 마티니와는 다른 스타일임.","https://raw.githubusercontent.com/rlaaudgjs2/onz-cocktail-images/main/cocktail_image_file/old/onz_cocktail_Crme_Brle_Martini.webp","http://onz-cocktail.kr/uploads/glasses/onz_glasstype_martini.webp","2026-09-22 12:00:00","2026-09-22 12:00:00","vodka|liqueur","20","2","5","0","0","3","5","0","0","0","0","0","0","0","0","0","0","5","3","0","0","0","0","0","3","0","0","0","0","4","1","2","0","up","dairy","verified","image_old","https://en.wikipedia.org/wiki/Martini_(cocktail)"
"221","큐라소 블루","Curaçao Blue","보통","15","17","스탠다드","보드카","","쿠페","사계절","보드카 45ml (1½ oz), 블루 큐라소 15ml (½ oz), 레몬 주스 20ml (⅔ oz), 설탕 시럽 15ml (½ oz)","","달콤, 상큼, 시트러스","파티","3","1. 셰이커에 얼음과 보드카 45ml (1½ oz), 블루 큐라소 15ml (½ oz), 레몬 주스 20ml (⅔ oz), 설탕 시럽 15ml (½ oz)를 넣고 15초간 강하게 셰이킹한다. / 2. 차갑게 식힌 쿠페에 걸러 따른다. / 3. 레몬 필로 가니시한다.","AUTO","0","0","0","onz 오리지널 레시피 (이미지 기반 추정, 검수 필요)","https://raw.githubusercontent.com/rlaaudgjs2/onz-cocktail-images/main/cocktail_image_file/old/onz_cocktail_Curaao_Blue.webp","http://onz-cocktail.kr/uploads/glasses/onz_glasstype_coupe.webp","2026-09-22 12:00:00","2026-09-22 12:00:00","vodka|liqueur","16","2","4","3","0","2","2","0","5","0","0","0","0","0","0","0","0","0","0","0","0","0","0","0","0","3","0","0","0","4","1","2","0","up","","needs_review","image_old",""
"222","다크 가먼트","Dark Garment","강함","21","23","스페셜","럼","","쿠페","가을","다크 럼 45ml (1½ oz), 아마로 15ml (½ oz), 스위트 베르무트 20ml (⅔ oz), 비터스 2 dashes","","달콤, 쌉싸름, 강한, 묵직한, 오크·캐러멜, 허브","천천히 음미","3","1. 믹싱 글라스에 얼음과 다크 럼 45ml (1½ oz), 아마로 15ml (½ oz), 스위트 베르무트 20ml (⅔ oz), 비터스 2 dashes를 넣는다. / 2. 20~30초간 충분히 젓는다. / 3. 차갑게 식힌 쿠페에 걸러 따른다.","AUTO","0","0","0","onz 오리지널 레시피 (이미지 기반 추정, 검수 필요)","https://raw.githubusercontent.com/rlaaudgjs2/onz-cocktail-images/main/cocktail_image_file/old/onz_cocktail_Dark_Garment.webp","http://onz-cocktail.kr/uploads/glasses/onz_glasstype_coupe.webp","2026-09-22 12:00:00","2026-09-22 12:00:00","rum|liqueur","22","2","3","1","3","4","4","0","0","0","0","0","3","0","0","0","1","0","4","0","0","0","0","0","0","0","0","3","0","1","1","4","0","up","","needs_review","image_old",""
"223","델리 스파이스","Delhi Spice","보통","13","15","스페셜","진","","하이볼","가을","진 45ml (1½ oz), 마살라 차이 시럽 15ml (½ oz), 레몬 주스 20ml (⅔ oz), 진저 에일 적당량(약 90ml)","","달콤, 탄산, 스파이시, 시트러스","식사와 함께","4","1. 하이볼에 얼음을 채운다. / 2. 진 45ml (1½ oz), 마살라 차이 시럽 15ml (½ oz), 레몬 주스 20ml (⅔ oz)를 붓는다. / 3. 진저 에일 적당량(약 90ml)로 채우고 바 스푼으로 가볍게 한 번 젓는다. / 4. 레몬 필로 가니시한다.","AUTO","0","0","0","onz 오리지널 레시피 (이미지 기반 추정, 검수 필요)","https://raw.githubusercontent.com/rlaaudgjs2/onz-cocktail-images/main/cocktail_image_file/old/onz_cocktail_Delhi_Spice.webp","http://onz-cocktail.kr/uploads/glasses/onz_glasstype_highball.webp","2026-09-22 12:00:00","2026-09-22 12:00:00","gin","14","1","3","2","0","1","2","4","3","0","0","0","1","0","0","5","0","0","0","0","0","0","0","3","0","0","0","0","0","3","1","4","0","long","","needs_review","image_old",""
"224","더티 버번 사워","Dirty Bourbon Sour","보통","17","19","스페셜","위스키","","록스","가을","버번 45ml (1½ oz), 레몬 주스 20ml (⅔ oz), 설탕 시럽 15ml (½ oz), 앙고스투라 비터스 2 dashes, 계란 흰자 1개분","","달콤, 상큼, 강한, 묵직한, 시트러스, 오크·캐러멜","천천히 음미","4","1. 셰이커에 버번 45ml (1½ oz), 레몬 주스 20ml (⅔ oz), 설탕 시럽 15ml (½ oz), 계란 흰자 1개분, 앙고스투라 비터스 2 dashes를 넣고 얼음 없이 10초간 드라이 셰이킹한다. / 2. 얼음을 넣고 15초간 다시 강하게 셰이킹한다. / 3. 큰 얼음을 넣은 록스에 걸러 따른다. / 4. 레몬 필로 가니시한다.","AUTO","0","0","0","onz 오리지널 레시피 (이미지 기반 추정, 검수 필요)","https://raw.githubusercontent.com/rlaaudgjs2/onz-cocktail-images/main/cocktail_image_file/old/onz_cocktail_Dirty_Bourbon_Sour.webp","http://onz-cocktail.kr/uploads/glasses/onz_glasstype_rocks.webp","2026-09-22 12:00:00","2026-09-22 12:00:00","whiskey","18","2","3","3","1","3","3","0","4","0","0","0","0","0","0","0","0","0","3","0","0","2","0","0","0","0","0","2","0","2","1","4","0","rocks","egg","needs_review","image_old",""
"225","더티 마티니","Dirty Martini","강함","27","29","스트롱","진","","마티니","사계절","진(또는 보드카) 45ml (1½ oz), 드라이 베르무트 10ml (⅓ oz), 올리브 브라인 적당량","","쌉싸름, 강한, 짭짤한, 허브","식전, 식사와 함께","3","1. 믹싱 글라스에 얼음과 진(또는 보드카) 45ml (1½ oz), 드라이 베르무트 10ml (⅓ oz), 올리브 브라인 적당량을 넣는다. / 2. 20~30초간 충분히 젓는다. / 3. 차갑게 식힌 마티니에 걸러 따른다.","AUTO","0","0","0","마티니에 올리브 절임액(브라인)을 더해 짭짤하게 만든 변형. 특정 창시자에 대한 기록은 없음.
마티니 자체는 1860년대 샌프란시스코의 마르티네즈에서 발전했다는 설이 유력하며, 1922년경 진과 드라이 베르무트를 2:1로 섞는 형태가 자리 잡음.","https://raw.githubusercontent.com/rlaaudgjs2/onz-cocktail-images/main/cocktail_image_file/old/onz_cocktail_Dirty_Martini.webp","http://onz-cocktail.kr/uploads/glasses/onz_glasstype_martini.webp","2026-09-22 12:00:00","2026-09-22 12:00:00","gin|fortified","28","3","0","0","3","5","2","0","0","0","0","0","3","0","0","0","0","0","0","0","0","5","3","2","0","0","0","0","0","1","4","4","0","up","","verified","image_old","https://en.wikipedia.org/wiki/Martini_(cocktail)"
"226","디사론노 사워","Disaronno Sour","보통","12","14","스탠다드","리큐르","","록스","사계절","디사론노 45ml (1½ oz), 레몬 주스 20ml (⅔ oz), 설탕 시럽 15ml (½ oz), 계란 흰자 1개분","","달콤, 상큼, 묵직한, 크리미, 시트러스","파티","4","1. 셰이커에 디사론노 45ml (1½ oz), 레몬 주스 20ml (⅔ oz), 설탕 시럽 15ml (½ oz), 계란 흰자 1개분을 넣고 얼음 없이 10초간 드라이 셰이킹한다. / 2. 얼음을 넣고 15초간 다시 강하게 셰이킹한다. / 3. 큰 얼음을 넣은 록스에 걸러 따른다. / 4. 레몬 필로 가니시한다.","AUTO","0","0","0","디사론노 브랜드로 만드는 아마레또 사워.
아마레또 사워는 1974년 아마레또 디 사로노(현 디사론노)의 수입사가 아마레또 2 : 레몬 1 레시피로 처음 소개함.","https://raw.githubusercontent.com/rlaaudgjs2/onz-cocktail-images/main/cocktail_image_file/old/onz_cocktail_Disaronno_Sour.webp","http://onz-cocktail.kr/uploads/glasses/onz_glasstype_rocks.webp","2026-09-22 12:00:00","2026-09-22 12:00:00","liqueur","13","1","4","3","0","2","3","0","4","0","0","0","0","0","0","0","0","4","0","0","0","0","0","0","1","3","0","0","0","5","3","2","0","rocks","egg|nut","verified","image_old","https://en.wikipedia.org/wiki/Amaretto_sour"
"227","도라도 피스코","Dorado Pisco","보통","15","17","스탠다드","피스코","","쿠페","여름","피스코 45ml (1½ oz), 파인애플 주스 30ml (1 oz), 라임 주스 20ml (⅔ oz), 꿀 15ml (½ oz)","","달콤, 상큼, 시트러스, 열대과일","파티, 상쾌한","3","1. 셰이커에 얼음과 피스코 45ml (1½ oz), 파인애플 주스 30ml (1 oz), 라임 주스 20ml (⅔ oz), 꿀 15ml (½ oz)를 넣고 15초간 강하게 셰이킹한다. / 2. 차갑게 식힌 쿠페에 걸러 따른다. / 3. 라임 휠로 가니시한다.","AUTO","0","0","0","onz 오리지널 레시피 (이미지 기반 추정, 검수 필요)","https://raw.githubusercontent.com/rlaaudgjs2/onz-cocktail-images/main/cocktail_image_file/old/onz_cocktail_Dorado_Pisco.webp","http://onz-cocktail.kr/uploads/glasses/onz_glasstype_coupe.webp","2026-09-22 12:00:00","2026-09-22 12:00:00","pisco","16","2","3","3","0","2","2","0","4","3","0","0","0","0","0","0","0","0","0","0","0","0","0","0","0","2","2","0","0","3","1","2","0","up","","needs_review","image_old",""
"228","드로브리지","Drawbridge","강함","23","25","스탠다드","위스키","","쿠페","가을","버번 45ml (1½ oz), 아마로 15ml (½ oz), 레몬 주스 20ml (⅔ oz), 오렌지 필","","달콤, 강한, 묵직한, 시트러스, 오크·캐러멜","천천히 음미","3","1. 셰이커에 얼음과 버번 45ml (1½ oz), 아마로 15ml (½ oz), 레몬 주스 20ml (⅔ oz)를 넣고 15초간 강하게 셰이킹한다. / 2. 차갑게 식힌 쿠페에 걸러 따른다. / 3. 오렌지 필로 가니시한다.","AUTO","0","0","0","onz 오리지널 레시피 (이미지 기반 추정, 검수 필요)","https://raw.githubusercontent.com/rlaaudgjs2/onz-cocktail-images/main/cocktail_image_file/old/onz_cocktail_Drawbridge.webp","http://onz-cocktail.kr/uploads/glasses/onz_glasstype_coupe.webp","2026-09-22 12:00:00","2026-09-22 12:00:00","whiskey|liqueur","24","2","3","2","1","3","3","0","3","0","0","0","2","0","0","0","0","0","3","0","0","0","0","0","0","0","0","2","0","2","1","3","0","up","","needs_review","image_old",""
"229","드라이 맨해튼","Dry Manhattan","강함","29","31","스트롱","위스키","","쿠페","가을","라이 위스키 45ml (1½ oz), 드라이 베르무트 10ml (⅓ oz), 앙고스투라 비터스 2 dashes","","쌉싸름, 강한, 묵직한, 오크·캐러멜, 허브","천천히 음미","3","1. 믹싱 글라스에 얼음과 라이 위스키 45ml (1½ oz), 드라이 베르무트 10ml (⅓ oz), 앙고스투라 비터스 2 dashes를 넣는다. / 2. 20~30초간 충분히 젓는다. / 3. 차갑게 식힌 쿠페에 걸러 따른다.","AUTO","0","0","0","맨해튼의 스위트 베르무트를 드라이 베르무트로 바꾸고 체리 대신 시트러스 필로 장식해 단맛을 줄인 변형.
맨해튼이라는 이름의 칵테일은 1860년대부터 기록이 있고, 1884년 바텐더 안내서에 레시피가 실림.","https://raw.githubusercontent.com/rlaaudgjs2/onz-cocktail-images/main/cocktail_image_file/old/onz_cocktail_Dry_Manhattan.webp","http://onz-cocktail.kr/uploads/glasses/onz_glasstype_coupe.webp","2026-09-22 12:00:00","2026-09-22 12:00:00","whiskey|fortified","30","3","1","0","3","5","4","0","0","0","0","0","3","0","0","0","0","0","5","0","0","0","1","0","0","0","0","3","0","1","3","4","0","up","","verified","image_old","https://en.wikipedia.org/wiki/Manhattan_(cocktail)"
"230","얼그레이 마티니","Earl Grey Martini","강함","19","21","스페셜","진","","마티니","봄","얼그레이 인퓨즈드 진 45ml (1½ oz), 레몬 주스 20ml (⅔ oz), 설탕 시럽 15ml (½ oz), 계란 흰자 1개분","","달콤, 상큼, 묵직한, 꽃향, 시트러스","식전, 브런치","4","1. 셰이커에 얼그레이 인퓨즈드 진 45ml (1½ oz), 레몬 주스 20ml (⅔ oz), 설탕 시럽 15ml (½ oz), 계란 흰자 1개분을 넣고 얼음 없이 10초간 드라이 셰이킹한다. / 2. 얼음을 넣고 15초간 다시 강하게 셰이킹한다. / 3. 차갑게 식힌 마티니에 걸러 따른다. / 4. 레몬 필로 가니시한다.","AUTO","0","0","0","2000년 뉴욕 칼라일 호텔 베멀먼스 바에서 바텐더 오드리 손더스가 만든 '얼그레이 마티니(MarTEAni)'가 원형.
얼그레이 홍차를 우린 진에 레몬과 계란 흰자를 더한 칵테일로, 2000년대 칵테일 부흥기의 대표작.","https://raw.githubusercontent.com/rlaaudgjs2/onz-cocktail-images/main/cocktail_image_file/old/onz_cocktail_Earl_Grey_Martini.webp","http://onz-cocktail.kr/uploads/glasses/onz_glasstype_martini.webp","2026-09-22 12:00:00","2026-09-22 12:00:00","gin","20","2","3","4","0","2","3","0","3","0","0","0","2","0","4","0","0","0","0","0","0","0","2","0","0","0","0","0","2","3","2","4","0","up","egg|caffeine","verified","image_old","https://www.diffordsguide.com/cocktails/recipe/685/earl-grey-marteani"
"231","엘 디아블로","El Diablo","보통","11","13","스탠다드","테킬라","","하이볼","가을","테킬라 45ml (1½ oz), 크렘 드 카시스 15ml (½ oz), 라임 주스 20ml (⅔ oz), 진저 비어 적당량(약 90ml)","","달콤, 상큼, 탄산, 스파이시, 베리, 시트러스","파티, 식사와 함께","4","1. 하이볼에 얼음을 채운다. / 2. 테킬라 45ml (1½ oz), 크렘 드 카시스 15ml (½ oz), 라임 주스 20ml (⅔ oz)를 붓는다. / 3. 진저 비어 적당량(약 90ml)로 채우고 바 스푼으로 가볍게 한 번 젓는다. / 4. 라임 휠로 가니시한다.","AUTO","0","0","0","문헌상 첫 기록은 1946년 트레이더 빅의 『Book of Food and Drink』로, '멕시칸 엘 디아블로'라는 이름의 오리지널 칵테일로 소개됨.
테킬라·크렘 드 카시스·라임·진저 에일 조합.","https://raw.githubusercontent.com/rlaaudgjs2/onz-cocktail-images/main/cocktail_image_file/old/onz_cocktail_El_Diablo.webp","http://onz-cocktail.kr/uploads/glasses/onz_glasstype_highball.webp","2026-09-22 12:00:00","2026-09-22 12:00:00","tequila|liqueur","12","1","3","3","0","1","2","4","3","0","4","0","0","0","0","4","0","0","0","0","0","0","0","2","0","2","0","0","0","4","2","3","0","long","","verified","image_old","https://www.alcademics.com/2009/06/history-of-the-el-diablo-cocktail-in-trader-vics-books.html"
"232","엘 프레지덴테","El Presidente","강함","25","27","스트롱","럼","","쿠페","사계절","화이트 럼 45ml (1½ oz), 드라이 베르무트 20ml (⅔ oz), 오렌지 큐라소 15ml (½ oz), 그레나딘 10ml (⅓ oz)","","달콤, 강한, 묵직한, 시트러스","천천히 음미, 식전","3","1. 셰이커에 얼음과 화이트 럼 45ml (1½ oz), 드라이 베르무트 20ml (⅔ oz), 오렌지 큐라소 15ml (½ oz), 그레나딘 10ml (⅓ oz)를 넣고 15초간 강하게 셰이킹한다. / 2. 차갑게 식힌 쿠페에 걸러 따른다. / 3. 오렌지 필로 가니시한다.","AUTO","0","0","0","미국 금주법 시대(1920~30년대) 쿠바 아바나 상류층이 즐겨 마신 칵테일.
1920년 쿠바로 건너간 미국인 바텐더 에디 월크가 만들었다는 설과, 1915년경 비스타 알레그레에서 당시 대통령 메노칼을 위해 만들었다는 설이 있음.","https://raw.githubusercontent.com/rlaaudgjs2/onz-cocktail-images/main/cocktail_image_file/old/onz_cocktail_El_Presidente.webp","http://onz-cocktail.kr/uploads/glasses/onz_glasstype_coupe.webp","2026-09-22 12:00:00","2026-09-22 12:00:00","rum|fortified|liqueur","26","3","3","1","1","4","3","0","3","0","0","0","2","0","0","0","0","0","2","0","0","0","2","0","0","0","0","2","0","2","1","4","0","up","","verified","image_old","https://en.wikipedia.org/wiki/El_Presidente_(cocktail)"
"233","엘더플라워 마티니","Elderflower Martini","강함","23","25","스탠다드","진","","마티니","봄","진 45ml (1½ oz), 엘더플라워 리큐르 20ml (⅔ oz), 드라이 베르무트 20ml (⅔ oz), 레몬 필","","달콤, 강한, 꽃향","식전","4","1. 믹싱 글라스에 얼음과 진 45ml (1½ oz), 엘더플라워 리큐르 20ml (⅔ oz), 드라이 베르무트 20ml (⅔ oz)를 넣는다. / 2. 20~30초간 충분히 젓는다. / 3. 차갑게 식힌 마티니에 걸러 따른다. / 4. 레몬 필로 가니시한다.","AUTO","0","0","0","진(또는 보드카)과 드라이 베르무트 구조를 유지하면서 향을 더한 마티니 변형. 개별 창시자 기록은 없음.
마티니는 1860년대 샌프란시스코의 마르티네즈에서 발전했다는 설이 유력하며, 1922년경 지금의 형태가 됨.","https://raw.githubusercontent.com/rlaaudgjs2/onz-cocktail-images/main/cocktail_image_file/old/onz_cocktail_Elderflower_Martini.webp","http://onz-cocktail.kr/uploads/glasses/onz_glasstype_martini.webp","2026-09-22 12:00:00","2026-09-22 12:00:00","gin|liqueur","24","2","3","2","0","4","2","0","2","0","0","0","0","0","5","0","0","0","0","0","0","0","2","0","0","0","0","0","0","3","2","3","0","up","","verified","image_old","https://en.wikipedia.org/wiki/Martini_(cocktail)"
"234","엘더플라워 스프리츠","Elderflower Spritz","약함","7","9","라이트","리큐르","","와인 글라스","여름","엘더플라워 리큐르 20ml (⅔ oz), 프로세코 적당량(약 90ml), 탄산수 적당량(약 90ml), 민트 6~8장","","달콤, 탄산, 꽃향","브런치, 식전, 상쾌한","4","1. 와인 글라스에 민트 6~8장을 넣고 머들러로 가볍게 으깬다. / 2. 와인 글라스에 얼음을 채운다. / 3. 엘더플라워 리큐르 20ml (⅔ oz)를 붓는다. / 4. 프로세코 적당량(약 90ml), 탄산수 적당량(약 90ml)로 채우고 바 스푼으로 가볍게 한 번 젓는다.","AUTO","0","0","0","엘더플라워 리큐르로 만드는 현대식 스프리츠. 개별 창시자 기록은 없음.
스프리츠는 19세기 베네토에서 오스트리아 군인들이 와인에 물을 '뿌려(spritzen)' 달라고 한 데서 시작됨.","https://raw.githubusercontent.com/rlaaudgjs2/onz-cocktail-images/main/cocktail_image_file/old/onz_cocktail_Elderflower_Spritz.webp","http://onz-cocktail.kr/uploads/glasses/onz_glasstype_wine_glass.webp","2026-09-22 12:00:00","2026-09-22 12:00:00","liqueur|sparkling","8","1","3","2","0","0","1","4","2","0","0","0","0","1","5","0","0","0","0","0","0","0","2","0","0","0","2","0","3","5","3","2","0","long","","verified","image_old","https://en.wikipedia.org/wiki/Spritz_(cocktail)"
"235","일렉트릭 아이스티","Electric Iced Tea","강함","19","21","스탠다드","보드카","","하이볼","사계절","보드카 30ml (1 oz), 럼 30ml (1 oz), 진 30ml (1 oz), 테킬라 30ml (1 oz), 블루 큐라소 15ml (½ oz), 스위트 앤 사워 적당량, 레몬-라임 소다 적당량(약 90ml)","","달콤, 상큼, 강한, 시트러스","파티","4","1. 하이볼에 얼음을 채운다. / 2. 보드카 30ml (1 oz), 럼 30ml (1 oz), 진 30ml (1 oz), 테킬라 30ml (1 oz), 블루 큐라소 15ml (½ oz), 스위트 앤 사워 적당량을 붓는다. / 3. 레몬-라임 소다 적당량(약 90ml)로 채우고 바 스푼으로 가볍게 한 번 젓는다. / 4. 라임 휠로 가니시한다.","AUTO","0","0","0","롱 아일랜드 아이스티의 트리플 섹을 블루 큐라소로, 콜라를 레몬-라임 소다로 바꾼 변형. '보스턴 티 파티' 등의 이름으로도 불림.
롱 아일랜드 아이스티는 1972년 뉴욕 롱아일랜드 오크 비치 인의 로버트 '로즈버드' 버트가 만들었다고 알려짐.","https://raw.githubusercontent.com/rlaaudgjs2/onz-cocktail-images/main/cocktail_image_file/old/onz_cocktail_Electric_Iced_Tea.webp","http://onz-cocktail.kr/uploads/glasses/onz_glasstype_highball.webp","2026-09-22 12:00:00","2026-09-22 12:00:00","vodka|rum|gin|tequila|liqueur","20","2","4","3","0","3","2","0","4","0","0","0","0","0","0","0","0","0","0","0","0","0","0","0","0","3","0","0","0","3","2","2","0","long","","verified","image_old","https://en.wikipedia.org/wiki/Long_Island_iced_tea"
"236","익스펜시브 미세스","Expensive Mrs","강함","21","23","스탠다드","위스키","","록스","가을","버번 45ml (1½ oz), 오렌지 리큐르 15ml (½ oz), 레몬 주스 20ml (⅔ oz), 체리 적당량","","달콤, 강한, 묵직한, 시트러스, 오크·캐러멜","천천히 음미","3","1. 셰이커에 얼음과 버번 45ml (1½ oz), 오렌지 리큐르 15ml (½ oz), 레몬 주스 20ml (⅔ oz), 체리 적당량을 넣고 15초간 강하게 셰이킹한다. / 2. 큰 얼음을 넣은 록스에 걸러 따른다. / 3. 오렌지 필로 가니시한다.","AUTO","0","0","0","onz 오리지널 레시피 (이미지 기반 추정, 검수 필요)","https://raw.githubusercontent.com/rlaaudgjs2/onz-cocktail-images/main/cocktail_image_file/old/onz_cocktail_Expensive_Mrs.webp","http://onz-cocktail.kr/uploads/glasses/onz_glasstype_rocks.webp","2026-09-22 12:00:00","2026-09-22 12:00:00","whiskey|liqueur","22","2","3","2","0","3","3","0","3","0","0","0","0","0","1","0","0","0","3","0","0","0","0","0","0","0","0","2","0","2","1","2","0","rocks","","needs_review","image_old",""
"237","페어웰","Farewell","강함","25","27","스트롱","위스키","","쿠페","가을","위스키 45ml (1½ oz), 아마로 15ml (½ oz), 베르무트 20ml (⅔ oz), 체리 적당량","","달콤, 강한, 묵직한, 오크·캐러멜, 허브","천천히 음미","3","1. 믹싱 글라스에 얼음과 위스키 45ml (1½ oz), 아마로 15ml (½ oz), 베르무트 20ml (⅔ oz), 체리 적당량을 넣는다. / 2. 20~30초간 충분히 젓는다. / 3. 차갑게 식힌 쿠페에 걸러 따른다.","AUTO","0","0","0","onz 오리지널 레시피 (이미지 기반 추정, 검수 필요)","https://raw.githubusercontent.com/rlaaudgjs2/onz-cocktail-images/main/cocktail_image_file/old/onz_cocktail_Farewell.webp","http://onz-cocktail.kr/uploads/glasses/onz_glasstype_coupe.webp","2026-09-22 12:00:00","2026-09-22 12:00:00","whiskey|liqueur","26","3","3","1","2","4","3","0","1","0","0","0","3","0","0","0","0","0","3","0","0","0","0","0","0","0","0","3","0","1","1","2","0","up","","needs_review","image_old",""
"238","페르마타","Fermata","강함","23","25","스탠다드","진","","쿠페","사계절","진 45ml (1½ oz), 오렌지 리큐르 15ml (½ oz), 레몬 주스 20ml (⅔ oz), 엘더플라워 리큐르 20ml (⅔ oz)","","달콤, 강한, 묵직한, 시트러스","식전","3","1. 셰이커에 얼음과 진 45ml (1½ oz), 오렌지 리큐르 15ml (½ oz), 레몬 주스 20ml (⅔ oz), 엘더플라워 리큐르 20ml (⅔ oz)를 넣고 15초간 강하게 셰이킹한다. / 2. 차갑게 식힌 쿠페에 걸러 따른다. / 3. 오렌지 필로 가니시한다.","AUTO","0","0","0","onz 오리지널 레시피 (이미지 기반 추정, 검수 필요)","https://raw.githubusercontent.com/rlaaudgjs2/onz-cocktail-images/main/cocktail_image_file/old/onz_cocktail_Fermata.webp","http://onz-cocktail.kr/uploads/glasses/onz_glasstype_coupe.webp","2026-09-22 12:00:00","2026-09-22 12:00:00","gin|liqueur","24","2","3","2","0","3","3","0","4","0","0","0","2","0","2","0","0","0","0","0","0","0","2","0","0","0","0","0","0","2","1","2","0","up","","needs_review","image_old",""
"239","파이어볼","Fireball","강함","19","21","스탠다드","위스키","","쿠페","가을","시나몬 위스키 45ml (1½ oz), 크랜베리 주스 30ml (1 oz), 레몬 주스 20ml (⅔ oz)","","달콤, 강한, 묵직한, 스파이시, 오크·캐러멜","파티","2","1. 셰이커에 얼음과 시나몬 위스키 45ml (1½ oz), 크랜베리 주스 30ml (1 oz), 레몬 주스 20ml (⅔ oz)를 넣고 15초간 강하게 셰이킹한다. / 2. 차갑게 식힌 쿠페에 걸러 따른다.","AUTO","0","0","0","onz 오리지널 레시피 (이미지 기반 추정, 검수 필요)","https://raw.githubusercontent.com/rlaaudgjs2/onz-cocktail-images/main/cocktail_image_file/old/onz_cocktail_Fireball.webp","http://onz-cocktail.kr/uploads/glasses/onz_glasstype_coupe.webp","2026-09-22 12:00:00","2026-09-22 12:00:00","whiskey|liqueur","20","2","4","2","0","3","4","0","0","0","0","0","0","0","0","5","0","0","3","0","0","0","0","0","0","3","0","0","0","3","3","1","0","up","","needs_review","image_old",""
"240","피렌체 선셋","Florence Sunset","보통","9","11","스탠다드","리큐르","","플루트","사계절","아페롤 45ml (1½ oz), 블러드 오렌지 주스 30ml (1 oz), 프로세코 적당량(약 90ml)","","달콤, 탄산, 시트러스","식전, 브런치","4","1. 셰이커에 얼음과 아페롤 45ml (1½ oz), 블러드 오렌지 주스 30ml (1 oz)를 넣고 15초간 강하게 셰이킹한다. / 2. 차갑게 식힌 플루트에 걸러 따른다. / 3. 프로세코 적당량(약 90ml)로 채운다. / 4. 오렌지 필로 가니시한다.","AUTO","0","0","0","onz 오리지널 레시피 (이미지 기반 추정, 검수 필요)","https://raw.githubusercontent.com/rlaaudgjs2/onz-cocktail-images/main/cocktail_image_file/old/onz_cocktail_Florence_Sunset.webp","http://onz-cocktail.kr/uploads/glasses/onz_glasstype_flute.webp","2026-09-22 12:00:00","2026-09-22 12:00:00","liqueur|sparkling","10","1","3","2","2","1","2","4","4","0","1","0","2","0","0","0","0","0","0","0","0","0","3","0","0","0","0","0","2","4","1","2","0","up","","needs_review","image_old",""
"241","플로리다 다이키리","Florida Daiquiri","강함","19","21","스탠다드","럼","","쿠페","여름","화이트 럼 45ml (1½ oz), 자몽 주스 30ml (1 oz), 라임 주스 20ml (⅔ oz), 마라스키노 15ml (½ oz)","","달콤, 상큼, 강한, 시트러스","상쾌한","3","1. 셰이커에 얼음과 화이트 럼 45ml (1½ oz), 자몽 주스 30ml (1 oz), 라임 주스 20ml (⅔ oz), 마라스키노 15ml (½ oz)를 넣고 15초간 강하게 셰이킹한다. / 2. 차갑게 식힌 쿠페에 걸러 따른다. / 3. 라임 휠로 가니시한다.","AUTO","0","0","0","다이키리 변형. 개별 창시자 기록은 없음.
다이키리는 1898년경 쿠바에서 미국인 광산 기사 제닝스 콕스가 만들었고, 과일을 갈아 넣은 프로즌 다이키리는 이후 대중화됨.","https://raw.githubusercontent.com/rlaaudgjs2/onz-cocktail-images/main/cocktail_image_file/old/onz_cocktail_Florida_Daiquiri.webp","http://onz-cocktail.kr/uploads/glasses/onz_glasstype_coupe.webp","2026-09-22 12:00:00","2026-09-22 12:00:00","rum|liqueur","20","2","3","4","0","3","2","0","5","0","1","0","0","0","0","0","0","0","0","0","0","0","0","0","0","0","2","0","0","3","2","3","0","up","","verified","image_old","https://en.wikipedia.org/wiki/Daiquiri"
"242","플로리다 선샤인","Florida Sunshine","약함","0","0","라이트","무알코올","","하이볼","여름","오렌지 주스 90ml (3 oz), 자몽 주스 90ml (3 oz), 파인애플 주스 90ml (3 oz), 그레나딘 10ml (⅓ oz)","","달콤, 묵직한, 시트러스","브런치, 상쾌한","3","1. 하이볼에 얼음을 채운다. / 2. 오렌지 주스 90ml (3 oz), 자몽 주스 90ml (3 oz), 파인애플 주스 90ml (3 oz), 그레나딘 10ml (⅓ oz)를 붓는다. / 3. 오렌지 필로 가니시한다.","AUTO","0","0","0","술 없이 칵테일처럼 만든 목테일. 개별 창시자 기록은 없음.
무알코올 혼합 음료는 제리 토머스의 1862년 『바텐더 가이드』에 '금주 음료'로 실렸고, '목테일'이라는 말은 1916년에 처음 기록됨.","https://raw.githubusercontent.com/rlaaudgjs2/onz-cocktail-images/main/cocktail_image_file/old/onz_cocktail_Florida_Sunshine.webp","http://onz-cocktail.kr/uploads/glasses/onz_glasstype_highball.webp","2026-09-22 12:00:00","2026-09-22 12:00:00","none","0","0","4","2","0","0","3","0","5","2","0","0","0","0","0","0","0","0","0","0","0","0","0","0","0","0","2","0","3","5","2","1","0","long","","verified","image_old","https://en.wikipedia.org/wiki/Mocktail"
"243","플라잉 더치맨","Flying Dutchman","강함","27","29","스트롱","진","","쿠페","사계절","진 45ml (1½ oz), 오렌지 큐라소 15ml (½ oz), 오렌지 필","","달콤, 강한, 시트러스, 허브","식전","4","1. 믹싱 글라스에 얼음과 진 45ml (1½ oz), 오렌지 큐라소 15ml (½ oz)를 넣는다. / 2. 20~30초간 충분히 젓는다. / 3. 차갑게 식힌 쿠페에 걸러 따른다. / 4. 오렌지 필로 가니시한다.","AUTO","0","0","0","문헌으로 확인되는 유래 기록을 찾지 못함.","https://raw.githubusercontent.com/rlaaudgjs2/onz-cocktail-images/main/cocktail_image_file/old/onz_cocktail_Flying_Dutchman.webp","http://onz-cocktail.kr/uploads/glasses/onz_glasstype_coupe.webp","2026-09-22 12:00:00","2026-09-22 12:00:00","gin|liqueur","28","3","3","1","1","5","2","0","3","0","0","0","3","0","0","0","0","0","0","0","0","0","2","0","0","0","0","0","0","1","1","3","0","up","","verified","image_old",""
"244","프렌치 커피","French Coffee","보통","11","13","스탠다드","브랜디","","아이리시 커피 글라스","겨울","코냑 45ml (1½ oz), 그랑 마니에르 15ml (½ oz), 뜨거운 커피 120ml (4 oz), 휘핑크림 30ml (1 oz)","","달콤, 묵직한, 커피·초콜릿, 크리미","디저트, 천천히 음미","3","1. 아이리시 커피 글라스를 뜨거운 물로 데운다. / 2. 코냑 45ml (1½ oz), 그랑 마니에르 15ml (½ oz), 뜨거운 커피 120ml (4 oz), 휘핑크림 30ml (1 oz)를 넣고 가볍게 젓는다. / 3. 위에 크림을 부드럽게 얹는다.","AUTO","0","0","0","아이리시 커피의 위스키를 코냑과 오렌지 리큐르로 바꾼 변형.
커피에 술을 섞는 음료는 19세기 프랑스의 '글로리아'로 거슬러 올라가며, 아이리시 커피는 1940년대 아일랜드 포인스 공항의 셰프 조 셰리던이 만듦.","https://raw.githubusercontent.com/rlaaudgjs2/onz-cocktail-images/main/cocktail_image_file/old/onz_cocktail_French_Coffee.webp","http://onz-cocktail.kr/uploads/glasses/onz_glasstype_irish_coffee_glass.webp","2026-09-22 12:00:00","2026-09-22 12:00:00","brandy|liqueur","12","1","4","0","2","1","4","0","0","0","0","0","0","0","0","0","5","3","2","0","0","0","0","0","3","0","0","3","0","4","2","2","0","hot","dairy|caffeine","verified","image_old","https://en.wikipedia.org/wiki/Irish_coffee"
"245","과일 비어 칵테일","Fruit Beer Cocktail","약함","4","6","라이트","맥주","","하이볼","여름","라거 맥주 적당량(약 90ml), 과일 주스 90ml (3 oz), 레몬 주스 20ml (⅔ oz)","","달콤, 탄산, 베리, 시트러스","파티, 상쾌한","4","1. 하이볼에 얼음을 채운다. / 2. 과일 주스 90ml (3 oz), 레몬 주스 20ml (⅔ oz)를 붓는다. / 3. 라거 맥주 적당량(약 90ml)로 채우고 바 스푼으로 가볍게 한 번 젓는다. / 4. 레몬 필로 가니시한다.","AUTO","0","0","0","문헌으로 확인되는 유래 기록을 찾지 못함.","https://raw.githubusercontent.com/rlaaudgjs2/onz-cocktail-images/main/cocktail_image_file/old/onz_cocktail_Fruit_Beer_Cocktail.webp","http://onz-cocktail.kr/uploads/glasses/onz_glasstype_highball.webp","2026-09-22 12:00:00","2026-09-22 12:00:00","beer","5","0","3","2","0","0","2","4","3","2","3","0","0","0","0","0","0","0","0","0","0","0","0","0","0","3","3","0","0","5","2","1","0","long","","verified","image_old",""
"246","후지산 하이볼","Fujisan Highball","약함","8","10","라이트","위스키","","하이볼","여름","재패니즈 위스키 45ml (1½ oz), 탄산수 적당량(약 90ml), 레몬 필","","탄산, 시트러스","식사와 함께, 상쾌한","4","1. 하이볼에 얼음을 채운다. / 2. 재패니즈 위스키 45ml (1½ oz)를 붓는다. / 3. 탄산수 적당량(약 90ml)로 채우고 바 스푼으로 가볍게 한 번 젓는다. / 4. 레몬 필로 가니시한다.","AUTO","0","0","0","술을 탄산수로 길게 늘리는 하이볼. 개별 창시자 기록은 없음.
하이볼은 1830년대 영국에서 브랜디 소다로 시작해 19세기 말 미국에서 위스키 하이볼로 자리 잡았고, 일본에서는 2008년 산토리 광고 이후 크게 유행함.","https://raw.githubusercontent.com/rlaaudgjs2/onz-cocktail-images/main/cocktail_image_file/old/onz_cocktail_Fujisan_Highball.webp","http://onz-cocktail.kr/uploads/glasses/onz_glasstype_highball.webp","2026-09-22 12:00:00","2026-09-22 12:00:00","whiskey","9","1","2","1","0","2","1","4","3","0","0","0","0","0","0","0","0","0","2","0","0","0","0","3","0","0","3","0","0","4","3","2","0","long","","verified","image_old","https://en.wikipedia.org/wiki/Highball"
"247","조지아 피치","Georgia Peach","보통","11","13","스탠다드","보드카","","하이볼","여름","보드카 45ml (1½ oz), 피치 슈냅스 15ml (½ oz), 복숭아 퓌레 90ml (3 oz), 레몬 주스 20ml (⅔ oz)","","달콤, 과일향","상쾌한, 파티","2","1. 하이볼에 얼음을 채운다. / 2. 보드카 45ml (1½ oz), 피치 슈냅스 15ml (½ oz), 복숭아 퓌레 90ml (3 oz), 레몬 주스 20ml (⅔ oz)를 붓는다.","AUTO","0","0","0","문헌으로 확인되는 유래 기록을 찾지 못함.","https://raw.githubusercontent.com/rlaaudgjs2/onz-cocktail-images/main/cocktail_image_file/old/onz_cocktail_Georgia_Peach.webp","http://onz-cocktail.kr/uploads/glasses/onz_glasstype_highball.webp","2026-09-22 12:00:00","2026-09-22 12:00:00","vodka|liqueur","12","1","5","2","0","1","2","0","2","0","0","5","0","0","0","0","0","0","0","0","0","0","0","0","0","3","3","0","0","5","2","1","0","long","","verified","image_old",""
"248","깁슨","Gibson","강함","29","31","스트롱","진","","쿠페","사계절","진 45ml (1½ oz), 드라이 베르무트 10ml (⅓ oz), 칵테일 어니언","","쌉싸름, 강한, 허브, 짭짤한","식전","4","1. 믹싱 글라스에 얼음과 진 45ml (1½ oz), 드라이 베르무트 10ml (⅓ oz)를 넣는다. / 2. 20~30초간 충분히 젓는다. / 3. 차갑게 식힌 쿠페에 걸러 따른다. / 4. 칵테일 어니언으로 가니시한다.","AUTO","0","0","0","1890년대 샌프란시스코 보헤미안 클럽에서 월터 D. K. 깁슨이 만들었다는 설이 가장 유력하며, 1898년 에드워드 타운센드의 글에 처음 등장함.
올리브 대신 칵테일 어니언으로 장식한 드라이 마티니. 삽화가 찰스 데이나 깁슨이 기원이라는 설도 있음.","https://raw.githubusercontent.com/rlaaudgjs2/onz-cocktail-images/main/cocktail_image_file/old/onz_cocktail_Gibson.webp","http://onz-cocktail.kr/uploads/glasses/onz_glasstype_coupe.webp","2026-09-22 12:00:00","2026-09-22 12:00:00","gin|fortified","30","3","0","0","3","5","2","0","0","0","0","0","4","0","0","0","0","0","0","0","0","3","3","0","0","0","0","0","0","1","3","4","0","up","","verified","image_old","https://en.wikipedia.org/wiki/Gibson_(cocktail)"
"249","진 벅","Gin Buck","보통","12","14","스탠다드","진","","하이볼","여름","진 45ml (1½ oz), 레몬 주스 20ml (⅔ oz), 진저 에일 적당량(약 90ml)","","달콤, 탄산, 스파이시, 시트러스","상쾌한, 파티","4","1. 하이볼에 얼음을 채운다. / 2. 진 45ml (1½ oz), 레몬 주스 20ml (⅔ oz)를 붓는다. / 3. 진저 에일 적당량(약 90ml)로 채우고 바 스푼으로 가볍게 한 번 젓는다. / 4. 레몬 필로 가니시한다.","AUTO","0","0","0","진저 에일(또는 진저 비어)에 시트러스와 술을 섞는 벅 계열 칵테일. 개별 창시자 기록은 없음.
무알코올 음료 '호스스 넥'에 위스키를 넣어 '킥'을 준 데서 뛰는 말(buck)이라는 이름이 붙음.","https://raw.githubusercontent.com/rlaaudgjs2/onz-cocktail-images/main/cocktail_image_file/old/onz_cocktail_Gin_Buck.webp","http://onz-cocktail.kr/uploads/glasses/onz_glasstype_highball.webp","2026-09-22 12:00:00","2026-09-22 12:00:00","gin","13","1","3","2","0","1","2","4","3","0","0","0","2","0","0","4","0","0","0","0","0","0","0","0","0","2","3","0","0","4","2","3","0","long","","verified","image_old","https://en.wikipedia.org/wiki/Buck_(cocktail)"
"250","진 코블러","Gin Cobbler","보통","17","19","스탠다드","진","","록스","여름","진 45ml (1½ oz), 오렌지 큐라소 15ml (½ oz), 설탕 1 tsp, 과일 3~4조각","","달콤, 강한, 묵직한, 시트러스","상쾌한","4","1. 셰이커(또는 믹싱 글라스)에 과일 3~4조각을 넣고 가볍게 으깬다. / 2. 셰이커에 얼음과 진 45ml (1½ oz), 오렌지 큐라소 15ml (½ oz), 설탕 1 tsp를 넣고 15초간 강하게 셰이킹한다. / 3. 큰 얼음을 넣은 록스에 더블 스트레이닝하여 따른다. / 4. 오렌지 필로 가니시한다.","AUTO","0","0","0","코블러 계열(술·설탕·과일·잘게 부순 얼음) 칵테일. 개별 창시자 기록은 없음.
코블러는 1838년 처음 기록되었고, 1843년 찰스 디킨스의 소설에 셰리 코블러가 등장하며 19세기 미국에서 크게 유행함.","https://raw.githubusercontent.com/rlaaudgjs2/onz-cocktail-images/main/cocktail_image_file/old/onz_cocktail_Gin_Cobbler.webp","http://onz-cocktail.kr/uploads/glasses/onz_glasstype_rocks.webp","2026-09-22 12:00:00","2026-09-22 12:00:00","gin|liqueur","18","2","3","2","0","3","3","0","3","0","2","0","2","0","0","0","0","0","0","0","0","0","0","0","0","0","2","0","0","3","1","2","0","rocks","","verified","image_old","https://en.wikipedia.org/wiki/Cobbler_(drink)"
"251","진 데이지","Gin Daisy","보통","17","19","스탠다드","진","","쿠페","여름","진 45ml (1½ oz), 레몬 주스 20ml (⅔ oz), 그레나딘 10ml (⅓ oz), 탄산수 약간 린스(약간)","","달콤, 상큼, 강한, 시트러스","상쾌한, 파티","3","1. 셰이커에 얼음과 진 45ml (1½ oz), 레몬 주스 20ml (⅔ oz), 그레나딘 10ml (⅓ oz), 탄산수 약간 린스(약간)를 넣고 15초간 강하게 셰이킹한다. / 2. 차갑게 식힌 쿠페에 걸러 따른다. / 3. 레몬 필로 가니시한다.","AUTO","0","0","0","술에 시트러스·설탕·리큐르(또는 그레나딘)를 더하는 데이지 계열 칵테일.
개별 창시자 기록은 없음.","https://raw.githubusercontent.com/rlaaudgjs2/onz-cocktail-images/main/cocktail_image_file/old/onz_cocktail_Gin_Daisy.webp","http://onz-cocktail.kr/uploads/glasses/onz_glasstype_coupe.webp","2026-09-22 12:00:00","2026-09-22 12:00:00","gin","18","2","3","4","0","3","2","0","4","0","2","0","0","0","0","0","0","0","0","0","0","0","0","0","0","2","2","0","0","4","2","3","0","up","","verified","image_old","https://en.wikipedia.org/wiki/Daisy_(cocktail)"
"252","진 팔로마","Gin Paloma","보통","10","12","스탠다드","진","","하이볼","여름","진 45ml (1½ oz), 자몽 주스 90ml (3 oz), 라임 주스 20ml (⅔ oz), 탄산수 적당량(약 90ml)","","상큼, 탄산, 시트러스","상쾌한, 식사와 함께","4","1. 하이볼에 얼음을 채운다. / 2. 진 45ml (1½ oz), 자몽 주스 90ml (3 oz), 라임 주스 20ml (⅔ oz)를 붓는다. / 3. 탄산수 적당량(약 90ml)로 채우고 바 스푼으로 가볍게 한 번 젓는다. / 4. 라임 휠로 가니시한다.","AUTO","0","0","0","onz 오리지널 레시피 (이미지 기반 추정, 검수 필요)","https://raw.githubusercontent.com/rlaaudgjs2/onz-cocktail-images/main/cocktail_image_file/old/onz_cocktail_Gin_Paloma.webp","http://onz-cocktail.kr/uploads/glasses/onz_glasstype_highball.webp","2026-09-22 12:00:00","2026-09-22 12:00:00","gin","11","1","2","3","0","1","1","4","5","0","0","0","2","0","0","0","0","0","0","0","0","0","0","2","0","0","3","0","0","4","2","2","0","long","","needs_review","image_old",""
"253","진 리키","Gin Rickey","보통","11","13","스탠다드","진","","하이볼","여름","진 45ml (1½ oz), 라임 주스 20ml (⅔ oz), 탄산수 적당량(약 90ml)","","상큼, 탄산, 시트러스","상쾌한, 식전","4","1. 하이볼에 얼음을 채운다. / 2. 진 45ml (1½ oz), 라임 주스 20ml (⅔ oz)를 붓는다. / 3. 탄산수 적당량(약 90ml)로 채우고 바 스푼으로 가볍게 한 번 젓는다. / 4. 라임 휠로 가니시한다.","AUTO","0","0","0","1880년대 워싱턴 D.C.의 슈메이커스 바에서 바텐더 조지 A. 윌리엄슨이 로비스트 '조 리키' 대령과 함께 만들었다고 전해짐.
원래는 버번으로 만들었으나 1890년대에 진 버전이 크게 유행함.","https://raw.githubusercontent.com/rlaaudgjs2/onz-cocktail-images/main/cocktail_image_file/old/onz_cocktail_Gin_Rickey.webp","http://onz-cocktail.kr/uploads/glasses/onz_glasstype_highball.webp","2026-09-22 12:00:00","2026-09-22 12:00:00","gin","12","1","1","4","0","1","2","4","5","0","0","0","2","0","0","0","0","0","0","0","0","0","2","0","0","0","3","0","0","3","3","3","0","long","","verified","image_old","https://en.wikipedia.org/wiki/Rickey_(cocktail)"
"254","진 슬링","Gin Sling","보통","13","15","스탠다드","진","","하이볼","여름","진 45ml (1½ oz), 레몬 주스 20ml (⅔ oz), 체리 리큐르 15ml (½ oz), 설탕 시럽 15ml (½ oz), 탄산수 적당량(약 90ml)","","달콤, 탄산, 시트러스","상쾌한","4","1. 하이볼에 얼음을 채운다. / 2. 진 45ml (1½ oz), 레몬 주스 20ml (⅔ oz), 체리 리큐르 15ml (½ oz), 설탕 시럽 15ml (½ oz)를 붓는다. / 3. 탄산수 적당량(약 90ml)로 채우고 바 스푼으로 가볍게 한 번 젓는다. / 4. 레몬 필로 가니시한다.","AUTO","0","0","0","'슬링'은 1759년경 기록이 있는 오래된 음료로, 원래 한 잔 분량의 펀치로 만들어졌음.
술에 단맛·신맛·물을 더하는 단순한 구조이며, 이후 싱가포르 래플스 호텔의 싱가포르 슬링 등 여러 변형이 생김.","https://raw.githubusercontent.com/rlaaudgjs2/onz-cocktail-images/main/cocktail_image_file/old/onz_cocktail_Gin_Sling.webp","http://onz-cocktail.kr/uploads/glasses/onz_glasstype_highball.webp","2026-09-22 12:00:00","2026-09-22 12:00:00","gin|liqueur","14","1","3","2","0","2","2","4","3","0","1","0","2","0","0","0","0","0","0","0","0","0","0","0","0","0","2","0","0","4","2","3","0","long","","verified","image_old","https://en.wikipedia.org/wiki/Sling_(drink)"
"255","진 스매시","Gin Smash","보통","17","19","스탠다드","진","","록스","여름","진 45ml (1½ oz), 민트 6~8장, 레몬 주스 20ml (⅔ oz), 설탕 시럽 15ml (½ oz)","","달콤, 상큼, 강한, 묵직한, 민트, 시트러스","상쾌한","4","1. 셰이커(또는 믹싱 글라스)에 민트 6~8장을 넣고 가볍게 으깬다. / 2. 셰이커에 얼음과 진 45ml (1½ oz), 레몬 주스 20ml (⅔ oz), 설탕 시럽 15ml (½ oz)를 넣고 15초간 강하게 셰이킹한다. / 3. 큰 얼음을 넣은 록스에 더블 스트레이닝하여 따른다. / 4. 레몬 필로 가니시한다.","AUTO","0","0","0","민트나 과일을 으깨 넣는 스매시 계열 칵테일. 개별 창시자 기록은 없음.
스매시는 1840년대 미국에서 생겨 제리 토머스의 1862년 『바텐더 가이드』에 '작은 줄렙'으로 소개됨.","https://raw.githubusercontent.com/rlaaudgjs2/onz-cocktail-images/main/cocktail_image_file/old/onz_cocktail_Gin_Smash.webp","http://onz-cocktail.kr/uploads/glasses/onz_glasstype_rocks.webp","2026-09-22 12:00:00","2026-09-22 12:00:00","gin","18","2","3","3","0","3","3","0","4","0","0","0","2","4","0","0","0","0","0","0","0","0","0","0","0","0","2","0","0","4","2","3","0","rocks","","verified","image_old","https://www.diffordsguide.com/cocktails/recipe/3347/whiskey-smash"
"256","진 토닉","Gin and Tonic","보통","9","11","스탠다드","진","","하이볼","여름","진 45ml (1½ oz), 토닉 워터 적당량(약 90ml), 라임 주스 20ml (⅔ oz)","","탄산, 허브, 시트러스","상쾌한, 식전, 식사와 함께","4","1. 하이볼에 얼음을 채운다. / 2. 진 45ml (1½ oz), 라임 주스 20ml (⅔ oz)를 붓는다. / 3. 토닉 워터 적당량(약 90ml)로 채우고 바 스푼으로 가볍게 한 번 젓는다. / 4. 라임 휠로 가니시한다.","AUTO","0","0","0","19세기 영국령 인도에 주둔한 영국 장교들이 말라리아 예방용 퀴닌이 든 쓴 토닉 워터를 마시기 쉽게 하려고 진과 라임을 섞은 데서 유래함.
토닉 워터는 1858년에 처음 상업적으로 판매됨.","https://raw.githubusercontent.com/rlaaudgjs2/onz-cocktail-images/main/cocktail_image_file/old/onz_cocktail_Gin_and_Tonic.webp","http://onz-cocktail.kr/uploads/glasses/onz_glasstype_highball.webp","2026-09-22 12:00:00","2026-09-22 12:00:00","gin","10","1","2","1","2","2","1","4","3","0","0","0","4","0","0","0","0","0","0","0","0","0","3","2","0","0","3","0","0","5","5","2","0","long","","verified","image_old","https://en.wikipedia.org/wiki/Gin_and_tonic"
"257","진저 레모네이드","Ginger Lemonade","약함","0","0","라이트","무알코올","","하이볼","여름","레몬 주스 20ml (⅔ oz), 생강 시럽 15ml (½ oz), 탄산수 적당량(약 90ml)","","달콤, 상큼, 탄산, 시트러스, 스파이시","상쾌한, 브런치","4","1. 하이볼에 얼음을 채운다. / 2. 레몬 주스 20ml (⅔ oz), 생강 시럽 15ml (½ oz)를 붓는다. / 3. 탄산수 적당량(약 90ml)로 채우고 바 스푼으로 가볍게 한 번 젓는다. / 4. 레몬 필로 가니시한다.","AUTO","0","0","0","과일즙에 물이나 탄산수, 단맛을 더한 레모네이드·에이드 계열 음료. 개별 창시자 기록은 없음.
레몬 음료는 12세기 이집트의 궁정 의사 이븐 주마이의 기록까지 거슬러 올라감.","https://raw.githubusercontent.com/rlaaudgjs2/onz-cocktail-images/main/cocktail_image_file/old/onz_cocktail_Ginger_Lemonade.webp","http://onz-cocktail.kr/uploads/glasses/onz_glasstype_highball.webp","2026-09-22 12:00:00","2026-09-22 12:00:00","none","0","0","3","4","0","0","1","4","5","0","0","0","0","0","0","4","0","0","0","0","0","0","0","0","0","0","3","0","2","5","3","1","0","long","","verified","image_old","https://en.wikipedia.org/wiki/Lemonade"
"258","진저 마티니","Ginger Martini","강함","23","25","스탠다드","보드카","","마티니","가을","보드카 45ml (1½ oz), 진저 리큐르 15ml (½ oz), 레몬 주스 20ml (⅔ oz)","","달콤, 강한, 스파이시, 시트러스","식전","3","1. 셰이커에 얼음과 보드카 45ml (1½ oz), 진저 리큐르 15ml (½ oz), 레몬 주스 20ml (⅔ oz)를 넣고 15초간 강하게 셰이킹한다. / 2. 차갑게 식힌 마티니에 걸러 따른다. / 3. 레몬 필로 가니시한다.","AUTO","0","0","0","마티니 잔에 담는 현대식 '~티니' 칵테일. 개별 창시자 기록은 없음.
1980년대부터 마티니 잔에 담은 칵테일에 마티니라는 이름을 붙이는 유행이 생겼고, 전통 마티니와는 다른 스타일임.","https://raw.githubusercontent.com/rlaaudgjs2/onz-cocktail-images/main/cocktail_image_file/old/onz_cocktail_Ginger_Martini.webp","http://onz-cocktail.kr/uploads/glasses/onz_glasstype_martini.webp","2026-09-22 12:00:00","2026-09-22 12:00:00","vodka|liqueur","24","2","3","2","0","4","2","0","3","0","0","0","0","0","0","5","0","0","0","0","0","0","2","1","0","0","0","0","0","3","1","3","0","up","","verified","image_old","https://en.wikipedia.org/wiki/Martini_(cocktail)"
"259","인삼 마티니","Ginseng Martini","강함","25","27","스트롱","보드카","","마티니","사계절","인삼 인퓨즈드 보드카 45ml (1½ oz), 꿀 시럽 15ml (½ oz), 레몬 주스 20ml (⅔ oz)","","강한, 묵직한, 허브","천천히 음미","2","1. 셰이커에 얼음과 인삼 인퓨즈드 보드카 45ml (1½ oz), 꿀 시럽 15ml (½ oz), 레몬 주스 20ml (⅔ oz)를 넣고 15초간 강하게 셰이킹한다. / 2. 차갑게 식힌 마티니에 걸러 따른다.","AUTO","0","0","0","onz 오리지널 레시피 (이미지 기반 추정, 검수 필요)","https://raw.githubusercontent.com/rlaaudgjs2/onz-cocktail-images/main/cocktail_image_file/old/onz_cocktail_Ginseng_Martini.webp","http://onz-cocktail.kr/uploads/glasses/onz_glasstype_martini.webp","2026-09-22 12:00:00","2026-09-22 12:00:00","vodka","26","3","2","1","2","4","3","0","0","0","0","0","4","0","0","2","0","0","0","0","0","0","1","0","0","0","0","2","0","2","1","4","0","up","","needs_review","image_old",""
"260","갓파더","Godfather","강함","31","33","스트롱","위스키","","록스","가을","스카치 위스키 45ml (1½ oz), 아마레또 15ml (½ oz)","","달콤, 강한, 묵직한, 크리미, 오크·캐러멜","천천히 음미, 디저트","3","1. 믹싱 글라스에 얼음과 스카치 위스키 45ml (1½ oz), 아마레또 15ml (½ oz)를 넣는다. / 2. 20~30초간 충분히 젓는다. / 3. 큰 얼음을 넣은 록스에 걸러 따른다.","AUTO","0","0","0","아마레또 브랜드 디사론노는 영화 「대부」의 주연 배우 말론 브란도가 가장 좋아한 칵테일이었다고 소개함.
이 이야기에서 이름이 붙었다고 알려짐.","https://raw.githubusercontent.com/rlaaudgjs2/onz-cocktail-images/main/cocktail_image_file/old/onz_cocktail_Godfather.webp","http://onz-cocktail.kr/uploads/glasses/onz_glasstype_rocks.webp","2026-09-22 12:00:00","2026-09-22 12:00:00","whiskey|liqueur","32","3","4","0","2","5","4","0","0","0","0","0","0","0","0","0","0","4","4","0","0","0","0","0","2","0","0","3","0","3","3","2","0","rocks","nut","verified","image_old","https://en.wikipedia.org/wiki/Godfather_(cocktail)"
"261","갓마더","Godmother","강함","29","31","스트롱","보드카","","록스","사계절","보드카 45ml (1½ oz), 아마레또 15ml (½ oz)","","달콤, 강한, 묵직한, 크리미","천천히 음미, 디저트","3","1. 믹싱 글라스에 얼음과 보드카 45ml (1½ oz), 아마레또 15ml (½ oz)를 넣는다. / 2. 20~30초간 충분히 젓는다. / 3. 큰 얼음을 넣은 록스에 걸러 따른다.","AUTO","0","0","0","갓파더의 스카치 위스키를 보드카로 바꾼 변형 칵테일.
갓파더라는 이름은 영화 「대부」 주연 배우 말론 브란도가 좋아했다는 디사론노의 소개에서 유래함.","https://raw.githubusercontent.com/rlaaudgjs2/onz-cocktail-images/main/cocktail_image_file/old/onz_cocktail_Godmother.webp","http://onz-cocktail.kr/uploads/glasses/onz_glasstype_rocks.webp","2026-09-22 12:00:00","2026-09-22 12:00:00","vodka|liqueur","30","3","4","0","2","4","3","0","0","0","0","0","0","0","0","0","0","5","0","0","0","0","0","0","2","0","0","2","0","3","2","2","0","rocks","nut","verified","image_old","https://en.wikipedia.org/wiki/Godfather_(cocktail)"
"262","골드 러시","Gold Rush","강함","21","23","스탠다드","위스키","","록스","가을","버번 45ml (1½ oz), 꿀 시럽 15ml (½ oz), 레몬 주스 20ml (⅔ oz)","","달콤, 상큼, 강한, 묵직한, 시트러스, 오크·캐러멜","천천히 음미","3","1. 셰이커에 얼음과 버번 45ml (1½ oz), 꿀 시럽 15ml (½ oz), 레몬 주스 20ml (⅔ oz)를 넣고 15초간 강하게 셰이킹한다. / 2. 큰 얼음을 넣은 록스에 걸러 따른다. / 3. 레몬 필로 가니시한다.","AUTO","0","0","0","2000년경 뉴욕의 바 '밀크 앤 허니'에서 단골이던 T.J. 시걸이 만듦.
평소 마시던 버번 사워의 설탕 시럽을 꿀 시럽으로 바꿔 달라고 바텐더 사샤 페트라스크에게 요청한 것이 시작이며, 현대 클래식으로 자리 잡음.","https://raw.githubusercontent.com/rlaaudgjs2/onz-cocktail-images/main/cocktail_image_file/old/onz_cocktail_Gold_Rush.webp","http://onz-cocktail.kr/uploads/glasses/onz_glasstype_rocks.webp","2026-09-22 12:00:00","2026-09-22 12:00:00","whiskey","22","2","4","3","0","3","3","0","4","0","0","0","0","0","0","0","0","0","3","0","0","0","0","1","0","0","0","2","0","4","3","3","0","rocks","","verified","image_old","https://punchdrink.com/articles/gold-rush-bourbon-cocktail-recipe-became-modern-classic/"
"263","자몽 에이드","Grapefruit Ade","약함","0","0","라이트","무알코올","","하이볼","여름","자몽청 20ml (⅔ oz), 자몽 주스 90ml (3 oz), 탄산수 적당량(약 90ml)","","달콤, 상큼, 탄산, 시트러스","상쾌한, 브런치","4","1. 하이볼에 얼음을 채운다. / 2. 자몽청 20ml (⅔ oz), 자몽 주스 90ml (3 oz)를 붓는다. / 3. 탄산수 적당량(약 90ml)로 채우고 바 스푼으로 가볍게 한 번 젓는다. / 4. 레몬 필로 가니시한다.","AUTO","0","0","0","과일즙에 물이나 탄산수, 단맛을 더한 레모네이드·에이드 계열 음료. 개별 창시자 기록은 없음.
레몬 음료는 12세기 이집트의 궁정 의사 이븐 주마이의 기록까지 거슬러 올라감.","https://raw.githubusercontent.com/rlaaudgjs2/onz-cocktail-images/main/cocktail_image_file/old/onz_cocktail_Grapefruit_Ade.webp","http://onz-cocktail.kr/uploads/glasses/onz_glasstype_highball.webp","2026-09-22 12:00:00","2026-09-22 12:00:00","none","0","0","4","3","1","0","1","4","5","0","0","0","0","0","0","0","0","0","0","0","0","0","0","0","0","0","3","0","3","5","5","1","0","long","","verified","image_old","https://en.wikipedia.org/wiki/Lemonade"
"264","청포도 에이드","Green Grape Ade","약함","0","0","라이트","무알코올","","하이볼","여름","청포도청 20ml (⅔ oz), 탄산수 적당량(약 90ml), 레몬 주스 20ml (⅔ oz)","","달콤, 탄산, 과일향","상쾌한, 브런치","3","1. 하이볼에 얼음을 채운다. / 2. 청포도청 20ml (⅔ oz), 레몬 주스 20ml (⅔ oz)를 붓는다. / 3. 탄산수 적당량(약 90ml)로 채우고 바 스푼으로 가볍게 한 번 젓는다.","AUTO","0","0","0","과일즙에 물이나 탄산수, 단맛을 더한 레모네이드·에이드 계열 음료. 개별 창시자 기록은 없음.
레몬 음료는 12세기 이집트의 궁정 의사 이븐 주마이의 기록까지 거슬러 올라감.","https://raw.githubusercontent.com/rlaaudgjs2/onz-cocktail-images/main/cocktail_image_file/old/onz_cocktail_Green_Grape_Ade.webp","http://onz-cocktail.kr/uploads/glasses/onz_glasstype_highball.webp","2026-09-22 12:00:00","2026-09-22 12:00:00","none","0","0","5","2","0","0","1","4","0","0","0","4","0","0","1","0","0","0","0","0","0","0","0","0","0","0","3","0","3","5","5","1","0","long","","verified","image_old","https://en.wikipedia.org/wiki/Lemonade"
"265","녹차 모히또","Green Tea Mojito","보통","12","14","스탠다드","럼","","하이볼","여름","화이트 럼 45ml (1½ oz), 녹차 120ml (4 oz), 민트 6~8장, 라임 ½개, 설탕 1 tsp, 탄산수 적당량(약 90ml)","","달콤, 탄산, 민트, 허브, 시트러스","상쾌한, 브런치","5","1. 하이볼에 민트 6~8장, 라임 ½개를 넣고 머들러로 가볍게 으깬다. / 2. 하이볼에 얼음을 채운다. / 3. 화이트 럼 45ml (1½ oz), 녹차 120ml (4 oz), 설탕 1 tsp를 붓는다. / 4. 탄산수 적당량(약 90ml)로 채우고 바 스푼으로 가볍게 한 번 젓는다. / 5. 라임 휠로 가니시한다.","AUTO","0","0","0","모히또 변형. 개별 창시자 기록은 없음.
모히또는 쿠바 아바나에서 사탕수수 증류주에 라임·민트를 섞은 음료에서 발전했으며, 무알코올·과일 모히또 등 변형이 많음.","https://raw.githubusercontent.com/rlaaudgjs2/onz-cocktail-images/main/cocktail_image_file/old/onz_cocktail_Green_Tea_Mojito.webp","http://onz-cocktail.kr/uploads/glasses/onz_glasstype_highball.webp","2026-09-22 12:00:00","2026-09-22 12:00:00","rum","13","1","3","2","1","1","2","4","3","0","0","0","3","4","0","0","0","0","0","0","0","0","0","0","0","0","3","0","2","4","2","2","0","long","caffeine","verified","image_old","https://en.wikipedia.org/wiki/Mojito"
"266","그레나다 스파이스","Grenada Spice","보통","15","17","스탠다드","럼","","록스","가을","다크 럼 45ml (1½ oz), 넛맥 시럽 15ml (½ oz), 라임 주스 20ml (⅔ oz), 오렌지 필","","달콤, 상큼, 묵직한, 스파이시, 시트러스","천천히 음미","3","1. 셰이커에 얼음과 다크 럼 45ml (1½ oz), 넛맥 시럽 15ml (½ oz), 라임 주스 20ml (⅔ oz)를 넣고 15초간 강하게 셰이킹한다. / 2. 큰 얼음을 넣은 록스에 걸러 따른다. / 3. 오렌지 필로 가니시한다.","AUTO","0","0","0","onz 오리지널 레시피 (이미지 기반 추정, 검수 필요)","https://raw.githubusercontent.com/rlaaudgjs2/onz-cocktail-images/main/cocktail_image_file/old/onz_cocktail_Grenada_Spice.webp","http://onz-cocktail.kr/uploads/glasses/onz_glasstype_rocks.webp","2026-09-22 12:00:00","2026-09-22 12:00:00","rum","16","2","4","3","0","2","3","0","3","0","0","0","0","0","0","5","0","0","2","0","0","0","0","0","0","0","1","2","0","3","1","3","0","rocks","","needs_review","image_old",""
"267","그레이하운드","Greyhound","보통","9","11","스탠다드","보드카","","하이볼","여름","보드카 45ml (1½ oz), 자몽 주스 90ml (3 oz)","","상큼, 시트러스","브런치, 상쾌한","3","1. 하이볼에 얼음을 채운다. / 2. 보드카 45ml (1½ oz), 자몽 주스 90ml (3 oz)를 붓는다. / 3. 레몬 필로 가니시한다.","AUTO","0","0","0","1930년 『사보이 칵테일 북』에 진과 자몽을 쓴 초기 형태가 실림.
1945년 『하퍼스 매거진』에서 그레이하운드 버스 터미널 식당 체인의 칵테일로 소개되며 이름이 붙었고, 2차 대전 이후 보드카 버전이 표준이 됨.","https://raw.githubusercontent.com/rlaaudgjs2/onz-cocktail-images/main/cocktail_image_file/old/onz_cocktail_Greyhound.webp","http://onz-cocktail.kr/uploads/glasses/onz_glasstype_highball.webp","2026-09-22 12:00:00","2026-09-22 12:00:00","vodka","10","1","2","3","1","1","2","0","5","0","0","0","0","0","0","0","0","0","0","0","0","0","0","0","0","0","2","0","3","4","3","1","0","long","","verified","image_old","https://en.wikipedia.org/wiki/Greyhound_(cocktail)"
"268","과달라하라 선셋","Guadalajara Sunset","보통","12","14","스탠다드","테킬라","","쿠페","여름","테킬라 45ml (1½ oz), 라임 주스 20ml (⅔ oz), 크랜베리 주스 30ml (1 oz), 그레나딘 10ml (⅓ oz)","","달콤, 상큼, 시트러스, 베리","파티, 상쾌한","3","1. 셰이커에 얼음과 테킬라 45ml (1½ oz), 라임 주스 20ml (⅔ oz), 크랜베리 주스 30ml (1 oz), 그레나딘 10ml (⅓ oz)를 넣고 15초간 강하게 셰이킹한다. / 2. 차갑게 식힌 쿠페에 걸러 따른다. / 3. 라임 휠로 가니시한다.","AUTO","0","0","0","onz 오리지널 레시피 (이미지 기반 추정, 검수 필요)","https://raw.githubusercontent.com/rlaaudgjs2/onz-cocktail-images/main/cocktail_image_file/old/onz_cocktail_Guadalajara_Sunset.webp","http://onz-cocktail.kr/uploads/glasses/onz_glasstype_coupe.webp","2026-09-22 12:00:00","2026-09-22 12:00:00","tequila","13","1","4","4","0","1","2","0","4","0","3","0","0","0","0","0","0","0","0","0","0","0","0","0","0","3","2","0","0","4","1","2","0","up","","needs_review","image_old",""
"269","과들루프 펀치","Guadeloupe Punch","보통","15","17","스탠다드","럼","","허리케인","가을","아그리콜 럼 45ml (1½ oz), 라임 주스 20ml (⅔ oz), 사탕수수 시럽 15ml (½ oz), 넛맥","","달콤, 상큼, 묵직한, 열대과일, 스파이시, 오크·캐러멜, 시트러스","파티","3","1. 허리케인에 얼음을 채운다. / 2. 아그리콜 럼 45ml (1½ oz), 라임 주스 20ml (⅔ oz), 사탕수수 시럽 15ml (½ oz)를 붓는다. / 3. 넛맥으로 가니시한다.","AUTO","0","0","0","onz 오리지널 레시피 (이미지 기반 추정, 검수 필요)","https://raw.githubusercontent.com/rlaaudgjs2/onz-cocktail-images/main/cocktail_image_file/old/onz_cocktail_Guadeloupe_Punch.webp","http://onz-cocktail.kr/uploads/glasses/onz_glasstype_hurricane.webp","2026-09-22 12:00:00","2026-09-22 12:00:00","rum","16","2","4","3","1","2","3","0","3","3","0","0","0","0","0","3","0","0","3","0","0","0","0","0","0","3","0","0","0","4","1","2","0","long","","needs_review","image_old",""
"270","과들루프 선셋","Guadeloupe Sunset","보통","13","15","스탠다드","럼","","쿠페","여름","아그리콜 럼 45ml (1½ oz), 오렌지 주스 30ml (1 oz), 라임 주스 20ml (⅔ oz), 그레나딘 10ml (⅓ oz)","","달콤, 상큼, 열대과일, 시트러스","상쾌한","3","1. 셰이커에 얼음과 아그리콜 럼 45ml (1½ oz), 오렌지 주스 30ml (1 oz), 라임 주스 20ml (⅔ oz), 그레나딘 10ml (⅓ oz)를 넣고 15초간 강하게 셰이킹한다. / 2. 차갑게 식힌 쿠페에 걸러 따른다. / 3. 라임 휠로 가니시한다.","AUTO","0","0","0","onz 오리지널 레시피 (이미지 기반 추정, 검수 필요)","https://raw.githubusercontent.com/rlaaudgjs2/onz-cocktail-images/main/cocktail_image_file/old/onz_cocktail_Guadeloupe_Sunset.webp","http://onz-cocktail.kr/uploads/glasses/onz_glasstype_coupe.webp","2026-09-22 12:00:00","2026-09-22 12:00:00","rum","14","1","4","3","0","2","2","0","3","3","2","0","0","0","0","0","0","0","0","0","0","0","0","0","0","0","3","0","0","4","1","2","0","up","","needs_review","image_old",""
"271","구아바 레모네이드","Guava Lemonade","약함","0","0","라이트","무알코올","","하이볼","여름","구아바 주스 90ml (3 oz), 레몬 주스 20ml (⅔ oz), 설탕 시럽 15ml (½ oz), 탄산수 적당량(약 90ml)","","달콤, 상큼, 탄산, 열대과일, 시트러스","상쾌한, 브런치","4","1. 하이볼에 얼음을 채운다. / 2. 구아바 주스 90ml (3 oz), 레몬 주스 20ml (⅔ oz), 설탕 시럽 15ml (½ oz)를 붓는다. / 3. 탄산수 적당량(약 90ml)로 채우고 바 스푼으로 가볍게 한 번 젓는다. / 4. 레몬 필로 가니시한다.","AUTO","0","0","0","과일즙에 물이나 탄산수, 단맛을 더한 레모네이드·에이드 계열 음료. 개별 창시자 기록은 없음.
레몬 음료는 12세기 이집트의 궁정 의사 이븐 주마이의 기록까지 거슬러 올라감.","https://raw.githubusercontent.com/rlaaudgjs2/onz-cocktail-images/main/cocktail_image_file/old/onz_cocktail_Guava_Lemonade.webp","http://onz-cocktail.kr/uploads/glasses/onz_glasstype_highball.webp","2026-09-22 12:00:00","2026-09-22 12:00:00","none","0","0","4","4","0","0","2","4","4","5","0","0","0","0","0","0","0","0","0","0","0","0","0","0","0","0","3","0","2","5","2","1","0","long","","verified","image_old","https://en.wikipedia.org/wiki/Lemonade"
"272","한라봉 피즈","Hallabong Fizz","약함","7","9","라이트","소주","","하이볼","여름","소주 45ml (1½ oz), 한라봉 청 20ml (⅔ oz), 레몬 주스 20ml (⅔ oz), 탄산수 적당량(약 90ml)","","달콤, 상큼, 탄산, 시트러스","상쾌한, 브런치, 파티","4","1. 하이볼에 얼음을 채운다. / 2. 소주 45ml (1½ oz), 한라봉 청 20ml (⅔ oz), 레몬 주스 20ml (⅔ oz)를 붓는다. / 3. 탄산수 적당량(약 90ml)로 채우고 바 스푼으로 가볍게 한 번 젓는다. / 4. 레몬 필로 가니시한다.","AUTO","0","0","0","소주에 과일·탄산 등을 섞은 현대식 소주 칵테일. 개별 창시자 기록은 없음.
소주는 13세기 고려 시대 몽골을 통해 증류 기술이 들어오며 시작되었고, 최근 과일 소주 등 섞어 마시는 방식이 젊은 층에서 인기.","https://raw.githubusercontent.com/rlaaudgjs2/onz-cocktail-images/main/cocktail_image_file/old/onz_cocktail_Hallabong_Fizz.webp","http://onz-cocktail.kr/uploads/glasses/onz_glasstype_highball.webp","2026-09-22 12:00:00","2026-09-22 12:00:00","soju","8","1","4","3","0","0","1","4","5","0","0","0","0","0","0","0","0","0","0","0","0","0","0","0","0","2","3","0","2","5","2","1","0","long","","verified","image_old","https://en.wikipedia.org/wiki/Soju"
"273","하노이 나이트","Hanoi Night","보통","14","16","스탠다드","보드카","","록스","봄","보드카 45ml (1½ oz), 블루 큐라소 15ml (½ oz), 블랙베리 5~6알, 커피 비터스 2 dashes","","달콤, 상큼, 묵직한, 베리","천천히 음미","3","1. 셰이커(또는 믹싱 글라스)에 블랙베리 5~6알을 넣고 가볍게 으깬다. / 2. 셰이커에 얼음과 보드카 45ml (1½ oz), 블루 큐라소 15ml (½ oz), 커피 비터스 2 dashes를 넣고 15초간 강하게 셰이킹한다. / 3. 큰 얼음을 넣은 록스에 더블 스트레이닝하여 따른다.","AUTO","0","0","0","onz 오리지널 레시피 (이미지 기반 추정, 검수 필요)","https://raw.githubusercontent.com/rlaaudgjs2/onz-cocktail-images/main/cocktail_image_file/old/onz_cocktail_Hanoi_Night.webp","http://onz-cocktail.kr/uploads/glasses/onz_glasstype_rocks.webp","2026-09-22 12:00:00","2026-09-22 12:00:00","vodka|liqueur","15","2","4","3","1","2","3","0","2","0","3","0","0","0","0","0","2","0","0","0","0","0","0","0","0","0","0","2","0","3","1","2","0","rocks","caffeine","needs_review","image_old",""
"274","하베스트 선셋","Harvest Sunset","보통","11","13","스탠다드","위스키","","하이볼","가을","버번 45ml (1½ oz), 사과 사이다 적당량(약 90ml), 크랜베리 주스 90ml (3 oz), 시나몬 스틱 1개","","달콤, 탄산, 과일향, 스파이시","파티","4","1. 하이볼에 시나몬 스틱 1개를 넣고 머들러로 가볍게 으깬다. / 2. 하이볼에 얼음을 채운다. / 3. 버번 45ml (1½ oz), 크랜베리 주스 90ml (3 oz)를 붓는다. / 4. 사과 사이다 적당량(약 90ml)로 채우고 바 스푼으로 가볍게 한 번 젓는다.","AUTO","0","0","0","onz 오리지널 레시피 (이미지 기반 추정, 검수 필요)","https://raw.githubusercontent.com/rlaaudgjs2/onz-cocktail-images/main/cocktail_image_file/old/onz_cocktail_Harvest_Sunset.webp","http://onz-cocktail.kr/uploads/glasses/onz_glasstype_highball.webp","2026-09-22 12:00:00","2026-09-22 12:00:00","whiskey","12","1","4","2","0","2","2","4","0","0","2","3","0","0","0","3","0","0","0","0","0","0","0","0","0","2","0","1","0","4","1","2","0","long","","needs_review","image_old",""
"275","하비 월뱅어","Harvey Wallbanger","보통","11","13","스탠다드","보드카","","하이볼","사계절","보드카 45ml (1½ oz), 오렌지 주스 90ml (3 oz), 갈리아노 15ml (½ oz)","","달콤, 묵직한, 시트러스","브런치, 파티","3","1. 하이볼에 얼음을 채운다. / 2. 보드카 45ml (1½ oz), 오렌지 주스 90ml (3 oz), 갈리아노 15ml (½ oz)를 붓는다. / 3. 오렌지 필로 가니시한다.","AUTO","0","0","0","1969년 갈리아노 리큐르 수입사 맥케슨이 갈리아노를 알리려고 서퍼 만화 캐릭터 '하비'를 내세운 광고 캠페인을 벌이면서 유명해짐.
칵테일 자체는 코네티컷주 하트퍼드의 바텐더 도나토 '듀크' 안토네가 만든 것으로 알려져 있음.","https://raw.githubusercontent.com/rlaaudgjs2/onz-cocktail-images/main/cocktail_image_file/old/onz_cocktail_Harvey_Wallbanger.webp","http://onz-cocktail.kr/uploads/glasses/onz_glasstype_highball.webp","2026-09-22 12:00:00","2026-09-22 12:00:00","vodka|liqueur","12","1","4","2","0","1","3","0","5","0","0","0","2","0","0","0","0","0","0","0","0","0","0","0","0","2","0","0","2","5","3","2","0","long","","verified","image_old","https://en.wikipedia.org/wiki/Harvey_Wallbanger"
"276","하바나 클럽 스페셜","Havana Club Special","보통","14","16","스탠다드","럼","","하이볼","여름","하바나 클럽 럼 45ml (1½ oz), 라임 ½개, 민트 6~8장, 설탕 1 tsp, 탄산수 적당량(약 90ml)","","달콤, 상큼, 탄산, 민트, 시트러스","상쾌한","5","1. 하이볼에 라임 ½개, 민트 6~8장을 넣고 머들러로 가볍게 으깬다. / 2. 하이볼에 얼음을 채운다. / 3. 하바나 클럽 럼 45ml (1½ oz), 설탕 1 tsp를 붓는다. / 4. 탄산수 적당량(약 90ml)로 채우고 바 스푼으로 가볍게 한 번 젓는다. / 5. 라임 휠로 가니시한다.","AUTO","0","0","0","onz 오리지널 레시피 (이미지 기반 추정, 검수 필요)","https://raw.githubusercontent.com/rlaaudgjs2/onz-cocktail-images/main/cocktail_image_file/old/onz_cocktail_Havana_Club_Special.webp","http://onz-cocktail.kr/uploads/glasses/onz_glasstype_highball.webp","2026-09-22 12:00:00","2026-09-22 12:00:00","rum","15","2","3","3","0","1","2","4","4","0","0","0","0","4","0","0","0","0","1","0","0","0","0","0","0","0","3","0","0","4","1","2","0","long","","needs_review","image_old",""
"277","하바나 나이트","Havana Night","보통","15","17","스탠다드","럼","","쿠페","봄","화이트 럼 45ml (1½ oz), 블루 큐라소 15ml (½ oz), 라즈베리 6~8알, 라임 주스 20ml (⅔ oz)","","달콤, 상큼, 묵직한, 베리, 시트러스","파티","4","1. 셰이커(또는 믹싱 글라스)에 라즈베리 6~8알을 넣고 가볍게 으깬다. / 2. 셰이커에 얼음과 화이트 럼 45ml (1½ oz), 블루 큐라소 15ml (½ oz), 라임 주스 20ml (⅔ oz)를 넣고 15초간 강하게 셰이킹한다. / 3. 차갑게 식힌 쿠페에 더블 스트레이닝하여 따른다. / 4. 라임 휠로 가니시한다.","AUTO","0","0","0","onz 오리지널 레시피 (이미지 기반 추정, 검수 필요)","https://raw.githubusercontent.com/rlaaudgjs2/onz-cocktail-images/main/cocktail_image_file/old/onz_cocktail_Havana_Night.webp","http://onz-cocktail.kr/uploads/glasses/onz_glasstype_coupe.webp","2026-09-22 12:00:00","2026-09-22 12:00:00","rum|liqueur","16","2","4","3","0","2","3","0","3","2","3","0","0","0","0","0","0","0","0","0","0","0","0","0","0","3","0","0","0","4","1","2","0","up","","needs_review","image_old",""
"278","허브 마티니","Herb Martini","강함","27","29","스트롱","진","","마티니","사계절","진 45ml (1½ oz), 드라이 베르무트 10ml (⅓ oz), 로즈메리·타임 1줄기","","쌉싸름, 강한, 허브","식전","3","1. 셰이커(또는 믹싱 글라스)에 로즈메리·타임 1줄기를 넣고 가볍게 으깬다. / 2. 셰이커에 얼음과 진 45ml (1½ oz), 드라이 베르무트 10ml (⅓ oz)를 넣고 15초간 강하게 셰이킹한다. / 3. 차갑게 식힌 마티니에 더블 스트레이닝하여 따른다.","AUTO","0","0","0","진(또는 보드카)과 드라이 베르무트 구조를 유지하면서 향을 더한 마티니 변형. 개별 창시자 기록은 없음.
마티니는 1860년대 샌프란시스코의 마르티네즈에서 발전했다는 설이 유력하며, 1922년경 지금의 형태가 됨.","https://raw.githubusercontent.com/rlaaudgjs2/onz-cocktail-images/main/cocktail_image_file/old/onz_cocktail_Herb_Martini.webp","http://onz-cocktail.kr/uploads/glasses/onz_glasstype_martini.webp","2026-09-22 12:00:00","2026-09-22 12:00:00","gin|fortified","28","3","1","1","3","5","2","0","0","0","0","0","5","0","0","0","0","0","0","0","0","0","3","0","0","0","0","0","0","1","1","4","0","up","","verified","image_old","https://en.wikipedia.org/wiki/Martini_(cocktail)"
"279","히비스커스 아이스티","Hibiscus Iced Tea","약함","0","0","라이트","무알코올","","하이볼","여름","히비스커스 티 120ml (4 oz), 꿀 15ml (½ oz), 레몬 주스 20ml (⅔ oz)","","달콤, 상큼, 꽃향, 베리","상쾌한, 브런치","2","1. 하이볼에 얼음을 채운다. / 2. 히비스커스 티 120ml (4 oz), 꿀 15ml (½ oz), 레몬 주스 20ml (⅔ oz)를 붓는다.","AUTO","0","0","0","히비스커스 꽃받침을 우린 차로, 서아프리카가 원산지이며 아프리카 전역에서 오래전부터 마셔 옴.
이집트·수단에서는 뜨겁게, 나이지리아·세네갈 등에서는 차갑게 즐김.","https://raw.githubusercontent.com/rlaaudgjs2/onz-cocktail-images/main/cocktail_image_file/old/onz_cocktail_Hibiscus_Iced_Tea.webp","http://onz-cocktail.kr/uploads/glasses/onz_glasstype_highball.webp","2026-09-22 12:00:00","2026-09-22 12:00:00","none","0","0","3","4","0","0","2","0","0","0","3","0","0","0","4","0","0","0","0","0","0","0","0","0","0","0","3","0","3","5","1","1","0","long","","verified","image_old","https://en.wikipedia.org/wiki/Hibiscus_tea"
"280","히비스커스 마가리타","Hibiscus Margarita","강함","19","21","스탠다드","테킬라","","마가리타","봄","테킬라 45ml (1½ oz), 히비스커스 시럽 15ml (½ oz), 트리플 섹 15ml (½ oz), 라임 주스 20ml (⅔ oz)","","달콤, 상큼, 강한, 꽃향, 시트러스, 베리","파티","3","1. 셰이커에 얼음과 테킬라 45ml (1½ oz), 히비스커스 시럽 15ml (½ oz), 트리플 섹 15ml (½ oz), 라임 주스 20ml (⅔ oz)를 넣고 15초간 강하게 셰이킹한다. / 2. 차갑게 식힌 마가리타에 걸러 따른다. / 3. 라임 휠로 가니시한다.","AUTO","0","0","0","마가리타 변형. 개별 창시자 기록은 없음.
마가리타는 1930~40년대 멕시코에서 생겼다는 여러 설이 있고 첫 레시피는 1953년 『에스콰이어』에 실림. 과일 프로즌 마가리타는 1971년 댈러스에서 마가리타 기계가 나온 뒤 퍼짐.","https://raw.githubusercontent.com/rlaaudgjs2/onz-cocktail-images/main/cocktail_image_file/old/onz_cocktail_Hibiscus_Margarita.webp","http://onz-cocktail.kr/uploads/glasses/onz_glasstype_margarita.webp","2026-09-22 12:00:00","2026-09-22 12:00:00","tequila|liqueur","20","2","4","4","0","3","2","0","4","0","3","0","0","0","4","0","0","0","0","0","0","0","0","0","0","3","0","0","0","4","2","2","0","up","","verified","image_old","https://en.wikipedia.org/wiki/Margarita"
"281","히비스커스 모히또","Hibiscus Mojito","보통","12","14","스탠다드","럼","","하이볼","여름","화이트 럼 45ml (1½ oz), 히비스커스 시럽 15ml (½ oz), 민트 6~8장, 라임 ½개, 탄산수 적당량(약 90ml)","","달콤, 상큼, 탄산, 꽃향, 민트, 시트러스","상쾌한, 파티","5","1. 하이볼에 민트 6~8장, 라임 ½개를 넣고 머들러로 가볍게 으깬다. / 2. 하이볼에 얼음을 채운다. / 3. 화이트 럼 45ml (1½ oz), 히비스커스 시럽 15ml (½ oz)를 붓는다. / 4. 탄산수 적당량(약 90ml)로 채우고 바 스푼으로 가볍게 한 번 젓는다. / 5. 라임 휠로 가니시한다.","AUTO","0","0","0","모히또 변형. 개별 창시자 기록은 없음.
모히또는 쿠바 아바나에서 사탕수수 증류주에 라임·민트를 섞은 음료에서 발전했으며, 무알코올·과일 모히또 등 변형이 많음.","https://raw.githubusercontent.com/rlaaudgjs2/onz-cocktail-images/main/cocktail_image_file/old/onz_cocktail_Hibiscus_Mojito.webp","http://onz-cocktail.kr/uploads/glasses/onz_glasstype_highball.webp","2026-09-22 12:00:00","2026-09-22 12:00:00","rum","13","1","4","4","0","1","1","4","3","0","0","0","0","4","4","0","0","0","0","0","0","0","0","0","0","2","3","0","0","5","2","2","0","long","","verified","image_old","https://en.wikipedia.org/wiki/Mojito"
"282","하이랜드 플링","Highland Fling","강함","29","31","스트롱","위스키","","쿠페","가을","스카치 위스키 45ml (1½ oz), 스위트 베르무트 20ml (⅔ oz), 오렌지 비터스 2 dashes","","강한, 묵직한, 오크·캐러멜, 허브","천천히 음미","3","1. 믹싱 글라스에 얼음과 스카치 위스키 45ml (1½ oz), 스위트 베르무트 20ml (⅔ oz), 오렌지 비터스 2 dashes를 넣는다. / 2. 20~30초간 충분히 젓는다. / 3. 차갑게 식힌 쿠페에 걸러 따른다.","AUTO","0","0","0","금주법 시대에 생긴 것으로 전해지지만 정확한 기원은 알려지지 않은 스카치·스위트 베르무트 칵테일.
단순한 조합 덕분에 오랫동안 꾸준히 마셔 온 클래식.","https://raw.githubusercontent.com/rlaaudgjs2/onz-cocktail-images/main/cocktail_image_file/old/onz_cocktail_Highland_Fling.webp","http://onz-cocktail.kr/uploads/glasses/onz_glasstype_coupe.webp","2026-09-22 12:00:00","2026-09-22 12:00:00","whiskey|fortified","30","3","2","1","2","5","4","0","0","0","0","0","3","0","0","0","0","0","4","0","0","0","0","0","0","0","0","3","0","1","1","4","0","up","","verified","image_old","https://www.diffordsguide.com/cocktails/recipe/4867/highland-fling"
"283","홋카이도 스노우","Hokkaido Snow","보통","11","13","스탠다드","사케","","록스","사계절","사케 45ml (1½ oz), 요구르트 리큐르 30ml (1 oz), 유자 주스 30ml (1 oz)","","달콤, 묵직한, 크리미","디저트","2","1. 셰이커에 얼음과 사케 45ml (1½ oz), 요구르트 리큐르 30ml (1 oz), 유자 주스 30ml (1 oz)를 넣고 15초간 강하게 셰이킹한다. / 2. 큰 얼음을 넣은 록스에 걸러 따른다.","AUTO","0","0","0","onz 오리지널 레시피 (이미지 기반 추정, 검수 필요)","https://raw.githubusercontent.com/rlaaudgjs2/onz-cocktail-images/main/cocktail_image_file/old/onz_cocktail_Hokkaido_Snow.webp","http://onz-cocktail.kr/uploads/glasses/onz_glasstype_rocks.webp","2026-09-22 12:00:00","2026-09-22 12:00:00","sake|liqueur","12","1","4","2","0","1","5","0","2","0","0","0","0","0","0","0","0","4","0","0","0","0","0","0","3","0","0","0","0","4","1","1","0","rocks","dairy","needs_review","image_old",""
"284","허니 허브 스매시","Honey Herb Smash","보통","16","18","스탠다드","진","","록스","여름","진 45ml (1½ oz), 꿀 시럽 15ml (½ oz), 레몬 주스 20ml (⅔ oz), 바질·민트 6~8장","","달콤, 상큼, 허브, 시트러스","상쾌한","4","1. 셰이커(또는 믹싱 글라스)에 바질·민트 6~8장을 넣고 가볍게 으깬다. / 2. 셰이커에 얼음과 진 45ml (1½ oz), 꿀 시럽 15ml (½ oz), 레몬 주스 20ml (⅔ oz)를 넣고 15초간 강하게 셰이킹한다. / 3. 큰 얼음을 넣은 록스에 더블 스트레이닝하여 따른다. / 4. 레몬 필로 가니시한다.","AUTO","0","0","0","onz 오리지널 레시피 (이미지 기반 추정, 검수 필요)","https://raw.githubusercontent.com/rlaaudgjs2/onz-cocktail-images/main/cocktail_image_file/old/onz_cocktail_Honey_Herb_Smash.webp","http://onz-cocktail.kr/uploads/glasses/onz_glasstype_rocks.webp","2026-09-22 12:00:00","2026-09-22 12:00:00","gin","17","2","3","3","0","2","2","0","3","0","0","0","5","0","0","0","0","0","0","0","0","0","0","0","0","0","2","0","0","4","1","2","0","rocks","","needs_review","image_old",""
"285","허니문 칵테일","Honeymoon Cocktail","강함","19","21","스탠다드","브랜디","","쿠페","가을","애플잭 45ml (1½ oz), 베네딕틴 15ml (½ oz), 오렌지 큐라소 15ml (½ oz), 레몬 주스 20ml (⅔ oz)","","달콤, 상큼, 강한, 과일향, 시트러스","파티","3","1. 셰이커에 얼음과 애플잭 45ml (1½ oz), 베네딕틴 15ml (½ oz), 오렌지 큐라소 15ml (½ oz), 레몬 주스 20ml (⅔ oz)를 넣고 15초간 강하게 셰이킹한다. / 2. 차갑게 식힌 쿠페에 걸러 따른다. / 3. 오렌지 필로 가니시한다.","AUTO","0","0","0","금주법 이전 칵테일로, 1916년 휴고 R. 엔슬린의 『Recipes for Mixed Drinks』에 베네딕틴·애플 브랜디·레몬·큐라소 레시피로 처음 실림.
1920년대 로스앤젤레스 브라운 더비 레스토랑에서 인기를 얻음.","https://raw.githubusercontent.com/rlaaudgjs2/onz-cocktail-images/main/cocktail_image_file/old/onz_cocktail_Honeymoon_Cocktail.webp","http://onz-cocktail.kr/uploads/glasses/onz_glasstype_coupe.webp","2026-09-22 12:00:00","2026-09-22 12:00:00","brandy|liqueur","20","2","4","4","0","3","2","0","3","0","0","4","2","0","0","0","0","0","0","0","0","0","0","0","0","2","0","0","0","3","1","3","0","up","","verified","image_old","https://www.diffordsguide.com/cocktails/recipe/969/honeymoon"
"286","핫 토디","Hot Toddy","보통","11","13","스탠다드","위스키","","머그","겨울","위스키 45ml (1½ oz), 꿀 15ml (½ oz), 레몬 주스 20ml (⅔ oz), 뜨거운 물 120ml (4 oz), 시나몬 스틱 1개","","달콤, 스파이시, 시트러스, 오크·캐러멜","천천히 음미","2","1. 머그를 뜨거운 물로 데운다. / 2. 위스키 45ml (1½ oz), 꿀 15ml (½ oz), 레몬 주스 20ml (⅔ oz), 뜨거운 물 120ml (4 oz), 시나몬 스틱 1개를 넣고 가볍게 젓는다.","AUTO","0","0","0","'토디(toddy)'는 인도의 야자 발효주에서 온 말로, 1786년부터 '독주에 뜨거운 물·설탕·향신료를 넣은 음료'라는 뜻으로 쓰임.
이후 의사 로버트 벤틀리 토드가 브랜디·시나몬·시럽·물을 섞은 따뜻한 음료를 처방했다는 기록도 있음.","https://raw.githubusercontent.com/rlaaudgjs2/onz-cocktail-images/main/cocktail_image_file/old/onz_cocktail_Hot_Toddy.webp","http://onz-cocktail.kr/uploads/glasses/onz_glasstype_copper_mug.webp","2026-09-22 12:00:00","2026-09-22 12:00:00","whiskey","12","1","3","2","0","2","2","0","3","0","0","0","0","0","0","4","0","0","3","0","0","0","0","0","0","0","0","3","0","4","4","2","0","hot","","verified","image_old","https://en.wikipedia.org/wiki/Hot_toddy"
"287","허드슨 밸리 펀치","Hudson Valley Punch","보통","13","15","스탠다드","위스키","","허리케인","가을","라이 위스키 45ml (1½ oz), 사과 사이다 적당량(약 90ml), 레몬 주스 20ml (⅔ oz), 메이플 15ml (½ oz)","","달콤, 상큼, 탄산, 과일향","파티","3","1. 허리케인에 얼음을 채운다. / 2. 라이 위스키 45ml (1½ oz), 레몬 주스 20ml (⅔ oz), 메이플 15ml (½ oz)를 붓는다. / 3. 사과 사이다 적당량(약 90ml)로 채우고 바 스푼으로 가볍게 한 번 젓는다.","AUTO","0","0","0","onz 오리지널 레시피 (이미지 기반 추정, 검수 필요)","https://raw.githubusercontent.com/rlaaudgjs2/onz-cocktail-images/main/cocktail_image_file/old/onz_cocktail_Hudson_Valley_Punch.webp","http://onz-cocktail.kr/uploads/glasses/onz_glasstype_hurricane.webp","2026-09-22 12:00:00","2026-09-22 12:00:00","whiskey","14","1","3","3","0","2","2","4","2","0","0","4","0","0","0","2","0","0","0","0","0","0","0","0","0","3","0","0","0","4","1","2","0","long","","needs_review","image_old",""
"288","허리케인","Hurricane","보통","17","19","스탠다드","럼","","허리케인","여름","다크 럼 30ml (1 oz), 화이트 럼 30ml (1 oz), 패션프루트 시럽 15ml (½ oz), 오렌지 주스 90ml (3 oz), 라임 주스 20ml (⅔ oz), 그레나딘 10ml (⅓ oz)","","달콤, 상큼, 묵직한, 열대과일, 시트러스","파티, 상쾌한","3","1. 허리케인에 얼음을 채운다. / 2. 다크 럼 30ml (1 oz), 화이트 럼 30ml (1 oz), 패션프루트 시럽 15ml (½ oz), 오렌지 주스 90ml (3 oz), 라임 주스 20ml (⅔ oz), 그레나딘 10ml (⅓ oz)를 붓는다. / 3. 라임 휠로 가니시한다.","AUTO","0","0","0","가장 오래된 레시피는 1935년 『올드 미스터 보스턴 바텐더 가이드』에 실린 위스키·진 버전.
지금의 럼 버전은 1940년대 뉴올리언스의 선술집 주인 팻 오브라이언이 남는 럼을 소진하려고 만들었고, 허리케인 램프 모양 잔에 담아 유명해짐.","https://raw.githubusercontent.com/rlaaudgjs2/onz-cocktail-images/main/cocktail_image_file/old/onz_cocktail_Hurricane.webp","http://onz-cocktail.kr/uploads/glasses/onz_glasstype_hurricane.webp","2026-09-22 12:00:00","2026-09-22 12:00:00","rum","18","2","4","4","0","2","4","0","3","4","0","0","0","0","0","0","0","0","0","0","0","0","0","0","0","3","2","0","0","4","4","3","0","long","","verified","image_old","https://en.wikipedia.org/wiki/Hurricane_(cocktail)"
"289","이비자 밤","Ibiza Bomb","보통","9","11","스탠다드","보드카","","록스","사계절","보드카 45ml (1½ oz), 에너지 드링크 적당량(약 90ml), 오렌지 리큐르 15ml (½ oz)","","달콤, 탄산, 시트러스","파티","5","1. 믹싱 글라스에 얼음과 보드카 45ml (1½ oz), 오렌지 리큐르 15ml (½ oz)를 넣는다. / 2. 20~30초간 충분히 젓는다. / 3. 큰 얼음을 넣은 록스에 걸러 따른다. / 4. 에너지 드링크 적당량(약 90ml)로 채운다. / 5. 오렌지 필로 가니시한다.","AUTO","0","0","0","onz 오리지널 레시피 (이미지 기반 추정, 검수 필요)","https://raw.githubusercontent.com/rlaaudgjs2/onz-cocktail-images/main/cocktail_image_file/old/onz_cocktail_Ibiza_Bomb.webp","http://onz-cocktail.kr/uploads/glasses/onz_glasstype_rocks.webp","2026-09-22 12:00:00","2026-09-22 12:00:00","vodka|liqueur","10","1","4","1","0","1","2","4","4","2","0","0","0","0","0","0","0","0","0","0","0","0","0","0","0","3","0","0","0","4","1","1","0","rocks","caffeine","needs_review","image_old",""
"290","이비자 선셋","Ibiza Sunset","보통","12","14","스탠다드","보드카","","쿠페","여름","보드카 45ml (1½ oz), 오렌지 주스 30ml (1 oz), 크랜베리 주스 30ml (1 oz), 그레나딘 10ml (⅓ oz)","","달콤, 상큼, 시트러스, 베리","파티, 상쾌한","3","1. 셰이커에 얼음과 보드카 45ml (1½ oz), 오렌지 주스 30ml (1 oz), 크랜베리 주스 30ml (1 oz), 그레나딘 10ml (⅓ oz)를 넣고 15초간 강하게 셰이킹한다. / 2. 차갑게 식힌 쿠페에 걸러 따른다. / 3. 오렌지 필로 가니시한다.","AUTO","0","0","0","onz 오리지널 레시피 (이미지 기반 추정, 검수 필요)","https://raw.githubusercontent.com/rlaaudgjs2/onz-cocktail-images/main/cocktail_image_file/old/onz_cocktail_Ibiza_Sunset.webp","http://onz-cocktail.kr/uploads/glasses/onz_glasstype_coupe.webp","2026-09-22 12:00:00","2026-09-22 12:00:00","vodka","13","1","4","3","0","1","2","0","4","0","3","0","0","0","0","0","0","0","0","0","0","0","0","0","0","3","2","0","0","5","1","1","0","up","","needs_review","image_old",""
"291","이파네마","Ipanema","약함","0","0","라이트","무알코올","","하이볼","여름","진저 에일 적당량(약 90ml), 라임 주스 20ml (⅔ oz), 설탕 1 tsp, 패션프루트 퓌레 90ml (3 oz)","","달콤, 상큼, 탄산, 시트러스","상쾌한, 브런치","4","1. 하이볼에 얼음을 채운다. / 2. 라임 주스 20ml (⅔ oz), 설탕 1 tsp, 패션프루트 퓌레 90ml (3 oz)를 붓는다. / 3. 진저 에일 적당량(약 90ml)로 채우고 바 스푼으로 가볍게 한 번 젓는다. / 4. 라임 휠로 가니시한다.","AUTO","0","0","0","술 없이 칵테일처럼 만든 목테일. 개별 창시자 기록은 없음.
무알코올 혼합 음료는 제리 토머스의 1862년 『바텐더 가이드』에 '금주 음료'로 실렸고, '목테일'이라는 말은 1916년에 처음 기록됨.","https://raw.githubusercontent.com/rlaaudgjs2/onz-cocktail-images/main/cocktail_image_file/old/onz_cocktail_Ipanema.webp","http://onz-cocktail.kr/uploads/glasses/onz_glasstype_highball.webp","2026-09-22 12:00:00","2026-09-22 12:00:00","none","0","0","3","4","0","0","1","4","5","0","0","0","0","2","0","0","0","0","0","0","0","0","0","0","0","0","3","0","2","5","2","1","0","long","","verified","image_old","https://en.wikipedia.org/wiki/Mocktail"
"292","아이리시 크림 소다","Irish Cream Soda","약함","5","7","라이트","리큐르","","하이볼","사계절","아이리시 크림 45ml (1½ oz), 크림 소다 적당량(약 90ml)","","달콤, 묵직한, 탄산, 크리미","디저트","3","1. 하이볼에 얼음을 채운다. / 2. 아이리시 크림 45ml (1½ oz)를 붓는다. / 3. 크림 소다 적당량(약 90ml)로 채우고 바 스푼으로 가볍게 한 번 젓는다.","AUTO","0","0","0","onz 오리지널 레시피 (이미지 기반 추정, 검수 필요)","https://raw.githubusercontent.com/rlaaudgjs2/onz-cocktail-images/main/cocktail_image_file/old/onz_cocktail_Irish_Cream_Soda.webp","http://onz-cocktail.kr/uploads/glasses/onz_glasstype_highball.webp","2026-09-22 12:00:00","2026-09-22 12:00:00","liqueur","6","0","5","0","0","0","4","3","0","0","0","0","0","0","0","0","2","4","0","0","0","0","0","0","2","0","1","0","0","4","1","1","0","long","dairy","needs_review","image_old",""
"293","아이리시 뮬","Irish Mule","보통","11","13","스탠다드","위스키","","구리 머그","여름","아이리시 위스키 45ml (1½ oz), 진저 비어 적당량(약 90ml), 라임 주스 20ml (⅔ oz)","","달콤, 탄산, 스파이시, 시트러스","상쾌한, 파티","4","1. 구리 머그에 얼음을 채운다. / 2. 아이리시 위스키 45ml (1½ oz), 라임 주스 20ml (⅔ oz)를 붓는다. / 3. 진저 비어 적당량(약 90ml)로 채우고 바 스푼으로 가볍게 한 번 젓는다. / 4. 라임 휠로 가니시한다.","AUTO","0","0","0","모스코 뮬의 보드카를 다른 술로 바꾼 뮬 계열 칵테일. 개별 창시자 기록은 없음.
모스코 뮬은 1941년 뉴욕 채텀 호텔에서 진저 비어·보드카 업체 대표들이 판촉을 위해 만듦.","https://raw.githubusercontent.com/rlaaudgjs2/onz-cocktail-images/main/cocktail_image_file/old/onz_cocktail_Irish_Mule.webp","http://onz-cocktail.kr/uploads/glasses/onz_glasstype_copper_mug.webp","2026-09-22 12:00:00","2026-09-22 12:00:00","whiskey","12","1","3","2","0","2","2","4","3","0","0","0","0","0","0","4","0","0","2","0","0","0","0","0","0","2","2","0","0","5","2","2","0","long","","verified","image_old","https://en.wikipedia.org/wiki/Moscow_mule"
"294","아이리시 로즈","Irish Rose","보통","14","16","스탠다드","위스키","","하이볼","봄","아이리시 위스키 45ml (1½ oz), 그레나딘 10ml (⅓ oz), 레몬 주스 20ml (⅔ oz), 탄산수 적당량(약 90ml)","","달콤, 상큼, 탄산, 베리, 시트러스","파티","4","1. 하이볼에 얼음을 채운다. / 2. 아이리시 위스키 45ml (1½ oz), 그레나딘 10ml (⅓ oz), 레몬 주스 20ml (⅔ oz)를 붓는다. / 3. 탄산수 적당량(약 90ml)로 채우고 바 스푼으로 가볍게 한 번 젓는다. / 4. 레몬 필로 가니시한다.","AUTO","0","0","0","문헌으로 확인되는 유래 기록을 찾지 못함.","https://raw.githubusercontent.com/rlaaudgjs2/onz-cocktail-images/main/cocktail_image_file/old/onz_cocktail_Irish_Rose.webp","http://onz-cocktail.kr/uploads/glasses/onz_glasstype_highball.webp","2026-09-22 12:00:00","2026-09-22 12:00:00","whiskey","15","2","4","3","0","1","2","4","3","0","3","0","0","0","0","0","0","0","1","0","0","0","0","0","0","2","0","0","0","4","1","2","0","long","","verified","image_old",""
"295","아이리시 유스","Irish Youth","보통","17","19","스탠다드","위스키","","쿠페","가을","아이리시 위스키 45ml (1½ oz), 오렌지 주스 30ml (1 oz), 레몬 주스 20ml (⅔ oz), 꿀 15ml (½ oz)","","달콤, 상큼, 묵직한, 시트러스, 오크·캐러멜","천천히 음미","3","1. 셰이커에 얼음과 아이리시 위스키 45ml (1½ oz), 오렌지 주스 30ml (1 oz), 레몬 주스 20ml (⅔ oz), 꿀 15ml (½ oz)를 넣고 15초간 강하게 셰이킹한다. / 2. 차갑게 식힌 쿠페에 걸러 따른다. / 3. 오렌지 필로 가니시한다.","AUTO","0","0","0","onz 오리지널 레시피 (이미지 기반 추정, 검수 필요)","https://raw.githubusercontent.com/rlaaudgjs2/onz-cocktail-images/main/cocktail_image_file/old/onz_cocktail_Irish_Youth.webp","http://onz-cocktail.kr/uploads/glasses/onz_glasstype_coupe.webp","2026-09-22 12:00:00","2026-09-22 12:00:00","whiskey","18","2","3","3","0","2","3","0","3","0","0","0","0","0","0","0","0","0","3","0","0","0","0","0","0","0","0","2","0","3","1","1","0","up","","needs_review","image_old",""
"296","이탈리안 쿨러","Italian Cooler","약함","7","9","라이트","리큐르","","와인 글라스","여름","아페롤(또는 캄파리) 45ml (1½ oz), 화이트 와인 90ml (3 oz), 오렌지 필, 탄산수 적당량(약 90ml)","","달콤, 탄산, 시트러스, 허브","식전, 상쾌한","4","1. 와인 글라스에 얼음을 채운다. / 2. 아페롤(또는 캄파리) 45ml (1½ oz), 화이트 와인 90ml (3 oz)를 붓는다. / 3. 탄산수 적당량(약 90ml)로 채우고 바 스푼으로 가볍게 한 번 젓는다. / 4. 오렌지 필로 가니시한다.","AUTO","0","0","0","onz 오리지널 레시피 (이미지 기반 추정, 검수 필요)","https://raw.githubusercontent.com/rlaaudgjs2/onz-cocktail-images/main/cocktail_image_file/old/onz_cocktail_Italian_Cooler.webp","http://onz-cocktail.kr/uploads/glasses/onz_glasstype_wine_glass.webp","2026-09-22 12:00:00","2026-09-22 12:00:00","liqueur|wine","8","1","3","2","2","1","1","4","4","0","0","0","3","0","0","0","0","0","0","0","0","0","3","0","0","0","2","0","0","4","1","2","0","long","","needs_review","image_old",""
"297","잭 로즈","Jack Rose","강함","19","21","스탠다드","브랜디","","쿠페","가을","애플잭 45ml (1½ oz), 라임 주스 20ml (⅔ oz), 그레나딘 10ml (⅓ oz)","","달콤, 상큼, 강한, 과일향, 베리, 시트러스","식전","3","1. 셰이커에 얼음과 애플잭 45ml (1½ oz), 라임 주스 20ml (⅔ oz), 그레나딘 10ml (⅓ oz)를 넣고 15초간 강하게 셰이킹한다. / 2. 차갑게 식힌 쿠페에 걸러 따른다. / 3. 라임 휠로 가니시한다.","AUTO","0","0","0","1905년 『내셔널 폴리스 가제트』는 뉴저지의 바텐더 프랭크 J. 메이를 창시자로 소개함.
이름은 애플잭(Applejack)에 그레나딘의 장밋빛(Rose)을 합친 말이라는 설이 가장 유력함.","https://raw.githubusercontent.com/rlaaudgjs2/onz-cocktail-images/main/cocktail_image_file/old/onz_cocktail_Jack_Rose.webp","http://onz-cocktail.kr/uploads/glasses/onz_glasstype_coupe.webp","2026-09-22 12:00:00","2026-09-22 12:00:00","brandy","20","2","4","4","0","3","2","0","3","0","3","4","0","0","0","0","0","0","0","0","0","0","2","0","0","1","0","0","0","3","3","3","0","up","","verified","image_old","https://en.wikipedia.org/wiki/Jack_Rose_(cocktail)"
"298","자카르타 선셋","Jakarta Sunset","보통","13","15","스탠다드","럼","","쿠페","여름","화이트 럼 45ml (1½ oz), 망고 주스 30ml (1 oz), 라임 주스 20ml (⅔ oz), 그레나딘 10ml (⅓ oz)","","달콤, 상큼, 열대과일","상쾌한","2","1. 셰이커에 얼음과 화이트 럼 45ml (1½ oz), 망고 주스 30ml (1 oz), 라임 주스 20ml (⅔ oz), 그레나딘 10ml (⅓ oz)를 넣고 15초간 강하게 셰이킹한다. / 2. 차갑게 식힌 쿠페에 걸러 따른다.","AUTO","0","0","0","onz 오리지널 레시피 (이미지 기반 추정, 검수 필요)","https://raw.githubusercontent.com/rlaaudgjs2/onz-cocktail-images/main/cocktail_image_file/old/onz_cocktail_Jakarta_Sunset.webp","http://onz-cocktail.kr/uploads/glasses/onz_glasstype_coupe.webp","2026-09-22 12:00:00","2026-09-22 12:00:00","rum","14","1","4","3","0","1","2","0","0","4","2","0","0","1","0","0","0","0","0","0","0","0","0","0","0","0","3","0","0","5","1","1","0","up","","needs_review","image_old",""
"299","자메이카 플런더","Jamaica Plunder","강함","19","21","스탠다드","럼","","록스","가을","자메이카 다크 럼 45ml (1½ oz), 올스파이스 드램 10ml (⅓ oz), 라임 주스 20ml (⅔ oz), 설탕 1 tsp","","달콤, 강한, 묵직한, 오크·캐러멜, 스파이시","천천히 음미","2","1. 셰이커에 얼음과 자메이카 다크 럼 45ml (1½ oz), 올스파이스 드램 10ml (⅓ oz), 라임 주스 20ml (⅔ oz), 설탕 1 tsp를 넣고 15초간 강하게 셰이킹한다. / 2. 큰 얼음을 넣은 록스에 걸러 따른다.","AUTO","0","0","0","onz 오리지널 레시피 (이미지 기반 추정, 검수 필요)","https://raw.githubusercontent.com/rlaaudgjs2/onz-cocktail-images/main/cocktail_image_file/old/onz_cocktail_Jamaica_Plunder.webp","http://onz-cocktail.kr/uploads/glasses/onz_glasstype_rocks.webp","2026-09-22 12:00:00","2026-09-22 12:00:00","rum","20","2","3","2","1","3","4","0","0","0","0","0","0","1","0","3","0","0","4","0","0","0","0","0","0","0","0","2","0","2","1","2","0","rocks","","needs_review","image_old",""
"300","자메이카 스톰","Jamaica Storm","보통","16","18","스탠다드","럼","","쿠페","여름","자메이카 럼 45ml (1½ oz), 진저 비어 적당량(약 90ml), 라임 주스 20ml (⅔ oz)","","달콤, 탄산, 스파이시, 오크·캐러멜","상쾌한, 파티","3","1. 셰이커에 얼음과 자메이카 럼 45ml (1½ oz), 라임 주스 20ml (⅔ oz)를 넣고 15초간 강하게 셰이킹한다. / 2. 차갑게 식힌 쿠페에 걸러 따른다. / 3. 진저 비어 적당량(약 90ml)로 채운다.","AUTO","0","0","0","onz 오리지널 레시피 (이미지 기반 추정, 검수 필요)","https://raw.githubusercontent.com/rlaaudgjs2/onz-cocktail-images/main/cocktail_image_file/old/onz_cocktail_Jamaica_Storm.webp","http://onz-cocktail.kr/uploads/glasses/onz_glasstype_coupe.webp","2026-09-22 12:00:00","2026-09-22 12:00:00","rum","17","2","3","2","0","2","2","4","2","0","0","0","0","0","0","5","0","0","3","0","0","0","0","0","0","2","2","0","0","4","1","2","0","up","","needs_review","image_old",""
"301","자스민 마티니","Jasmine Martini","강함","21","23","스탠다드","진","","마티니","봄","진 45ml (1½ oz), 자스민 티 시럽 15ml (½ oz), 레몬 주스 20ml (⅔ oz), 트리플 섹 15ml (½ oz)","","달콤, 상큼, 강한, 꽃향, 시트러스","식전","3","1. 셰이커에 얼음과 진 45ml (1½ oz), 자스민 티 시럽 15ml (½ oz), 레몬 주스 20ml (⅔ oz), 트리플 섹 15ml (½ oz)를 넣고 15초간 강하게 셰이킹한다. / 2. 차갑게 식힌 마티니에 걸러 따른다. / 3. 레몬 필로 가니시한다.","AUTO","0","0","0","마티니 잔에 담는 현대식 '~티니' 칵테일. 개별 창시자 기록은 없음.
1980년대부터 마티니 잔에 담은 칵테일에 마티니라는 이름을 붙이는 유행이 생겼고, 전통 마티니와는 다른 스타일임.","https://raw.githubusercontent.com/rlaaudgjs2/onz-cocktail-images/main/cocktail_image_file/old/onz_cocktail_Jasmine_Martini.webp","http://onz-cocktail.kr/uploads/glasses/onz_glasstype_martini.webp","2026-09-22 12:00:00","2026-09-22 12:00:00","gin|liqueur","22","2","3","3","0","3","2","0","3","0","0","0","0","0","5","0","0","0","0","0","0","0","2","0","0","0","0","0","0","3","1","3","0","up","caffeine","verified","image_old","https://en.wikipedia.org/wiki/Martini_(cocktail)"
"302","자스민 사케","Jasmine Sake","보통","9","11","스탠다드","사케","","쿠페","봄","사케 45ml (1½ oz), 자스민 티 60ml (2 oz), 꿀 15ml (½ oz)","","꽃향","식사와 함께, 식전","2","1. 셰이커에 얼음과 사케 45ml (1½ oz), 자스민 티 60ml (2 oz), 꿀 15ml (½ oz)를 넣고 15초간 강하게 셰이킹한다. / 2. 차갑게 식힌 쿠페에 걸러 따른다.","AUTO","0","0","0","onz 오리지널 레시피 (이미지 기반 추정, 검수 필요)","https://raw.githubusercontent.com/rlaaudgjs2/onz-cocktail-images/main/cocktail_image_file/old/onz_cocktail_Jasmine_Sake.webp","http://onz-cocktail.kr/uploads/glasses/onz_glasstype_coupe.webp","2026-09-22 12:00:00","2026-09-22 12:00:00","sake","10","1","2","2","0","1","2","0","0","0","0","0","1","0","4","0","0","0","0","0","0","0","2","3","0","0","0","0","0","4","1","1","0","up","caffeine","needs_review","image_old",""
"303","재즈","Jazz","강함","23","25","스탠다드","위스키","","쿠페","가을","버번 45ml (1½ oz), 오렌지 리큐르 15ml (½ oz), 아마로 15ml (½ oz), 레몬 주스 20ml (⅔ oz)","","달콤, 강한, 묵직한, 오크·캐러멜","천천히 음미","2","1. 셰이커에 얼음과 버번 45ml (1½ oz), 오렌지 리큐르 15ml (½ oz), 아마로 15ml (½ oz), 레몬 주스 20ml (⅔ oz)를 넣고 15초간 강하게 셰이킹한다. / 2. 차갑게 식힌 쿠페에 걸러 따른다.","AUTO","0","0","0","onz 오리지널 레시피 (이미지 기반 추정, 검수 필요)","https://raw.githubusercontent.com/rlaaudgjs2/onz-cocktail-images/main/cocktail_image_file/old/onz_cocktail_Jazz.webp","http://onz-cocktail.kr/uploads/glasses/onz_glasstype_coupe.webp","2026-09-22 12:00:00","2026-09-22 12:00:00","whiskey|liqueur","24","2","3","2","1","4","3","0","2","0","0","0","2","0","0","0","0","0","3","0","0","0","0","0","0","0","0","3","0","2","1","2","0","up","","needs_review","image_old",""
"304","제주 칵테일","Jeju Cocktail","보통","9","11","스탠다드","소주","","하이볼","여름","소주 45ml (1½ oz), 감귤 주스 90ml (3 oz), 레몬 주스 20ml (⅔ oz), 탄산수 적당량(약 90ml)","","달콤, 상큼, 탄산, 시트러스","상쾌한, 파티","4","1. 하이볼에 얼음을 채운다. / 2. 소주 45ml (1½ oz), 감귤 주스 90ml (3 oz), 레몬 주스 20ml (⅔ oz)를 붓는다. / 3. 탄산수 적당량(약 90ml)로 채우고 바 스푼으로 가볍게 한 번 젓는다. / 4. 레몬 필로 가니시한다.","AUTO","0","0","0","onz 오리지널 레시피 (이미지 기반 추정, 검수 필요)","https://raw.githubusercontent.com/rlaaudgjs2/onz-cocktail-images/main/cocktail_image_file/old/onz_cocktail_Jeju_Cocktail.webp","http://onz-cocktail.kr/uploads/glasses/onz_glasstype_highball.webp","2026-09-22 12:00:00","2026-09-22 12:00:00","soju","10","1","4","3","0","1","1","4","5","0","0","0","1","0","0","0","0","0","0","0","0","0","0","0","0","2","3","0","0","5","2","1","0","long","","needs_review","image_old",""
"305","지거 럼","Jigger Rum","강함","19","21","스탠다드","럼","","록스","여름","골드 럼 45ml (1½ oz), 오렌지 주스 30ml (1 oz), 라임 주스 20ml (⅔ oz), 설탕 1 tsp","","달콤, 상큼, 강한, 묵직한, 시트러스","상쾌한","3","1. 셰이커에 얼음과 골드 럼 45ml (1½ oz), 오렌지 주스 30ml (1 oz), 라임 주스 20ml (⅔ oz), 설탕 1 tsp를 넣고 15초간 강하게 셰이킹한다. / 2. 큰 얼음을 넣은 록스에 걸러 따른다. / 3. 라임 휠로 가니시한다.","AUTO","0","0","0","onz 오리지널 레시피 (이미지 기반 추정, 검수 필요)","https://raw.githubusercontent.com/rlaaudgjs2/onz-cocktail-images/main/cocktail_image_file/old/onz_cocktail_Jigger_Rum.webp","http://onz-cocktail.kr/uploads/glasses/onz_glasstype_rocks.webp","2026-09-22 12:00:00","2026-09-22 12:00:00","rum","20","2","3","3","0","3","3","0","3","2","0","0","0","0","0","0","0","0","2","0","0","0","0","0","0","0","2","0","0","3","1","2","0","rocks","","needs_review","image_old",""
"306","켄터키 벅","Kentucky Buck","보통","13","15","스탠다드","위스키","","하이볼","여름","버번 45ml (1½ oz), 딸기 3~4개, 레몬 주스 20ml (⅔ oz), 진저 비어 적당량(약 90ml)","","달콤, 상큼, 탄산, 베리, 스파이시, 시트러스","상쾌한, 파티","5","1. 하이볼에 딸기 3~4개를 넣고 머들러로 가볍게 으깬다. / 2. 하이볼에 얼음을 채운다. / 3. 버번 45ml (1½ oz), 레몬 주스 20ml (⅔ oz)를 붓는다. / 4. 진저 비어 적당량(약 90ml)로 채우고 바 스푼으로 가볍게 한 번 젓는다. / 5. 레몬 필로 가니시한다.","AUTO","0","0","0","진저 에일(또는 진저 비어)에 시트러스와 술을 섞는 벅 계열 칵테일. 개별 창시자 기록은 없음.
무알코올 음료 '호스스 넥'에 위스키를 넣어 '킥'을 준 데서 뛰는 말(buck)이라는 이름이 붙음.","https://raw.githubusercontent.com/rlaaudgjs2/onz-cocktail-images/main/cocktail_image_file/old/onz_cocktail_Kentucky_Buck.webp","http://onz-cocktail.kr/uploads/glasses/onz_glasstype_highball.webp","2026-09-22 12:00:00","2026-09-22 12:00:00","whiskey","14","1","4","3","0","2","2","4","3","0","4","0","0","0","0","4","0","0","0","0","0","0","0","0","0","2","2","0","0","4","2","3","0","long","","verified","image_old","https://en.wikipedia.org/wiki/Buck_(cocktail)"
"307","켄터키 뮬","Kentucky Mule","보통","12","14","스탠다드","위스키","","구리 머그","여름","버번 45ml (1½ oz), 진저 비어 적당량(약 90ml), 라임 주스 20ml (⅔ oz)","","달콤, 탄산, 스파이시, 오크·캐러멜","상쾌한, 파티","3","1. 구리 머그에 얼음을 채운다. / 2. 버번 45ml (1½ oz), 라임 주스 20ml (⅔ oz)를 붓는다. / 3. 진저 비어 적당량(약 90ml)로 채우고 바 스푼으로 가볍게 한 번 젓는다.","AUTO","0","0","0","모스코 뮬의 보드카를 다른 술로 바꾼 뮬 계열 칵테일. 개별 창시자 기록은 없음.
모스코 뮬은 1941년 뉴욕 채텀 호텔에서 진저 비어·보드카 업체 대표들이 판촉을 위해 만듦.","https://raw.githubusercontent.com/rlaaudgjs2/onz-cocktail-images/main/cocktail_image_file/old/onz_cocktail_Kentucky_Mule.webp","http://onz-cocktail.kr/uploads/glasses/onz_glasstype_copper_mug.webp","2026-09-22 12:00:00","2026-09-22 12:00:00","whiskey","13","1","3","2","0","2","2","4","2","0","0","0","0","0","0","4","0","0","3","0","0","0","0","0","0","2","2","0","0","5","3","2","0","long","","verified","image_old","https://en.wikipedia.org/wiki/Moscow_mule"
"308","켄터키 오크","Kentucky Oak","강함","27","29","스트롱","위스키","","록스","가을","버번 45ml (1½ oz), 메이플 시럽 15ml (½ oz), 오렌지 비터스 2 dashes, 월넛 비터스 2 dashes","","달콤, 강한, 묵직한, 오크·캐러멜","천천히 음미","2","1. 셰이커에 얼음과 버번 45ml (1½ oz), 메이플 시럽 15ml (½ oz), 오렌지 비터스 2 dashes, 월넛 비터스 2 dashes를 넣고 15초간 강하게 셰이킹한다. / 2. 큰 얼음을 넣은 록스에 걸러 따른다.","AUTO","0","0","0","onz 오리지널 레시피 (이미지 기반 추정, 검수 필요)","https://raw.githubusercontent.com/rlaaudgjs2/onz-cocktail-images/main/cocktail_image_file/old/onz_cocktail_Kentucky_Oak.webp","http://onz-cocktail.kr/uploads/glasses/onz_glasstype_rocks.webp","2026-09-22 12:00:00","2026-09-22 12:00:00","whiskey","28","3","3","0","2","5","4","0","0","0","0","0","0","0","0","2","0","0","5","0","0","0","0","0","0","0","0","3","0","1","1","2","0","rocks","","needs_review","image_old",""
"309","킬티드 요크","Kilted York","강함","25","27","스트롱","위스키","","쿠페","가을","스카치 위스키 45ml (1½ oz), 드람뷔 15ml (½ oz), 레몬 주스 20ml (⅔ oz)","","달콤, 강한, 묵직한, 오크·캐러멜","천천히 음미","2","1. 셰이커에 얼음과 스카치 위스키 45ml (1½ oz), 드람뷔 15ml (½ oz), 레몬 주스 20ml (⅔ oz)를 넣고 15초간 강하게 셰이킹한다. / 2. 차갑게 식힌 쿠페에 걸러 따른다.","AUTO","0","0","0","onz 오리지널 레시피 (이미지 기반 추정, 검수 필요)","https://raw.githubusercontent.com/rlaaudgjs2/onz-cocktail-images/main/cocktail_image_file/old/onz_cocktail_Kilted_York.webp","http://onz-cocktail.kr/uploads/glasses/onz_glasstype_coupe.webp","2026-09-22 12:00:00","2026-09-22 12:00:00","whiskey|liqueur","26","3","3","2","1","4","3","0","2","0","0","0","2","0","0","0","0","0","3","2","0","0","0","0","0","0","0","3","0","1","1","4","0","up","","needs_review","image_old",""
"310","키르 로얄","Kir Royale","보통","11","13","스탠다드","와인","","플루트","봄","샴페인 90ml (3 oz), 크렘 드 카시스 15ml (½ oz)","","달콤, 탄산, 베리","식전, 파티","3","1. 믹싱 글라스에 얼음과 샴페인 90ml (3 oz), 크렘 드 카시스 15ml (½ oz)를 넣는다. / 2. 20~30초간 충분히 젓는다. / 3. 차갑게 식힌 플루트에 걸러 따른다.","AUTO","0","0","0","키르는 2차 대전 이후 프랑스 디종 시장 펠릭스 키르(1876~1968)가 외빈 접대 자리에서 대접하며 널리 알려진 칵테일.
키르 로얄은 키르의 화이트 와인을 샴페인으로 바꾼 변형.","https://raw.githubusercontent.com/rlaaudgjs2/onz-cocktail-images/main/cocktail_image_file/old/onz_cocktail_Kir_Royale.webp","http://onz-cocktail.kr/uploads/glasses/onz_glasstype_flute.webp","2026-09-22 12:00:00","2026-09-22 12:00:00","sparkling|liqueur","12","1","3","1","0","0","2","4","0","0","5","0","0","0","0","0","0","0","0","0","0","0","3","0","0","3","0","0","0","5","4","2","0","up","","verified","image_old","https://en.wikipedia.org/wiki/Kir_(cocktail)"
"311","쿨에이드","Kool Aid","보통","11","13","스탠다드","보드카","","록스","봄","보드카 45ml (1½ oz), 멜론 리큐르 15ml (½ oz), 아마레또 15ml (½ oz), 크랜베리 주스 30ml (1 oz)","","달콤, 상큼, 묵직한, 베리","파티","2","1. 셰이커에 얼음과 보드카 45ml (1½ oz), 멜론 리큐르 15ml (½ oz), 아마레또 15ml (½ oz), 크랜베리 주스 30ml (1 oz)를 넣고 15초간 강하게 셰이킹한다. / 2. 큰 얼음을 넣은 록스에 걸러 따른다.","AUTO","0","0","0","문헌으로 확인되는 유래 기록을 찾지 못함.","https://raw.githubusercontent.com/rlaaudgjs2/onz-cocktail-images/main/cocktail_image_file/old/onz_cocktail_Kool_Aid.webp","http://onz-cocktail.kr/uploads/glasses/onz_glasstype_rocks.webp","2026-09-22 12:00:00","2026-09-22 12:00:00","vodka|liqueur","12","1","5","3","0","1","3","0","0","2","4","2","0","0","0","0","0","0","0","0","0","0","0","0","0","3","0","0","0","5","2","1","0","rocks","","verified","image_old",""
"312","교토 가든","Kyoto Garden","보통","13","15","스페셜","사케","","쿠페","봄","사케 30ml (1 oz), 진 30ml (1 oz), 녹차 시럽 15ml (½ oz), 유자 주스 30ml (1 oz)","","허브, 꽃향","식전, 식사와 함께","2","1. 셰이커에 얼음과 사케 30ml (1 oz), 진 30ml (1 oz), 녹차 시럽 15ml (½ oz), 유자 주스 30ml (1 oz)를 넣고 15초간 강하게 셰이킹한다. / 2. 차갑게 식힌 쿠페에 걸러 따른다.","AUTO","0","0","0","onz 오리지널 레시피 (이미지 기반 추정, 검수 필요)","https://raw.githubusercontent.com/rlaaudgjs2/onz-cocktail-images/main/cocktail_image_file/old/onz_cocktail_Kyoto_Garden.webp","http://onz-cocktail.kr/uploads/glasses/onz_glasstype_coupe.webp","2026-09-22 12:00:00","2026-09-22 12:00:00","sake|gin","14","1","2","2","1","2","2","0","2","0","0","0","4","0","3","0","0","0","0","0","0","0","2","2","0","0","0","0","0","3","1","4","0","up","caffeine","needs_review","image_old",""
"313","라벤더 레모네이드 칵테일","Lavender Lemonade Cocktail","보통","9","11","스탠다드","보드카","","하이볼","여름","보드카 45ml (1½ oz), 라벤더 시럽 15ml (½ oz), 레몬 주스 20ml (⅔ oz), 탄산수 적당량(약 90ml)","","달콤, 상큼, 탄산, 꽃향, 시트러스","상쾌한, 브런치","4","1. 하이볼에 얼음을 채운다. / 2. 보드카 45ml (1½ oz), 라벤더 시럽 15ml (½ oz), 레몬 주스 20ml (⅔ oz)를 붓는다. / 3. 탄산수 적당량(약 90ml)로 채우고 바 스푼으로 가볍게 한 번 젓는다. / 4. 레몬 필로 가니시한다.","AUTO","0","0","0","과일즙에 물이나 탄산수, 단맛을 더한 레모네이드·에이드 계열 음료. 개별 창시자 기록은 없음.
레몬 음료는 12세기 이집트의 궁정 의사 이븐 주마이의 기록까지 거슬러 올라감.","https://raw.githubusercontent.com/rlaaudgjs2/onz-cocktail-images/main/cocktail_image_file/old/onz_cocktail_Lavender_Lemonade_Cocktail.webp","http://onz-cocktail.kr/uploads/glasses/onz_glasstype_highball.webp","2026-09-22 12:00:00","2026-09-22 12:00:00","vodka","10","1","4","4","0","1","1","4","5","0","0","0","0","0","5","0","0","0","0","0","0","0","0","0","0","0","3","0","2","5","2","1","0","long","","verified","image_old","https://en.wikipedia.org/wiki/Lemonade"
"314","라벤더 마티니","Lavender Martini","강함","23","25","스탠다드","진","","마티니","봄","진 45ml (1½ oz), 라벤더 시럽 15ml (½ oz), 레몬 주스 20ml (⅔ oz)","","달콤, 상큼, 강한, 꽃향, 시트러스","식전","3","1. 셰이커에 얼음과 진 45ml (1½ oz), 라벤더 시럽 15ml (½ oz), 레몬 주스 20ml (⅔ oz)를 넣고 15초간 강하게 셰이킹한다. / 2. 차갑게 식힌 마티니에 걸러 따른다. / 3. 레몬 필로 가니시한다.","AUTO","0","0","0","마티니 잔에 담는 현대식 '~티니' 칵테일. 개별 창시자 기록은 없음.
1980년대부터 마티니 잔에 담은 칵테일에 마티니라는 이름을 붙이는 유행이 생겼고, 전통 마티니와는 다른 스타일임.","https://raw.githubusercontent.com/rlaaudgjs2/onz-cocktail-images/main/cocktail_image_file/old/onz_cocktail_Lavender_Martini.webp","http://onz-cocktail.kr/uploads/glasses/onz_glasstype_martini.webp","2026-09-22 12:00:00","2026-09-22 12:00:00","gin","24","2","3","3","0","3","2","0","3","0","0","0","0","0","5","0","0","0","0","0","0","0","2","0","0","0","0","0","0","3","1","3","0","up","","verified","image_old","https://en.wikipedia.org/wiki/Martini_(cocktail)"
"315","르 그랑 마티니","Le Grand Martini","강함","25","27","스트롱","보드카","","마티니","사계절","보드카 45ml (1½ oz), 그랑 마니에르 15ml (½ oz), 드라이 베르무트 20ml (⅔ oz)","","달콤, 강한, 묵직한, 시트러스","식전","4","1. 믹싱 글라스에 얼음과 보드카 45ml (1½ oz), 그랑 마니에르 15ml (½ oz), 드라이 베르무트 20ml (⅔ oz)를 넣는다. / 2. 20~30초간 충분히 젓는다. / 3. 차갑게 식힌 마티니에 걸러 따른다. / 4. 레몬 필로 가니시한다.","AUTO","0","0","0","onz 오리지널 레시피 (이미지 기반 추정, 검수 필요)","https://raw.githubusercontent.com/rlaaudgjs2/onz-cocktail-images/main/cocktail_image_file/old/onz_cocktail_Le_Grand_Martini.webp","http://onz-cocktail.kr/uploads/glasses/onz_glasstype_martini.webp","2026-09-22 12:00:00","2026-09-22 12:00:00","vodka|liqueur","26","3","3","1","1","4","3","0","4","0","0","0","2","0","0","0","0","0","0","0","0","0","2","0","0","0","0","0","0","2","1","2","0","up","","needs_review","image_old",""
"316","리마 사워","Lima Sour","보통","17","19","스탠다드","피스코","","쿠페","사계절","피스코 45ml (1½ oz), 라임 주스 20ml (⅔ oz), 설탕 시럽 15ml (½ oz), 계란 흰자 1개분, 비터스 2 dashes","","달콤, 상큼, 묵직한, 시트러스","식전, 식사와 함께","4","1. 셰이커에 피스코 45ml (1½ oz), 라임 주스 20ml (⅔ oz), 설탕 시럽 15ml (½ oz), 계란 흰자 1개분, 비터스 2 dashes를 넣고 얼음 없이 10초간 드라이 셰이킹한다. / 2. 얼음을 넣고 15초간 다시 강하게 셰이킹한다. / 3. 차갑게 식힌 쿠페에 걸러 따른다. / 4. 라임 휠로 가니시한다.","AUTO","0","0","0","리마에서 탄생한 피스코 사워 스타일의 칵테일.
피스코 사워는 1920년대 초 페루 리마에서 미국인 바텐더 빅터 모리스가 위스키 사워를 변형해 만들었고, 1920년대 후반 마리오 브뤼제가 계란 흰자와 비터스를 더해 지금의 형태가 됨.","https://raw.githubusercontent.com/rlaaudgjs2/onz-cocktail-images/main/cocktail_image_file/old/onz_cocktail_Lima_Sour.webp","http://onz-cocktail.kr/uploads/glasses/onz_glasstype_coupe.webp","2026-09-22 12:00:00","2026-09-22 12:00:00","pisco","18","2","3","4","0","2","3","0","5","0","0","0","1","0","0","0","0","0","0","0","0","0","2","2","0","0","0","0","0","4","2","3","0","up","egg","verified","image_old","https://en.wikipedia.org/wiki/Pisco_sour"
"317","라임 바질 마가리타","Lime Basil Margarita","강함","19","21","스탠다드","테킬라","","록스","여름","테킬라 45ml (1½ oz), 바질 6~8장, 트리플 섹 15ml (½ oz), 라임 주스 20ml (⅔ oz)","","달콤, 상큼, 강한, 시트러스, 허브","상쾌한, 파티","4","1. 셰이커(또는 믹싱 글라스)에 바질 6~8장을 넣고 가볍게 으깬다. / 2. 셰이커에 얼음과 테킬라 45ml (1½ oz), 트리플 섹 15ml (½ oz), 라임 주스 20ml (⅔ oz)를 넣고 15초간 강하게 셰이킹한다. / 3. 큰 얼음을 넣은 록스에 더블 스트레이닝하여 따른다. / 4. 라임 휠로 가니시한다.","AUTO","0","0","0","마가리타 변형. 개별 창시자 기록은 없음.
마가리타는 1930~40년대 멕시코에서 생겼다는 여러 설이 있고 첫 레시피는 1953년 『에스콰이어』에 실림. 과일 프로즌 마가리타는 1971년 댈러스에서 마가리타 기계가 나온 뒤 퍼짐.","https://raw.githubusercontent.com/rlaaudgjs2/onz-cocktail-images/main/cocktail_image_file/old/onz_cocktail_Lime_Basil_Margarita.webp","http://onz-cocktail.kr/uploads/glasses/onz_glasstype_rocks.webp","2026-09-22 12:00:00","2026-09-22 12:00:00","tequila|liqueur","20","2","3","4","0","3","2","0","5","0","0","0","4","0","0","0","0","0","0","0","0","0","0","0","0","2","2","0","0","4","2","3","0","rocks","","verified","image_old","https://en.wikipedia.org/wiki/Margarita"
"318","리몬첼로 크림 소다","Limoncello Cream Soda","약함","6","8","라이트","리큐르","","하이볼","여름","리몬첼로 45ml (1½ oz), 크림 30ml (1 oz), 탄산수 적당량(약 90ml)","","달콤, 묵직한, 탄산, 시트러스, 크리미","디저트, 상쾌한","4","1. 셰이커에 얼음과 리몬첼로 45ml (1½ oz), 크림 30ml (1 oz)를 넣고 15초간 셰이킹한다. / 2. 얼음을 채운 하이볼에 걸러 따른다. / 3. 탄산수 적당량(약 90ml)로 채우고 바 스푼으로 가볍게 한 번 젓는다. / 4. 레몬 필로 가니시한다.","AUTO","0","0","0","리몬첼로에 크림과 탄산수를 더한 칵테일. 개별 창시자 기록은 없음.
리몬첼로는 1900년경 아말피 해안이나 시칠리아에서 생겼다는 등 기원에 여러 설이 있음.","https://raw.githubusercontent.com/rlaaudgjs2/onz-cocktail-images/main/cocktail_image_file/old/onz_cocktail_Limoncello_Cream_Soda.webp","http://onz-cocktail.kr/uploads/glasses/onz_glasstype_highball.webp","2026-09-22 12:00:00","2026-09-22 12:00:00","liqueur","7","0","4","2","0","0","3","4","4","0","0","0","0","0","0","0","0","3","0","0","0","0","0","0","2","0","2","0","0","5","1","1","0","long","dairy","verified","image_old","https://en.wikipedia.org/wiki/Limoncello"
"319","리무진 스프리츠","Limousine Spritz","약함","8","10","라이트","리큐르","","와인 글라스","사계절","아페리티프 리큐르 45ml (1½ oz), 스파클링 와인 적당량(약 90ml), 탄산수 적당량(약 90ml)","","달콤, 탄산, 시트러스, 허브","식전","4","1. 와인 글라스에 얼음을 채운다. / 2. 아페리티프 리큐르 45ml (1½ oz)를 붓는다. / 3. 스파클링 와인 적당량(약 90ml), 탄산수 적당량(약 90ml)로 채우고 바 스푼으로 가볍게 한 번 젓는다. / 4. 레몬 필로 가니시한다.","AUTO","0","0","0","onz 오리지널 레시피 (이미지 기반 추정, 검수 필요)","https://raw.githubusercontent.com/rlaaudgjs2/onz-cocktail-images/main/cocktail_image_file/old/onz_cocktail_Limousine_Spritz.webp","http://onz-cocktail.kr/uploads/glasses/onz_glasstype_wine_glass.webp","2026-09-22 12:00:00","2026-09-22 12:00:00","liqueur|sparkling","9","1","3","2","2","1","1","4","3","0","0","0","3","0","1","0","0","0","0","0","0","0","3","0","0","0","0","0","0","3","1","1","0","long","","needs_review","image_old",""
"320","론 스타","Lone Star","보통","15","17","스탠다드","테킬라","","록스","사계절","테킬라 45ml (1½ oz), 오렌지 리큐르 15ml (½ oz), 라임 주스 20ml (⅔ oz), 설탕 1 tsp","","달콤, 상큼, 묵직한, 시트러스","파티","3","1. 셰이커에 얼음과 테킬라 45ml (1½ oz), 오렌지 리큐르 15ml (½ oz), 라임 주스 20ml (⅔ oz), 설탕 1 tsp를 넣고 15초간 강하게 셰이킹한다. / 2. 큰 얼음을 넣은 록스에 걸러 따른다. / 3. 라임 휠로 가니시한다.","AUTO","0","0","0","onz 오리지널 레시피 (이미지 기반 추정, 검수 필요)","https://raw.githubusercontent.com/rlaaudgjs2/onz-cocktail-images/main/cocktail_image_file/old/onz_cocktail_Lone_Star.webp","http://onz-cocktail.kr/uploads/glasses/onz_glasstype_rocks.webp","2026-09-22 12:00:00","2026-09-22 12:00:00","tequila","16","2","3","3","0","2","3","0","4","1","0","0","0","0","0","0","0","0","0","0","0","0","0","0","0","2","0","0","0","3","1","2","0","rocks","","needs_review","image_old",""
"321","루즈 레이디","Loose Lady","보통","17","19","스탠다드","보드카","","쿠페","봄","보드카 45ml (1½ oz), 라즈베리 리큐르 15ml (½ oz), 크랜베리 주스 30ml (1 oz), 라임 주스 20ml (⅔ oz)","","달콤, 상큼, 베리, 시트러스","파티","3","1. 셰이커에 얼음과 보드카 45ml (1½ oz), 라즈베리 리큐르 15ml (½ oz), 크랜베리 주스 30ml (1 oz), 라임 주스 20ml (⅔ oz)를 넣고 15초간 강하게 셰이킹한다. / 2. 차갑게 식힌 쿠페에 걸러 따른다. / 3. 라임 휠로 가니시한다.","AUTO","0","0","0","onz 오리지널 레시피 (이미지 기반 추정, 검수 필요)","https://raw.githubusercontent.com/rlaaudgjs2/onz-cocktail-images/main/cocktail_image_file/old/onz_cocktail_Loose_Lady.webp","http://onz-cocktail.kr/uploads/glasses/onz_glasstype_coupe.webp","2026-09-22 12:00:00","2026-09-22 12:00:00","vodka|liqueur","18","2","4","3","0","2","2","0","3","0","4","0","0","0","0","0","0","0","0","0","0","0","0","0","0","3","0","0","0","4","1","1","0","up","","needs_review","image_old",""
"322","루이지애나 선셋","Louisiana Sunset","보통","13","15","스탠다드","위스키","","쿠페","봄","버번 45ml (1½ oz), 오렌지 주스 30ml (1 oz), 레몬 주스 20ml (⅔ oz), 그레나딘 10ml (⅓ oz)","","달콤, 상큼, 시트러스, 베리","파티","3","1. 셰이커에 얼음과 버번 45ml (1½ oz), 오렌지 주스 30ml (1 oz), 레몬 주스 20ml (⅔ oz), 그레나딘 10ml (⅓ oz)를 넣고 15초간 강하게 셰이킹한다. / 2. 차갑게 식힌 쿠페에 걸러 따른다. / 3. 오렌지 필로 가니시한다.","AUTO","0","0","0","onz 오리지널 레시피 (이미지 기반 추정, 검수 필요)","https://raw.githubusercontent.com/rlaaudgjs2/onz-cocktail-images/main/cocktail_image_file/old/onz_cocktail_Louisiana_Sunset.webp","http://onz-cocktail.kr/uploads/glasses/onz_glasstype_coupe.webp","2026-09-22 12:00:00","2026-09-22 12:00:00","whiskey","14","1","4","3","0","2","2","0","3","0","3","0","0","0","0","0","0","0","2","0","0","0","0","0","0","2","0","0","0","4","1","1","0","up","","needs_review","image_old",""
"323","리치 마티니","Lychee Martini","강함","19","21","스탠다드","보드카","","마티니","봄","보드카 45ml (1½ oz), 리치 리큐르 15ml (½ oz), 리치 시럽 15ml (½ oz), 레몬 주스 20ml (⅔ oz)","","달콤, 꽃향, 열대과일","파티","2","1. 셰이커에 얼음과 보드카 45ml (1½ oz), 리치 리큐르 15ml (½ oz), 리치 시럽 15ml (½ oz), 레몬 주스 20ml (⅔ oz)를 넣고 15초간 강하게 셰이킹한다. / 2. 차갑게 식힌 마티니에 걸러 따른다.","AUTO","0","0","0","마티니 잔에 담는 현대식 '~티니' 칵테일. 개별 창시자 기록은 없음.
1980년대부터 마티니 잔에 담은 칵테일에 마티니라는 이름을 붙이는 유행이 생겼고, 전통 마티니와는 다른 스타일임.","https://raw.githubusercontent.com/rlaaudgjs2/onz-cocktail-images/main/cocktail_image_file/old/onz_cocktail_Lychee_Martini.webp","http://onz-cocktail.kr/uploads/glasses/onz_glasstype_martini.webp","2026-09-22 12:00:00","2026-09-22 12:00:00","vodka|liqueur","20","2","5","2","0","2","2","0","0","3","0","0","0","0","4","0","0","0","0","0","0","0","1","0","0","3","0","0","0","5","3","2","0","up","","verified","image_old","https://en.wikipedia.org/wiki/Martini_(cocktail)"
"324","리치 사케 마티니","Lychee Sake Martini","보통","15","17","스탠다드","사케","","마티니","봄","사케 30ml (1 oz), 보드카 30ml (1 oz), 리치 주스 30ml (1 oz)","","달콤, 꽃향, 열대과일","식사와 함께, 파티","2","1. 셰이커에 얼음과 사케 30ml (1 oz), 보드카 30ml (1 oz), 리치 주스 30ml (1 oz)를 넣고 15초간 강하게 셰이킹한다. / 2. 차갑게 식힌 마티니에 걸러 따른다.","AUTO","0","0","0","마티니 잔에 담는 현대식 '~티니' 칵테일. 개별 창시자 기록은 없음.
1980년대부터 마티니 잔에 담은 칵테일에 마티니라는 이름을 붙이는 유행이 생겼고, 전통 마티니와는 다른 스타일임.","https://raw.githubusercontent.com/rlaaudgjs2/onz-cocktail-images/main/cocktail_image_file/old/onz_cocktail_Lychee_Sake_Martini.webp","http://onz-cocktail.kr/uploads/glasses/onz_glasstype_martini.webp","2026-09-22 12:00:00","2026-09-22 12:00:00","sake|vodka","16","2","4","2","0","2","2","0","0","3","0","0","0","0","4","0","0","0","0","0","0","0","0","2","0","2","0","0","0","4","2","2","0","up","","verified","image_old","https://en.wikipedia.org/wiki/Martini_(cocktail)"
"325","마카라","Macara","강함","23","25","스탠다드","진","","쿠페","사계절","진 45ml (1½ oz), 드라이 베르무트 20ml (⅔ oz), 오렌지 큐라소 15ml (½ oz), 압생트 약간 린스(약간)","","강한, 묵직한, 허브, 시트러스","식전","4","1. 믹싱 글라스에 얼음과 진 45ml (1½ oz), 드라이 베르무트 20ml (⅔ oz), 오렌지 큐라소 15ml (½ oz), 압생트 약간 린스(약간)를 넣는다. / 2. 20~30초간 충분히 젓는다. / 3. 차갑게 식힌 쿠페에 걸러 따른다. / 4. 오렌지 필로 가니시한다.","AUTO","0","0","0","onz 오리지널 레시피 (이미지 기반 추정, 검수 필요)","https://raw.githubusercontent.com/rlaaudgjs2/onz-cocktail-images/main/cocktail_image_file/old/onz_cocktail_Macara.webp","http://onz-cocktail.kr/uploads/glasses/onz_glasstype_coupe.webp","2026-09-22 12:00:00","2026-09-22 12:00:00","gin|liqueur","24","2","2","2","1","4","3","0","3","0","0","0","3","0","0","0","0","0","0","0","1","0","2","0","0","0","0","0","0","1","1","2","0","up","","needs_review","image_old",""
"326","마드라스","Madras","보통","9","11","스탠다드","보드카","","하이볼","여름","보드카 45ml (1½ oz), 크랜베리 주스 90ml (3 oz), 오렌지 주스 90ml (3 oz)","","달콤, 상큼, 베리, 시트러스","상쾌한, 브런치","3","1. 하이볼에 얼음을 채운다. / 2. 보드카 45ml (1½ oz), 크랜베리 주스 90ml (3 oz), 오렌지 주스 90ml (3 oz)를 붓는다. / 3. 오렌지 필로 가니시한다.","AUTO","0","0","0","케이프 코더(보드카·크랜베리)에 오렌지 주스를 더한 변형.
케이프 코더는 1945년 크랜베리 협동조합 오션 스프레이가 '레드 데빌'이라는 이름으로 처음 선보임.","https://raw.githubusercontent.com/rlaaudgjs2/onz-cocktail-images/main/cocktail_image_file/old/onz_cocktail_Madras.webp","http://onz-cocktail.kr/uploads/glasses/onz_glasstype_highball.webp","2026-09-22 12:00:00","2026-09-22 12:00:00","vodka","10","1","4","3","1","1","2","0","4","0","4","0","0","0","0","0","0","0","0","0","0","0","0","0","0","0","3","0","2","5","3","1","0","long","","verified","image_old","https://en.wikipedia.org/wiki/Cape_Codder_(cocktail)"
"327","마드리드 나이트","Madrid Night","보통","11","13","스탠다드","와인","","하이볼","봄","레드 와인 90ml (3 oz), 브랜디 45ml (1½ oz), 오렌지 필, 블랙베리 5~6알, 탄산수 적당량(약 90ml)","","달콤, 탄산, 베리, 시트러스","파티, 식사와 함께","5","1. 하이볼에 블랙베리 5~6알을 넣고 머들러로 가볍게 으깬다. / 2. 하이볼에 얼음을 채운다. / 3. 레드 와인 90ml (3 oz), 브랜디 45ml (1½ oz)를 붓는다. / 4. 탄산수 적당량(약 90ml)로 채우고 바 스푼으로 가볍게 한 번 젓는다. / 5. 오렌지 필로 가니시한다.","AUTO","0","0","0","onz 오리지널 레시피 (이미지 기반 추정, 검수 필요)","https://raw.githubusercontent.com/rlaaudgjs2/onz-cocktail-images/main/cocktail_image_file/old/onz_cocktail_Madrid_Night.webp","http://onz-cocktail.kr/uploads/glasses/onz_glasstype_highball.webp","2026-09-22 12:00:00","2026-09-22 12:00:00","wine|brandy","12","1","4","2","0","1","2","4","3","0","4","0","0","0","0","0","0","0","0","0","0","0","0","2","0","3","0","0","0","4","1","1","0","long","","needs_review","image_old",""
"328","메인 블루베리 스매시","Maine Blueberry Smash","보통","17","19","스탠다드","위스키","","록스","여름","버번 45ml (1½ oz), 블루베리 8~10알, 레몬 주스 20ml (⅔ oz), 메이플 시럽 15ml (½ oz), 민트 6~8장","","달콤, 상큼, 묵직한, 베리, 시트러스","상쾌한","4","1. 셰이커(또는 믹싱 글라스)에 블루베리 8~10알, 민트 6~8장을 넣고 가볍게 으깬다. / 2. 셰이커에 얼음과 버번 45ml (1½ oz), 레몬 주스 20ml (⅔ oz), 메이플 시럽 15ml (½ oz)를 넣고 15초간 강하게 셰이킹한다. / 3. 큰 얼음을 넣은 록스에 더블 스트레이닝하여 따른다. / 4. 레몬 필로 가니시한다.","AUTO","0","0","0","민트나 과일을 으깨 넣는 스매시 계열 칵테일. 개별 창시자 기록은 없음.
스매시는 1840년대 미국에서 생겨 제리 토머스의 1862년 『바텐더 가이드』에 '작은 줄렙'으로 소개됨.","https://raw.githubusercontent.com/rlaaudgjs2/onz-cocktail-images/main/cocktail_image_file/old/onz_cocktail_Maine_Blueberry_Smash.webp","http://onz-cocktail.kr/uploads/glasses/onz_glasstype_rocks.webp","2026-09-22 12:00:00","2026-09-22 12:00:00","whiskey","18","2","4","3","0","2","3","0","3","0","5","0","0","2","0","0","0","0","0","0","0","0","0","0","0","0","2","0","0","4","1","2","0","rocks","","verified","image_old","https://www.diffordsguide.com/cocktails/recipe/3347/whiskey-smash"
"329","막걸리 칵테일","Makgeolli Cocktail","약함","5","7","라이트","기타","","쿠페","사계절","막걸리 90ml (3 oz), 사이다 적당량(약 90ml), 레몬 주스 20ml (⅔ oz), 과일청 20ml (⅔ oz)","","달콤, 상큼, 묵직한, 시트러스, 크리미","파티, 식사와 함께","4","1. 셰이커에 얼음과 막걸리 90ml (3 oz), 레몬 주스 20ml (⅔ oz), 과일청 20ml (⅔ oz)를 넣고 15초간 강하게 셰이킹한다. / 2. 차갑게 식힌 쿠페에 걸러 따른다. / 3. 사이다 적당량(약 90ml)로 채운다. / 4. 레몬 필로 가니시한다.","AUTO","0","0","0","막걸리는 삼국시대부터 빚어 온 한국에서 가장 오래된 술로, 고려 시대에는 '이화주'라 불림.
막걸리에 사이다를 섞은 '막사', 꿀을 넣은 '꿀막걸리', 과일을 더한 칵테일 등으로 즐겨 마심.","https://raw.githubusercontent.com/rlaaudgjs2/onz-cocktail-images/main/cocktail_image_file/old/onz_cocktail_Makgeolli_Cocktail.webp","http://onz-cocktail.kr/uploads/glasses/onz_glasstype_coupe.webp","2026-09-22 12:00:00","2026-09-22 12:00:00","other","6","0","4","3","0","0","4","2","3","1","0","0","0","0","0","0","0","3","0","0","0","0","0","3","0","3","0","0","0","5","3","1","0","up","","verified","image_old","https://en.wikipedia.org/wiki/Makgeolli"
"330","말리부 선셋","Malibu Sunset","보통","9","11","스탠다드","럼","","쿠페","여름","코코넛 럼 45ml (1½ oz), 파인애플 주스 30ml (1 oz), 오렌지 주스 30ml (1 oz), 그레나딘 10ml (⅓ oz)","","달콤, 열대과일, 시트러스","상쾌한, 파티","3","1. 셰이커에 얼음과 코코넛 럼 45ml (1½ oz), 파인애플 주스 30ml (1 oz), 오렌지 주스 30ml (1 oz), 그레나딘 10ml (⅓ oz)를 넣고 15초간 강하게 셰이킹한다. / 2. 차갑게 식힌 쿠페에 걸러 따른다. / 3. 오렌지 필로 가니시한다.","AUTO","0","0","0","1978년 톰 재고가 개발한 코코넛 럼 리큐르 '말리부'로 만드는 선라이즈 스타일 칵테일. 개별 창시자 기록은 없음.
말리부는 처음에 퀴라소에서 만들다가 이후 바베이도스로 생산지를 옮김.","https://raw.githubusercontent.com/rlaaudgjs2/onz-cocktail-images/main/cocktail_image_file/old/onz_cocktail_Malibu_Sunset.webp","http://onz-cocktail.kr/uploads/glasses/onz_glasstype_coupe.webp","2026-09-22 12:00:00","2026-09-22 12:00:00","rum","10","1","4","2","0","1","2","0","3","5","1","0","0","0","0","0","0","0","0","0","0","0","0","0","0","3","3","0","0","5","3","1","0","up","","verified","image_old","https://en.wikipedia.org/wiki/Malibu_(rum)"
"331","망고 코냑","Mango Cognac","보통","17","19","스탠다드","브랜디","","록스","가을","코냑 45ml (1½ oz), 망고 퓌레 30ml (1 oz), 레몬 주스 20ml (⅔ oz)","","달콤, 묵직한, 열대과일, 오크·캐러멜","천천히 음미","2","1. 셰이커에 얼음과 코냑 45ml (1½ oz), 망고 퓌레 30ml (1 oz), 레몬 주스 20ml (⅔ oz)를 넣고 15초간 강하게 셰이킹한다. / 2. 큰 얼음을 넣은 록스에 걸러 따른다.","AUTO","0","0","0","onz 오리지널 레시피 (이미지 기반 추정, 검수 필요)","https://raw.githubusercontent.com/rlaaudgjs2/onz-cocktail-images/main/cocktail_image_file/old/onz_cocktail_Mango_Cognac.webp","http://onz-cocktail.kr/uploads/glasses/onz_glasstype_rocks.webp","2026-09-22 12:00:00","2026-09-22 12:00:00","brandy","18","2","4","2","0","2","3","0","0","5","0","0","0","0","0","0","0","0","3","0","0","0","0","0","1","0","0","2","0","4","1","1","0","rocks","","needs_review","image_old",""
"332","망고 다이키리","Mango Daiquiri","보통","13","15","스탠다드","럼","","허리케인","여름","화이트 럼 45ml (1½ oz), 망고 ½개, 라임 주스 20ml (⅔ oz), 설탕 시럽 15ml (½ oz)","","달콤, 상큼, 묵직한, 열대과일, 시트러스","상쾌한, 파티","4","1. 블렌더에 화이트 럼 45ml (1½ oz), 라임 주스 20ml (⅔ oz), 설탕 시럽 15ml (½ oz), 망고 ½개와 얼음 1컵을 넣는다. / 2. 부드러워질 때까지 20~30초간 간다. / 3. 허리케인에 따른다. / 4. 라임 휠로 가니시한다.","AUTO","0","0","0","다이키리 변형. 개별 창시자 기록은 없음.
다이키리는 1898년경 쿠바에서 미국인 광산 기사 제닝스 콕스가 만들었고, 과일을 갈아 넣은 프로즌 다이키리는 이후 대중화됨.","https://raw.githubusercontent.com/rlaaudgjs2/onz-cocktail-images/main/cocktail_image_file/old/onz_cocktail_Mango_Daiquiri.webp","http://onz-cocktail.kr/uploads/glasses/onz_glasstype_hurricane.webp","2026-09-22 12:00:00","2026-09-22 12:00:00","rum","14","1","4","3","0","1","4","0","3","5","0","0","0","0","0","0","0","0","0","0","0","0","0","0","0","2","3","0","0","5","3","2","0","frozen","","verified","image_old","https://en.wikipedia.org/wiki/Daiquiri"
"333","망고 마가리타","Mango Margarita","보통","15","17","스탠다드","테킬라","","마가리타","여름","테킬라 45ml (1½ oz), 망고 퓌레 90ml (3 oz), 트리플 섹 15ml (½ oz), 라임 주스 20ml (⅔ oz)","","달콤, 상큼, 묵직한, 열대과일, 시트러스","상쾌한, 파티","4","1. 블렌더에 테킬라 45ml (1½ oz), 망고 퓌레 90ml (3 oz), 트리플 섹 15ml (½ oz), 라임 주스 20ml (⅔ oz)와 얼음 1컵을 넣는다. / 2. 부드러워질 때까지 20~30초간 간다. / 3. 마가리타에 따른다. / 4. 라임 휠로 가니시한다.","AUTO","0","0","0","마가리타 변형. 개별 창시자 기록은 없음.
마가리타는 1930~40년대 멕시코에서 생겼다는 여러 설이 있고 첫 레시피는 1953년 『에스콰이어』에 실림. 과일 프로즌 마가리타는 1971년 댈러스에서 마가리타 기계가 나온 뒤 퍼짐.","https://raw.githubusercontent.com/rlaaudgjs2/onz-cocktail-images/main/cocktail_image_file/old/onz_cocktail_Mango_Margarita.webp","http://onz-cocktail.kr/uploads/glasses/onz_glasstype_margarita.webp","2026-09-22 12:00:00","2026-09-22 12:00:00","tequila|liqueur","16","2","4","4","0","2","4","0","3","5","0","0","0","0","0","0","0","0","0","0","0","0","0","0","0","3","3","0","0","5","3","2","0","frozen","","verified","image_old","https://en.wikipedia.org/wiki/Margarita"
"334","마르베야 선셋","Marbella Sunset","보통","9","11","스탠다드","와인","","하이볼","여름","로제 와인 90ml (3 oz), 오렌지 주스 90ml (3 oz), 그레나딘 10ml (⅓ oz), 탄산수 적당량(약 90ml)","","달콤, 상큼, 탄산, 시트러스, 베리","파티, 상쾌한","4","1. 하이볼에 얼음을 채운다. / 2. 로제 와인 90ml (3 oz), 오렌지 주스 90ml (3 oz), 그레나딘 10ml (⅓ oz)를 붓는다. / 3. 탄산수 적당량(약 90ml)로 채우고 바 스푼으로 가볍게 한 번 젓는다. / 4. 오렌지 필로 가니시한다.","AUTO","0","0","0","onz 오리지널 레시피 (이미지 기반 추정, 검수 필요)","https://raw.githubusercontent.com/rlaaudgjs2/onz-cocktail-images/main/cocktail_image_file/old/onz_cocktail_Marbella_Sunset.webp","http://onz-cocktail.kr/uploads/glasses/onz_glasstype_highball.webp","2026-09-22 12:00:00","2026-09-22 12:00:00","wine","10","1","4","3","0","1","2","4","4","0","3","0","0","0","0","0","0","0","0","0","0","0","0","0","0","3","2","0","0","4","1","1","0","long","","needs_review","image_old",""
"335","마르디 그라 펀치","Mardi Gras Punch","보통","13","15","스탠다드","럼","","록스","봄","럼 45ml (1½ oz), 블루 큐라소 15ml (½ oz), 파인애플 주스 30ml (1 oz), 레몬 주스 20ml (⅔ oz), 그레나딘 10ml (⅓ oz)","","달콤, 상큼, 묵직한, 열대과일, 베리, 시트러스","파티","3","1. 셰이커에 얼음과 럼 45ml (1½ oz), 블루 큐라소 15ml (½ oz), 파인애플 주스 30ml (1 oz), 레몬 주스 20ml (⅔ oz), 그레나딘 10ml (⅓ oz)를 넣고 15초간 강하게 셰이킹한다. / 2. 큰 얼음을 넣은 록스에 걸러 따른다. / 3. 레몬 필로 가니시한다.","AUTO","0","0","0","onz 오리지널 레시피 (이미지 기반 추정, 검수 필요)","https://raw.githubusercontent.com/rlaaudgjs2/onz-cocktail-images/main/cocktail_image_file/old/onz_cocktail_Mardi_Gras_Punch.webp","http://onz-cocktail.kr/uploads/glasses/onz_glasstype_rocks.webp","2026-09-22 12:00:00","2026-09-22 12:00:00","rum|liqueur","14","1","4","3","0","1","3","0","3","3","3","0","0","0","0","0","0","0","0","0","0","0","0","0","0","3","0","0","0","4","2","1","0","rocks","","needs_review","image_old",""
"336","마라케시 선셋","Marrakesh Sunset","보통","13","15","스탠다드","진","","쿠페","사계절","진 45ml (1½ oz), 블러드 오렌지 주스 30ml (1 oz), 시나몬 스틱 1개, 오렌지 블로섬 워터 2 dashes","","달콤, 시트러스","식사와 함께, 식전","4","1. 셰이커(또는 믹싱 글라스)에 시나몬 스틱 1개를 넣고 가볍게 으깬다. / 2. 셰이커에 얼음과 진 45ml (1½ oz), 블러드 오렌지 주스 30ml (1 oz), 오렌지 블로섬 워터 2 dashes를 넣고 15초간 강하게 셰이킹한다. / 3. 차갑게 식힌 쿠페에 더블 스트레이닝하여 따른다. / 4. 오렌지 필로 가니시한다.","AUTO","0","0","0","onz 오리지널 레시피 (이미지 기반 추정, 검수 필요)","https://raw.githubusercontent.com/rlaaudgjs2/onz-cocktail-images/main/cocktail_image_file/old/onz_cocktail_Marrakesh_Sunset.webp","http://onz-cocktail.kr/uploads/glasses/onz_glasstype_coupe.webp","2026-09-22 12:00:00","2026-09-22 12:00:00","gin","14","1","3","2","0","2","2","0","4","0","0","0","0","0","2","2","0","0","0","0","0","0","2","2","0","0","0","0","0","3","1","3","0","up","","needs_review","image_old",""
"337","마르티니크 티 펀치","Martinique Ti Punch","강함","29","31","스트롱","럼","","록스","사계절","아그리콜 럼 45ml (1½ oz), 라임 주스 20ml (⅔ oz), 사탕수수 시럽 15ml (½ oz)","","상큼, 강한, 묵직한, 시트러스","천천히 음미","3","1. 셰이커에 얼음과 아그리콜 럼 45ml (1½ oz), 라임 주스 20ml (⅔ oz), 사탕수수 시럽 15ml (½ oz)를 넣고 15초간 강하게 셰이킹한다. / 2. 큰 얼음을 넣은 록스에 걸러 따른다. / 3. 라임 휠로 가니시한다.","AUTO","0","0","0","'작은 펀치(petit punch)'라는 뜻으로, 마르티니크·과들루프·아이티 등 프랑스어권 카리브해 섬에서 즐겨 마시는 전통 음료.
아그리콜 럼에 라임과 사탕수수 시럽만 넣어 마시는 방식. 창시자나 시기에 대한 기록은 없음.","https://raw.githubusercontent.com/rlaaudgjs2/onz-cocktail-images/main/cocktail_image_file/old/onz_cocktail_Martinique_Ti_Punch.webp","http://onz-cocktail.kr/uploads/glasses/onz_glasstype_rocks.webp","2026-09-22 12:00:00","2026-09-22 12:00:00","rum","30","3","2","3","0","5","3","0","3","0","0","0","2","0","0","0","0","0","2","0","0","0","1","0","0","0","0","2","0","1","2","3","0","rocks","","verified","image_old","https://en.wikipedia.org/wiki/Ti%27_Punch"
"338","말차 마티니","Matcha Martini","보통","17","19","스페셜","보드카","","마티니","사계절","보드카 45ml (1½ oz), 말차 1 tsp, 화이트 초콜릿 리큐르 15ml (½ oz), 우유 30ml (1 oz)","","달콤, 묵직한, 허브, 크리미","디저트","2","1. 셰이커에 얼음과 보드카 45ml (1½ oz), 말차 1 tsp, 화이트 초콜릿 리큐르 15ml (½ oz), 우유 30ml (1 oz)를 넣고 15초간 강하게 셰이킹한다. / 2. 차갑게 식힌 마티니에 걸러 따른다.","AUTO","0","0","0","마티니 잔에 담는 현대식 '~티니' 칵테일. 개별 창시자 기록은 없음.
1980년대부터 마티니 잔에 담은 칵테일에 마티니라는 이름을 붙이는 유행이 생겼고, 전통 마티니와는 다른 스타일임.","https://raw.githubusercontent.com/rlaaudgjs2/onz-cocktail-images/main/cocktail_image_file/old/onz_cocktail_Matcha_Martini.webp","http://onz-cocktail.kr/uploads/glasses/onz_glasstype_martini.webp","2026-09-22 12:00:00","2026-09-22 12:00:00","vodka|liqueur","18","2","3","1","2","2","4","0","0","0","0","0","4","0","0","0","0","3","0","0","0","0","0","0","2","0","0","0","1","3","1","4","0","up","dairy|caffeine","verified","image_old","https://en.wikipedia.org/wiki/Martini_(cocktail)"
"339","맥앨리스터","McAllister","강함","19","21","스탠다드","위스키","","록스","가을","스카치 위스키 45ml (1½ oz), 오렌지 필, 꿀 15ml (½ oz)","","달콤, 강한, 묵직한, 시트러스, 오크·캐러멜","천천히 음미","3","1. 셰이커에 얼음과 스카치 위스키 45ml (1½ oz), 꿀 15ml (½ oz)를 넣고 15초간 강하게 셰이킹한다. / 2. 큰 얼음을 넣은 록스에 걸러 따른다. / 3. 오렌지 필로 가니시한다.","AUTO","0","0","0","onz 오리지널 레시피 (이미지 기반 추정, 검수 필요)","https://raw.githubusercontent.com/rlaaudgjs2/onz-cocktail-images/main/cocktail_image_file/old/onz_cocktail_McAllister.webp","http://onz-cocktail.kr/uploads/glasses/onz_glasstype_rocks.webp","2026-09-22 12:00:00","2026-09-22 12:00:00","whiskey","20","2","3","2","0","3","3","0","3","0","0","0","0","0","0","0","0","0","3","0","0","0","0","0","0","0","0","2","0","2","1","1","0","rocks","","needs_review","image_old",""
"340","멜론 브랜디","Melon Brandy","보통","17","19","스탠다드","브랜디","","록스","가을","브랜디 45ml (1½ oz), 멜론 리큐르 15ml (½ oz), 레몬 주스 20ml (⅔ oz)","","달콤, 묵직한, 과일향","파티","2","1. 셰이커에 얼음과 브랜디 45ml (1½ oz), 멜론 리큐르 15ml (½ oz), 레몬 주스 20ml (⅔ oz)를 넣고 15초간 강하게 셰이킹한다. / 2. 큰 얼음을 넣은 록스에 걸러 따른다.","AUTO","0","0","0","onz 오리지널 레시피 (이미지 기반 추정, 검수 필요)","https://raw.githubusercontent.com/rlaaudgjs2/onz-cocktail-images/main/cocktail_image_file/old/onz_cocktail_Melon_Brandy.webp","http://onz-cocktail.kr/uploads/glasses/onz_glasstype_rocks.webp","2026-09-22 12:00:00","2026-09-22 12:00:00","brandy|liqueur","18","2","4","2","0","2","3","0","0","0","0","3","0","0","0","0","0","0","2","0","0","0","0","0","1","2","0","0","0","3","1","1","0","rocks","","needs_review","image_old",""
"341","메트로폴리탄","Metropolitan","강함","27","29","스트롱","브랜디","","쿠페","가을","브랜디 45ml (1½ oz), 스위트 베르무트 20ml (⅔ oz), 설탕 시럽 15ml (½ oz), 앙고스투라 비터스 2 dashes","","달콤, 쌉싸름, 강한, 묵직한, 오크·캐러멜, 허브","천천히 음미","2","1. 셰이커에 얼음과 브랜디 45ml (1½ oz), 스위트 베르무트 20ml (⅔ oz), 설탕 시럽 15ml (½ oz), 앙고스투라 비터스 2 dashes를 넣고 15초간 강하게 셰이킹한다. / 2. 차갑게 식힌 쿠페에 걸러 따른다.","AUTO","0","0","0","브랜디로 만드는 맨해튼 변형으로, 브랜디와 베르무트를 3:1로 섞고 시럽을 조금 넣음.
맨해튼이라는 이름의 칵테일은 1860년대부터 기록이 있음.","https://raw.githubusercontent.com/rlaaudgjs2/onz-cocktail-images/main/cocktail_image_file/old/onz_cocktail_Metropolitan.webp","http://onz-cocktail.kr/uploads/glasses/onz_glasstype_coupe.webp","2026-09-22 12:00:00","2026-09-22 12:00:00","brandy|fortified","28","3","3","0","3","4","4","0","0","0","0","0","3","0","0","0","0","0","4","0","0","0","0","0","0","0","0","3","0","1","1","5","0","up","","verified","image_old","https://en.wikipedia.org/wiki/Manhattan_(cocktail)"
"342","멕시칸 55","Mexican 55","보통","12","14","스탠다드","테킬라","","플루트","사계절","테킬라 45ml (1½ oz), 레몬 주스 20ml (⅔ oz), 설탕 시럽 15ml (½ oz), 샴페인 적당량(약 90ml)","","달콤, 상큼, 탄산, 시트러스","파티, 브런치","4","1. 셰이커에 얼음과 테킬라 45ml (1½ oz), 레몬 주스 20ml (⅔ oz), 설탕 시럽 15ml (½ oz)를 넣고 15초간 강하게 셰이킹한다. / 2. 차갑게 식힌 플루트에 걸러 따른다. / 3. 샴페인 적당량(약 90ml)로 채운다. / 4. 레몬 필로 가니시한다.","AUTO","0","0","0","프렌치 75의 진을 테킬라로 바꾼 변형. 개별 창시자 기록은 없음.
프렌치 75는 프랑스의 75mm 야포에서 이름을 땄고(바텐더 해리 매켈혼의 설명), 1927년 칵테일 안내서에서 진·샴페인·레몬·설탕 레시피로 굳어짐.","https://raw.githubusercontent.com/rlaaudgjs2/onz-cocktail-images/main/cocktail_image_file/old/onz_cocktail_Mexican_55.webp","http://onz-cocktail.kr/uploads/glasses/onz_glasstype_flute.webp","2026-09-22 12:00:00","2026-09-22 12:00:00","tequila|sparkling","13","1","3","3","0","2","2","4","5","0","0","0","1","0","0","0","0","0","0","0","0","0","0","0","0","3","0","0","2","4","2","3","0","up","","verified","image_old","https://en.wikipedia.org/wiki/French_75_(cocktail)"
"343","멕시칸 파이어","Mexican Fire","보통","15","17","스탠다드","테킬라","","록스","가을","테킬라 45ml (1½ oz), 할라피뇨 2~3조각, 라임 주스 20ml (⅔ oz), 아가베 15ml (½ oz)","","달콤, 상큼, 묵직한, 스파이시, 시트러스","파티, 식사와 함께","4","1. 셰이커(또는 믹싱 글라스)에 할라피뇨 2~3조각을 넣고 가볍게 으깬다. / 2. 셰이커에 얼음과 테킬라 45ml (1½ oz), 라임 주스 20ml (⅔ oz), 아가베 15ml (½ oz)를 넣고 15초간 강하게 셰이킹한다. / 3. 큰 얼음을 넣은 록스에 더블 스트레이닝하여 따른다. / 4. 라임 휠로 가니시한다.","AUTO","0","0","0","onz 오리지널 레시피 (이미지 기반 추정, 검수 필요)","https://raw.githubusercontent.com/rlaaudgjs2/onz-cocktail-images/main/cocktail_image_file/old/onz_cocktail_Mexican_Fire.webp","http://onz-cocktail.kr/uploads/glasses/onz_glasstype_rocks.webp","2026-09-22 12:00:00","2026-09-22 12:00:00","tequila","16","2","3","3","1","2","3","0","4","0","0","0","0","0","0","5","0","0","0","0","0","0","0","2","0","2","0","0","0","2","1","1","0","rocks","","needs_review","image_old",""
"344","멕시칸 뮬","Mexican Mule","보통","12","14","스탠다드","테킬라","","구리 머그","여름","테킬라 45ml (1½ oz), 진저 비어 적당량(약 90ml), 라임 주스 20ml (⅔ oz)","","달콤, 탄산, 스파이시, 시트러스","상쾌한, 파티","4","1. 구리 머그에 얼음을 채운다. / 2. 테킬라 45ml (1½ oz), 라임 주스 20ml (⅔ oz)를 붓는다. / 3. 진저 비어 적당량(약 90ml)로 채우고 바 스푼으로 가볍게 한 번 젓는다. / 4. 라임 휠로 가니시한다.","AUTO","0","0","0","모스코 뮬의 보드카를 다른 술로 바꾼 뮬 계열 칵테일. 개별 창시자 기록은 없음.
모스코 뮬은 1941년 뉴욕 채텀 호텔에서 진저 비어·보드카 업체 대표들이 판촉을 위해 만듦.","https://raw.githubusercontent.com/rlaaudgjs2/onz-cocktail-images/main/cocktail_image_file/old/onz_cocktail_Mexican_Mule.webp","http://onz-cocktail.kr/uploads/glasses/onz_glasstype_copper_mug.webp","2026-09-22 12:00:00","2026-09-22 12:00:00","tequila","13","1","3","2","0","2","2","4","4","0","0","0","0","0","0","4","0","0","0","0","0","0","0","0","0","2","3","0","0","5","2","2","0","long","","verified","image_old","https://en.wikipedia.org/wiki/Moscow_mule"
"345","멕시칸 선셋","Mexican Sunset","보통","12","14","스탠다드","테킬라","","쿠페","여름","테킬라 45ml (1½ oz), 오렌지 주스 30ml (1 oz), 라임 주스 20ml (⅔ oz), 그레나딘 10ml (⅓ oz)","","달콤, 상큼, 시트러스, 베리","상쾌한, 파티","3","1. 셰이커에 얼음과 테킬라 45ml (1½ oz), 오렌지 주스 30ml (1 oz), 라임 주스 20ml (⅔ oz), 그레나딘 10ml (⅓ oz)를 넣고 15초간 강하게 셰이킹한다. / 2. 차갑게 식힌 쿠페에 걸러 따른다. / 3. 라임 휠로 가니시한다.","AUTO","0","0","0","onz 오리지널 레시피 (이미지 기반 추정, 검수 필요)","https://raw.githubusercontent.com/rlaaudgjs2/onz-cocktail-images/main/cocktail_image_file/old/onz_cocktail_Mexican_Sunset.webp","http://onz-cocktail.kr/uploads/glasses/onz_glasstype_coupe.webp","2026-09-22 12:00:00","2026-09-22 12:00:00","tequila","13","1","4","3","0","1","2","0","4","0","3","0","0","0","0","0","0","0","0","0","0","0","0","0","0","2","3","0","0","5","1","1","0","up","","needs_review","image_old",""
"346","멕시코시티 나이트","Mexico City Night","보통","14","16","스탠다드","테킬라","","쿠페","봄","테킬라 45ml (1½ oz), 블루 큐라소 15ml (½ oz), 블랙베리 5~6알, 라임 주스 20ml (⅔ oz), 탄산수 적당량(약 90ml)","","달콤, 상큼, 탄산, 베리, 시트러스","파티","5","1. 셰이커(또는 믹싱 글라스)에 블랙베리 5~6알을 넣고 가볍게 으깬다. / 2. 셰이커에 얼음과 테킬라 45ml (1½ oz), 블루 큐라소 15ml (½ oz), 라임 주스 20ml (⅔ oz)를 넣고 15초간 강하게 셰이킹한다. / 3. 차갑게 식힌 쿠페에 더블 스트레이닝하여 따른다. / 4. 탄산수 적당량(약 90ml)로 채운다. / 5. 라임 휠로 가니시한다.","AUTO","0","0","0","onz 오리지널 레시피 (이미지 기반 추정, 검수 필요)","https://raw.githubusercontent.com/rlaaudgjs2/onz-cocktail-images/main/cocktail_image_file/old/onz_cocktail_Mexico_City_Night.webp","http://onz-cocktail.kr/uploads/glasses/onz_glasstype_coupe.webp","2026-09-22 12:00:00","2026-09-22 12:00:00","tequila|liqueur","15","2","4","3","0","2","2","4","3","0","4","0","0","1","0","0","0","0","0","0","0","0","0","0","0","3","0","0","0","4","1","1","0","up","","needs_review","image_old",""
"347","메즈칼 네그로니","Mezcal Negroni","강함","25","27","스트롱","메즈칼","","록스","사계절","메즈칼 30ml (1 oz), 캄파리 30ml (1 oz), 스위트 베르무트 30ml (1 oz)","","쌉싸름, 강한, 묵직한, 스모키, 허브","식전, 천천히 음미","3","1. 믹싱 글라스에 얼음과 메즈칼 30ml (1 oz), 캄파리 30ml (1 oz), 스위트 베르무트 30ml (1 oz)를 넣는다. / 2. 20~30초간 충분히 젓는다. / 3. 큰 얼음을 넣은 록스에 걸러 따른다.","AUTO","0","0","0","네그로니의 진을 메즈칼로 바꿔 스모키한 맛을 더한 변형. 개별 창시자 기록은 없음.
네그로니는 1919~20년경 피렌체에서 카밀로 네그로니 백작이 아메리카노에 탄산수 대신 진을 넣어 달라고 한 데서 탄생함.","https://raw.githubusercontent.com/rlaaudgjs2/onz-cocktail-images/main/cocktail_image_file/old/onz_cocktail_Mezcal_Negroni.webp","http://onz-cocktail.kr/uploads/glasses/onz_glasstype_rocks.webp","2026-09-22 12:00:00","2026-09-22 12:00:00","mezcal|fortified|liqueur","26","3","2","0","5","4","4","0","1","0","0","0","4","0","0","0","0","0","0","5","0","0","2","0","0","0","0","2","0","1","2","4","1","rocks","","verified","image_old","https://en.wikipedia.org/wiki/Negroni"
"348","마이애미 바이스","Miami Vice","보통","11","13","스탠다드","럼","","허리케인","여름","럼 45ml (1½ oz), 피나 콜라다 믹스 90ml (3 oz), 딸기 다이키리 믹스 90ml (3 oz)","","달콤, 묵직한, 열대과일, 베리, 크리미","상쾌한, 파티","3","1. 블렌더에 럼 45ml (1½ oz), 피나 콜라다 믹스 90ml (3 oz), 딸기 다이키리 믹스 90ml (3 oz)와 얼음 1컵을 넣는다. / 2. 부드러워질 때까지 20~30초간 간다. / 3. 허리케인에 따른다.","AUTO","0","0","0","딸기 다이키리와 피냐 콜라다를 한 잔에 층지게 담은 칵테일로 '라바 플로우'라고도 부름.
피냐 콜라다는 푸에르토리코에서 탄생했으며, 1978년 푸에르토리코의 국민 음료로 지정됨.","https://raw.githubusercontent.com/rlaaudgjs2/onz-cocktail-images/main/cocktail_image_file/old/onz_cocktail_Miami_Vice.webp","http://onz-cocktail.kr/uploads/glasses/onz_glasstype_hurricane.webp","2026-09-22 12:00:00","2026-09-22 12:00:00","rum","12","1","5","2","0","1","5","0","0","5","4","0","0","0","0","0","0","3","0","0","0","0","0","0","0","3","3","0","0","5","3","1","0","frozen","dairy","verified","image_old","https://en.wikipedia.org/wiki/Pi%C3%B1a_colada"
"349","미첼라다","Michelada","약함","3","5","라이트","맥주","","하이볼","여름","라거 맥주 적당량(약 90ml), 라임 주스 20ml (⅔ oz), 핫소스 2~3 dashes, 우스터 소스 2~3 dashes, 솔트 림","","상큼, 묵직한, 탄산, 짭짤한, 스파이시, 시트러스","식사와 함께, 상쾌한","4","1. 하이볼에 얼음을 채운다. / 2. 라임 주스 20ml (⅔ oz), 핫소스 2~3 dashes, 우스터 소스 2~3 dashes를 붓는다. / 3. 라거 맥주 적당량(약 90ml)로 채우고 바 스푼으로 가볍게 한 번 젓는다. / 4. 솔트 림으로 가니시한다.","AUTO","0","0","0","1960년대 멕시코 산루이스포토시의 한 스포츠 클럽에서 미첼 에스퍼가 맥주에 라임과 소금을 넣어 '레모네이드처럼' 주문한 것이 '미첼의 레모네이드(Michelada)'가 되었다는 설이 있음.
'미 첼라 엘라다(mi chela helada, 내 시원한 맥주)'를 줄인 말이라는 설도 있음.","https://raw.githubusercontent.com/rlaaudgjs2/onz-cocktail-images/main/cocktail_image_file/old/onz_cocktail_Michelada.webp","http://onz-cocktail.kr/uploads/glasses/onz_glasstype_highball.webp","2026-09-22 12:00:00","2026-09-22 12:00:00","beer","4","0","0","4","1","1","3","4","4","0","0","0","0","0","0","4","0","0","0","0","0","5","0","3","0","0","2","0","0","2","3","2","0","long","","verified","image_old","https://en.wikipedia.org/wiki/Michelada"
"350","미켈란젤로","Michelangelo","약함","8","10","라이트","리큐르","","하이볼","사계절","이탈리안 비터 리큐르 45ml (1½ oz), 오렌지 주스 90ml (3 oz), 프로세코 적당량(약 90ml)","","달콤, 탄산, 시트러스","식전, 브런치","4","1. 하이볼에 얼음을 채운다. / 2. 이탈리안 비터 리큐르 45ml (1½ oz), 오렌지 주스 90ml (3 oz)를 붓는다. / 3. 프로세코 적당량(약 90ml)로 채우고 바 스푼으로 가볍게 한 번 젓는다. / 4. 오렌지 필로 가니시한다.","AUTO","0","0","0","onz 오리지널 레시피 (이미지 기반 추정, 검수 필요)","https://raw.githubusercontent.com/rlaaudgjs2/onz-cocktail-images/main/cocktail_image_file/old/onz_cocktail_Michelangelo.webp","http://onz-cocktail.kr/uploads/glasses/onz_glasstype_highball.webp","2026-09-22 12:00:00","2026-09-22 12:00:00","liqueur|sparkling","9","1","3","2","2","1","1","4","4","0","0","0","2","0","0","0","0","0","0","0","0","0","3","0","0","0","0","0","2","4","1","1","0","long","","needs_review","image_old",""
"351","미도리 사워","Midori Sour","보통","9","11","스탠다드","리큐르","","하이볼","여름","미도리 45ml (1½ oz), 레몬 주스 20ml (⅔ oz), 라임 주스 20ml (⅔ oz), 탄산수 적당량(약 90ml)","","달콤, 상큼, 과일향, 시트러스","파티, 상쾌한","4","1. 하이볼에 얼음을 채운다. / 2. 미도리 45ml (1½ oz), 레몬 주스 20ml (⅔ oz), 라임 주스 20ml (⅔ oz)를 붓는다. / 3. 탄산수 적당량(약 90ml)로 채우고 바 스푼으로 가볍게 한 번 젓는다. / 4. 라임 휠로 가니시한다.","AUTO","0","0","0","미도리는 산토리가 유바리 킹 멜론과 머스크멜론으로 만든 녹색 리큐르. 1964년 일본에서 '에르메스 멜론 리큐르'로 처음 나옴.
1978년 '미도리'라는 이름으로 미국에 출시되었고, 미도리 사워는 이 리큐르의 대표 칵테일로 자리 잡음.","https://raw.githubusercontent.com/rlaaudgjs2/onz-cocktail-images/main/cocktail_image_file/old/onz_cocktail_Midori_Sour.webp","http://onz-cocktail.kr/uploads/glasses/onz_glasstype_highball.webp","2026-09-22 12:00:00","2026-09-22 12:00:00","liqueur","10","1","5","4","0","1","2","0","4","0","0","4","0","0","0","0","0","0","0","0","0","0","0","0","0","3","2","0","0","5","4","1","0","long","","verified","image_old","https://en.wikipedia.org/wiki/Midori_(liqueur)"
"352","밀라노 피즈","Milano Fizz","보통","11","13","스탠다드","진","","쿠페","사계절","진 45ml (1½ oz), 캄파리 15ml (½ oz), 레몬 주스 20ml (⅔ oz), 계란 흰자 1개분, 탄산수 적당량(약 90ml)","","달콤, 묵직한, 탄산, 시트러스","식전","5","1. 셰이커에 진 45ml (1½ oz), 캄파리 15ml (½ oz), 레몬 주스 20ml (⅔ oz), 계란 흰자 1개분을 넣고 얼음 없이 10초간 드라이 셰이킹한다. / 2. 얼음을 넣고 15초간 다시 강하게 셰이킹한다. / 3. 차갑게 식힌 쿠페에 걸러 따른다. / 4. 탄산수 적당량(약 90ml)로 채운다. / 5. 레몬 필로 가니시한다.","AUTO","0","0","0","onz 오리지널 레시피 (이미지 기반 추정, 검수 필요)","https://raw.githubusercontent.com/rlaaudgjs2/onz-cocktail-images/main/cocktail_image_file/old/onz_cocktail_Milano_Fizz.webp","http://onz-cocktail.kr/uploads/glasses/onz_glasstype_coupe.webp","2026-09-22 12:00:00","2026-09-22 12:00:00","gin|liqueur","12","1","3","2","1","1","3","4","3","0","0","0","2","0","1","0","0","0","0","0","0","0","3","0","0","0","0","0","0","3","1","2","0","up","egg","needs_review","image_old",""
"353","민트 초콜릿 칩","Mint Chocolate Chip","보통","15","17","스탠다드","리큐르","","쿠페","사계절","크렘 드 멘트 45ml (1½ oz), 초콜릿 리큐르 15ml (½ oz), 보드카 45ml (1½ oz), 크림 30ml (1 oz)","","달콤, 묵직한, 민트, 커피·초콜릿, 크리미","디저트","2","1. 셰이커에 얼음과 크렘 드 멘트 45ml (1½ oz), 초콜릿 리큐르 15ml (½ oz), 보드카 45ml (1½ oz), 크림 30ml (1 oz)를 넣고 15초간 강하게 셰이킹한다. / 2. 차갑게 식힌 쿠페에 걸러 따른다.","AUTO","0","0","0","문헌으로 확인되는 유래 기록을 찾지 못함.","https://raw.githubusercontent.com/rlaaudgjs2/onz-cocktail-images/main/cocktail_image_file/old/onz_cocktail_Mint_Chocolate_Chip.webp","http://onz-cocktail.kr/uploads/glasses/onz_glasstype_coupe.webp","2026-09-22 12:00:00","2026-09-22 12:00:00","liqueur|vodka","16","2","5","0","0","0","5","0","0","0","0","0","0","4","0","0","4","4","0","0","0","0","0","0","3","0","0","0","0","4","2","2","0","up","dairy","verified","image_old",""
"354","민트 다이키리","Mint Daiquiri","강함","19","21","스탠다드","럼","","쿠페","여름","화이트 럼 45ml (1½ oz), 민트 6~8장, 라임 주스 20ml (⅔ oz), 설탕 시럽 15ml (½ oz)","","달콤, 상큼, 강한, 민트, 시트러스","상쾌한","4","1. 셰이커(또는 믹싱 글라스)에 민트 6~8장을 넣고 가볍게 으깬다. / 2. 셰이커에 얼음과 화이트 럼 45ml (1½ oz), 라임 주스 20ml (⅔ oz), 설탕 시럽 15ml (½ oz)를 넣고 15초간 강하게 셰이킹한다. / 3. 차갑게 식힌 쿠페에 더블 스트레이닝하여 따른다. / 4. 라임 휠로 가니시한다.","AUTO","0","0","0","다이키리 변형. 개별 창시자 기록은 없음.
다이키리는 1898년경 쿠바에서 미국인 광산 기사 제닝스 콕스가 만들었고, 과일을 갈아 넣은 프로즌 다이키리는 이후 대중화됨.","https://raw.githubusercontent.com/rlaaudgjs2/onz-cocktail-images/main/cocktail_image_file/old/onz_cocktail_Mint_Daiquiri.webp","http://onz-cocktail.kr/uploads/glasses/onz_glasstype_coupe.webp","2026-09-22 12:00:00","2026-09-22 12:00:00","rum","20","2","3","4","0","3","2","0","4","0","0","0","0","5","0","0","0","0","0","0","0","0","0","0","0","0","3","0","0","4","2","3","0","up","","verified","image_old","https://en.wikipedia.org/wiki/Daiquiri"
"355","민트 레모네이드","Mint Lemonade","약함","0","0","라이트","무알코올","","하이볼","여름","레몬 주스 20ml (⅔ oz), 민트 6~8장, 설탕 시럽 15ml (½ oz), 탄산수 적당량(약 90ml)","","달콤, 상큼, 탄산, 민트, 시트러스","상쾌한, 브런치","5","1. 하이볼에 민트 6~8장을 넣고 머들러로 가볍게 으깬다. / 2. 하이볼에 얼음을 채운다. / 3. 레몬 주스 20ml (⅔ oz), 설탕 시럽 15ml (½ oz)를 붓는다. / 4. 탄산수 적당량(약 90ml)로 채우고 바 스푼으로 가볍게 한 번 젓는다. / 5. 레몬 필로 가니시한다.","AUTO","0","0","0","과일즙에 물이나 탄산수, 단맛을 더한 레모네이드·에이드 계열 음료. 개별 창시자 기록은 없음.
레몬 음료는 12세기 이집트의 궁정 의사 이븐 주마이의 기록까지 거슬러 올라감.","https://raw.githubusercontent.com/rlaaudgjs2/onz-cocktail-images/main/cocktail_image_file/old/onz_cocktail_Mint_Lemonade.webp","http://onz-cocktail.kr/uploads/glasses/onz_glasstype_highball.webp","2026-09-22 12:00:00","2026-09-22 12:00:00","none","0","0","4","4","0","0","1","4","5","0","0","0","0","5","0","0","0","0","0","0","0","0","0","0","0","0","3","0","2","5","4","1","0","long","","verified","image_old","https://en.wikipedia.org/wiki/Lemonade"
"356","믹스테카","Mixteca","강함","21","23","스탠다드","메즈칼","","록스","사계절","메즈칼 45ml (1½ oz), 라임 주스 20ml (⅔ oz), 아가베 15ml (½ oz), 칠리 2~3조각","","달콤, 상큼, 강한, 묵직한, 스모키, 시트러스","천천히 음미","4","1. 셰이커(또는 믹싱 글라스)에 칠리 2~3조각을 넣고 가볍게 으깬다. / 2. 셰이커에 얼음과 메즈칼 45ml (1½ oz), 라임 주스 20ml (⅔ oz), 아가베 15ml (½ oz)를 넣고 15초간 강하게 셰이킹한다. / 3. 큰 얼음을 넣은 록스에 더블 스트레이닝하여 따른다. / 4. 라임 휠로 가니시한다.","AUTO","0","0","0","onz 오리지널 레시피 (이미지 기반 추정, 검수 필요)","https://raw.githubusercontent.com/rlaaudgjs2/onz-cocktail-images/main/cocktail_image_file/old/onz_cocktail_Mixteca.webp","http://onz-cocktail.kr/uploads/glasses/onz_glasstype_rocks.webp","2026-09-22 12:00:00","2026-09-22 12:00:00","mezcal","22","2","3","3","1","3","3","0","3","0","0","0","0","0","0","2","0","0","0","4","0","0","0","0","0","0","0","2","0","2","1","3","0","rocks","","needs_review","image_old",""
"357","모나코 블루","Monaco Blue","보통","11","13","스탠다드","보드카","","하이볼","여름","보드카 45ml (1½ oz), 블루 큐라소 15ml (½ oz), 라임 ½개, 레모네이드 적당량(약 90ml), 민트 6~8장","","달콤, 상큼, 탄산, 시트러스","상쾌한, 파티","5","1. 하이볼에 라임 ½개, 민트 6~8장을 넣고 머들러로 가볍게 으깬다. / 2. 하이볼에 얼음을 채운다. / 3. 보드카 45ml (1½ oz), 블루 큐라소 15ml (½ oz)를 붓는다. / 4. 레모네이드 적당량(약 90ml)로 채우고 바 스푼으로 가볍게 한 번 젓는다. / 5. 라임 휠로 가니시한다.","AUTO","0","0","0","onz 오리지널 레시피 (이미지 기반 추정, 검수 필요)","https://raw.githubusercontent.com/rlaaudgjs2/onz-cocktail-images/main/cocktail_image_file/old/onz_cocktail_Monaco_Blue.webp","http://onz-cocktail.kr/uploads/glasses/onz_glasstype_highball.webp","2026-09-22 12:00:00","2026-09-22 12:00:00","vodka|liqueur","12","1","4","3","0","1","2","4","4","2","0","0","0","2","0","0","0","0","0","0","0","0","0","0","0","3","3","0","0","4","1","1","0","long","","needs_review","image_old",""
"358","몬테레이 미스트","Monterrey Mist","보통","17","19","스탠다드","테킬라","","록스","사계절","레포사도 테킬라 45ml (1½ oz), 오렌지 필, 아가베 15ml (½ oz)","","달콤, 강한, 묵직한, 시트러스","천천히 음미","3","1. 셰이커에 얼음과 레포사도 테킬라 45ml (1½ oz), 아가베 15ml (½ oz)를 넣고 15초간 강하게 셰이킹한다. / 2. 큰 얼음을 넣은 록스에 걸러 따른다. / 3. 오렌지 필로 가니시한다.","AUTO","0","0","0","onz 오리지널 레시피 (이미지 기반 추정, 검수 필요)","https://raw.githubusercontent.com/rlaaudgjs2/onz-cocktail-images/main/cocktail_image_file/old/onz_cocktail_Monterrey_Mist.webp","http://onz-cocktail.kr/uploads/glasses/onz_glasstype_rocks.webp","2026-09-22 12:00:00","2026-09-22 12:00:00","tequila","18","2","3","2","0","3","3","0","3","0","0","0","0","0","0","0","0","0","2","0","0","0","0","0","0","0","0","2","0","2","1","1","0","rocks","","needs_review","image_old",""
"359","몽마르트르","Montmartre","강함","21","23","스탠다드","진","","쿠페","사계절","진 45ml (1½ oz), 오렌지 리큐르 15ml (½ oz), 레몬 주스 20ml (⅔ oz), 엘더플라워 리큐르 20ml (⅔ oz)","","달콤, 강한, 묵직한, 시트러스","식전","3","1. 셰이커에 얼음과 진 45ml (1½ oz), 오렌지 리큐르 15ml (½ oz), 레몬 주스 20ml (⅔ oz), 엘더플라워 리큐르 20ml (⅔ oz)를 넣고 15초간 강하게 셰이킹한다. / 2. 차갑게 식힌 쿠페에 걸러 따른다. / 3. 오렌지 필로 가니시한다.","AUTO","0","0","0","onz 오리지널 레시피 (이미지 기반 추정, 검수 필요)","https://raw.githubusercontent.com/rlaaudgjs2/onz-cocktail-images/main/cocktail_image_file/old/onz_cocktail_Montmartre.webp","http://onz-cocktail.kr/uploads/glasses/onz_glasstype_coupe.webp","2026-09-22 12:00:00","2026-09-22 12:00:00","gin|liqueur","22","2","3","2","0","3","3","0","4","0","0","0","2","0","1","0","0","0","0","0","0","0","2","0","0","0","0","0","0","2","1","2","0","up","","needs_review","image_old",""
"360","모리타 마가리타","Morita Margarita","강함","19","21","스탠다드","테킬라","","마가리타","가을","테킬라 45ml (1½ oz), 모리타 칠리 시럽 15ml (½ oz), 트리플 섹 15ml (½ oz), 라임 주스 20ml (⅔ oz)","","달콤, 상큼, 강한, 묵직한, 스파이시, 시트러스","파티, 식사와 함께","3","1. 셰이커에 얼음과 테킬라 45ml (1½ oz), 모리타 칠리 시럽 15ml (½ oz), 트리플 섹 15ml (½ oz), 라임 주스 20ml (⅔ oz)를 넣고 15초간 강하게 셰이킹한다. / 2. 차갑게 식힌 마가리타에 걸러 따른다. / 3. 라임 휠로 가니시한다.","AUTO","0","0","0","마가리타 변형. 개별 창시자 기록은 없음.
마가리타는 1930~40년대 멕시코에서 생겼다는 여러 설이 있고 첫 레시피는 1953년 『에스콰이어』에 실림. 과일 프로즌 마가리타는 1971년 댈러스에서 마가리타 기계가 나온 뒤 퍼짐.","https://raw.githubusercontent.com/rlaaudgjs2/onz-cocktail-images/main/cocktail_image_file/old/onz_cocktail_Morita_Margarita.webp","http://onz-cocktail.kr/uploads/glasses/onz_glasstype_margarita.webp","2026-09-22 12:00:00","2026-09-22 12:00:00","tequila|liqueur","20","2","3","4","1","3","3","0","4","0","0","0","0","0","0","4","0","0","0","2","0","0","0","2","0","2","0","0","0","3","1","3","0","up","","verified","image_old","https://en.wikipedia.org/wiki/Margarita"
"361","모로코 민트","Morocco Mint","보통","11","13","스페셜","진","","하이볼","여름","진 45ml (1½ oz), 민트 티 120ml (4 oz), 꿀 15ml (½ oz), 레몬 ½개, 탄산수 적당량(약 90ml)","","달콤, 탄산, 민트","상쾌한, 식사와 함께","4","1. 하이볼에 레몬 ½개를 넣고 머들러로 가볍게 으깬다. / 2. 하이볼에 얼음을 채운다. / 3. 진 45ml (1½ oz), 민트 티 120ml (4 oz), 꿀 15ml (½ oz)를 붓는다. / 4. 탄산수 적당량(약 90ml)로 채우고 바 스푼으로 가볍게 한 번 젓는다.","AUTO","0","0","0","onz 오리지널 레시피 (이미지 기반 추정, 검수 필요)","https://raw.githubusercontent.com/rlaaudgjs2/onz-cocktail-images/main/cocktail_image_file/old/onz_cocktail_Morocco_Mint.webp","http://onz-cocktail.kr/uploads/glasses/onz_glasstype_highball.webp","2026-09-22 12:00:00","2026-09-22 12:00:00","gin","12","1","3","2","0","1","2","4","2","0","0","0","2","5","0","0","0","0","0","0","0","0","0","2","0","0","3","0","0","4","1","4","0","long","caffeine","needs_review","image_old",""
"362","모스카토 스프리츠","Moscato Spritz","약함","6","8","라이트","와인","","와인 글라스","여름","모스카토 다스티 120ml (4 oz), 엘더플라워 리큐르 20ml (⅔ oz), 탄산수 적당량(약 90ml)","","달콤, 탄산, 과일향, 꽃향","브런치, 상쾌한","3","1. 와인 글라스에 얼음을 채운다. / 2. 모스카토 다스티 120ml (4 oz), 엘더플라워 리큐르 20ml (⅔ oz)를 붓는다. / 3. 탄산수 적당량(약 90ml)로 채우고 바 스푼으로 가볍게 한 번 젓는다.","AUTO","0","0","0","달콤한 모스카토 스파클링 와인으로 만드는 스프리츠. 개별 창시자 기록은 없음.
스프리츠는 19세기 베네토에서 오스트리아 군인들이 와인에 물을 '뿌려(spritzen)' 달라고 한 데서 시작됨.","https://raw.githubusercontent.com/rlaaudgjs2/onz-cocktail-images/main/cocktail_image_file/old/onz_cocktail_Moscato_Spritz.webp","http://onz-cocktail.kr/uploads/glasses/onz_glasstype_wine_glass.webp","2026-09-22 12:00:00","2026-09-22 12:00:00","sparkling|liqueur","7","0","4","1","0","0","1","4","2","0","0","3","0","0","3","0","0","0","0","0","0","0","0","0","0","0","2","0","3","5","2","1","0","long","","verified","image_old","https://en.wikipedia.org/wiki/Spritz_(cocktail)"
"363","마운틴 맨","Mountain Man","강함","27","29","스트롱","위스키","","록스","가을","라이 위스키 45ml (1½ oz), 메이플 15ml (½ oz), 비터스 2 dashes, 스모크","","달콤, 강한, 묵직한, 오크·캐러멜, 스파이시","천천히 음미","3","1. 셰이커에 얼음과 라이 위스키 45ml (1½ oz), 메이플 15ml (½ oz), 비터스 2 dashes를 넣고 15초간 강하게 셰이킹한다. / 2. 큰 얼음을 넣은 록스에 걸러 따른다. / 3. 스모크로 가니시한다.","AUTO","0","0","0","onz 오리지널 레시피 (이미지 기반 추정, 검수 필요)","https://raw.githubusercontent.com/rlaaudgjs2/onz-cocktail-images/main/cocktail_image_file/old/onz_cocktail_Mountain_Man.webp","http://onz-cocktail.kr/uploads/glasses/onz_glasstype_rocks.webp","2026-09-22 12:00:00","2026-09-22 12:00:00","whiskey","28","3","3","1","2","5","4","0","0","0","0","0","0","0","0","3","0","0","5","0","0","0","0","0","0","0","0","3","0","1","1","2","0","rocks","","needs_review","image_old",""
"364","머디 슬라이드","Muddy Slide","보통","13","15","스탠다드","보드카","","허리케인","사계절","보드카 45ml (1½ oz), 커피 리큐르 15ml (½ oz), 아이리시 크림 15ml (½ oz), 아이스크림 30ml (1 oz)","","달콤, 묵직한, 커피·초콜릿, 크리미","디저트","3","1. 블렌더에 보드카 45ml (1½ oz), 커피 리큐르 15ml (½ oz), 아이리시 크림 15ml (½ oz), 아이스크림 30ml (1 oz)와 얼음 1컵을 넣는다. / 2. 부드러워질 때까지 20~30초간 간다. / 3. 허리케인에 따른다.","AUTO","0","0","0","블랙 러시안에 아이리시 크림을 더한 '머드슬라이드'를 아이스크림과 함께 갈아 만든 디저트 버전.
블랙 러시안은 1949년 브뤼셀 메트로폴 호텔의 바텐더 귀스타브 톱스가 만든 칵테일.","https://raw.githubusercontent.com/rlaaudgjs2/onz-cocktail-images/main/cocktail_image_file/old/onz_cocktail_Muddy_Slide.webp","http://onz-cocktail.kr/uploads/glasses/onz_glasstype_hurricane.webp","2026-09-22 12:00:00","2026-09-22 12:00:00","vodka|liqueur","14","1","5","0","0","1","5","0","0","0","0","0","0","0","0","0","5","5","0","0","0","0","0","0","3","0","0","0","0","4","3","2","0","frozen","dairy|caffeine","verified","image_old","https://en.wikipedia.org/wiki/Black_Russian"
"365","쑥 마티니","Mugwort Martini","강함","25","27","스트롱","진","","마티니","사계절","쑥 인퓨즈드 진 45ml (1½ oz), 드라이 베르무트 20ml (⅔ oz), 꿀 15ml (½ oz)","","쌉싸름, 강한, 묵직한, 허브","식전","2","1. 셰이커에 얼음과 쑥 인퓨즈드 진 45ml (1½ oz), 드라이 베르무트 20ml (⅔ oz), 꿀 15ml (½ oz)를 넣고 15초간 강하게 셰이킹한다. / 2. 차갑게 식힌 마티니에 걸러 따른다.","AUTO","0","0","0","onz 오리지널 레시피 (이미지 기반 추정, 검수 필요)","https://raw.githubusercontent.com/rlaaudgjs2/onz-cocktail-images/main/cocktail_image_file/old/onz_cocktail_Mugwort_Martini.webp","http://onz-cocktail.kr/uploads/glasses/onz_glasstype_martini.webp","2026-09-22 12:00:00","2026-09-22 12:00:00","gin|fortified","26","3","2","1","3","4","3","0","0","0","0","0","5","0","0","0","0","0","0","0","0","0","2","0","0","0","0","1","0","1","1","5","0","up","","needs_review","image_old",""
"366","멀드 사이다","Mulled Cider","약함","5","7","라이트","브랜디","","머그","겨울","사과 주스(사이다) 150ml (5 oz), 브랜디 45ml (1½ oz), 시나몬 스틱 1개, 정향 3~4개, 오렌지 ½개","","달콤, 묵직한, 과일향, 스파이시","천천히 음미, 파티","2","1. 머그를 뜨거운 물로 데운다. / 2. 사과 주스(사이다) 150ml (5 oz), 브랜디 45ml (1½ oz), 시나몬 스틱 1개, 정향 3~4개, 오렌지 ½개를 넣고 가볍게 젓는다.","AUTO","0","0","0","향신료를 넣어 데운 와인(멀드 와인)의 사과주 버전으로, 영국에서는 크리스마스 시즌에 멀드 와인과 함께 즐겨 마심.
알코올이 없는 사과 주스 버전도 있음.","https://raw.githubusercontent.com/rlaaudgjs2/onz-cocktail-images/main/cocktail_image_file/old/onz_cocktail_Mulled_Cider.webp","http://onz-cocktail.kr/uploads/glasses/onz_glasstype_copper_mug.webp","2026-09-22 12:00:00","2026-09-22 12:00:00","brandy","6","0","4","1","0","0","3","0","0","0","0","5","0","0","0","5","0","0","0","0","0","0","0","0","0","2","0","3","0","5","3","1","0","hot","","verified","image_old","https://en.wikipedia.org/wiki/Mulled_wine"
"367","뭄바이 마티니","Mumbai Martini","강함","23","25","스페셜","진","","마티니","가을","진 45ml (1½ oz), 카다멈 3알, 드라이 베르무트 20ml (⅔ oz), 레몬 주스 20ml (⅔ oz)","","강한, 묵직한, 스파이시, 허브","식전","3","1. 셰이커(또는 믹싱 글라스)에 카다멈 3알을 넣고 가볍게 으깬다. / 2. 셰이커에 얼음과 진 45ml (1½ oz), 드라이 베르무트 20ml (⅔ oz), 레몬 주스 20ml (⅔ oz)를 넣고 15초간 강하게 셰이킹한다. / 3. 차갑게 식힌 마티니에 더블 스트레이닝하여 따른다.","AUTO","0","0","0","onz 오리지널 레시피 (이미지 기반 추정, 검수 필요)","https://raw.githubusercontent.com/rlaaudgjs2/onz-cocktail-images/main/cocktail_image_file/old/onz_cocktail_Mumbai_Martini.webp","http://onz-cocktail.kr/uploads/glasses/onz_glasstype_martini.webp","2026-09-22 12:00:00","2026-09-22 12:00:00","gin","24","2","2","2","1","4","3","0","0","0","0","0","3","0","0","4","0","0","0","0","0","0","2","0","0","0","0","0","0","2","1","4","0","up","","needs_review","image_old",""
"368","뭄바이 선셋","Mumbai Sunset","보통","12","14","스탠다드","럼","","쿠페","여름","럼 45ml (1½ oz), 망고 주스 30ml (1 oz), 라임 주스 20ml (⅔ oz), 그레나딘 10ml (⅓ oz), 카다멈 3알","","달콤, 상큼, 열대과일","상쾌한","3","1. 셰이커(또는 믹싱 글라스)에 카다멈 3알을 넣고 가볍게 으깬다. / 2. 셰이커에 얼음과 럼 45ml (1½ oz), 망고 주스 30ml (1 oz), 라임 주스 20ml (⅔ oz), 그레나딘 10ml (⅓ oz)를 넣고 15초간 강하게 셰이킹한다. / 3. 차갑게 식힌 쿠페에 더블 스트레이닝하여 따른다.","AUTO","0","0","0","onz 오리지널 레시피 (이미지 기반 추정, 검수 필요)","https://raw.githubusercontent.com/rlaaudgjs2/onz-cocktail-images/main/cocktail_image_file/old/onz_cocktail_Mumbai_Sunset.webp","http://onz-cocktail.kr/uploads/glasses/onz_glasstype_coupe.webp","2026-09-22 12:00:00","2026-09-22 12:00:00","rum","13","1","4","3","0","1","2","0","0","4","2","0","0","0","0","2","0","0","0","0","0","0","0","0","0","0","3","0","0","4","1","2","0","up","","needs_review","image_old",""
"369","나이로비 나이트","Nairobi Night","보통","15","17","스탠다드","보드카","","록스","사계절","보드카 45ml (1½ oz), 블루 큐라소 15ml (½ oz), 커피 리큐르 15ml (½ oz), 라임 주스 20ml (⅔ oz)","","달콤, 묵직한, 커피·초콜릿","천천히 음미, 디저트","2","1. 셰이커에 얼음과 보드카 45ml (1½ oz), 블루 큐라소 15ml (½ oz), 커피 리큐르 15ml (½ oz), 라임 주스 20ml (⅔ oz)를 넣고 15초간 강하게 셰이킹한다. / 2. 큰 얼음을 넣은 록스에 걸러 따른다.","AUTO","0","0","0","onz 오리지널 레시피 (이미지 기반 추정, 검수 필요)","https://raw.githubusercontent.com/rlaaudgjs2/onz-cocktail-images/main/cocktail_image_file/old/onz_cocktail_Nairobi_Night.webp","http://onz-cocktail.kr/uploads/glasses/onz_glasstype_rocks.webp","2026-09-22 12:00:00","2026-09-22 12:00:00","vodka|liqueur","16","2","4","2","0","2","3","0","2","0","0","0","0","0","0","0","3","0","0","0","0","0","0","0","2","0","0","2","0","3","1","1","0","rocks","caffeine","needs_review","image_old",""
"370","넬슨스 블러드","Nelson's Blood","보통","15","17","스탠다드","럼","","록스","가을","네이비 럼 45ml (1½ oz), 포트 와인 45ml (1½ oz), 오렌지 필","","달콤, 묵직한, 오크·캐러멜, 베리","천천히 음미, 식사와 함께","4","1. 믹싱 글라스에 얼음과 네이비 럼 45ml (1½ oz), 포트 와인 45ml (1½ oz)를 넣는다. / 2. 20~30초간 충분히 젓는다. / 3. 큰 얼음을 넣은 록스에 걸러 따른다. / 4. 오렌지 필로 가니시한다.","AUTO","0","0","0","'넬슨의 피'는 럼의 별칭으로, 1805년 트라팔가르 해전에서 전사한 넬슨 제독의 시신을 럼 통에 담아 영국으로 옮겼고 수병들이 몰래 그 럼을 마셨다는 이야기에서 나옴.
실제로 시신 보존에는 브랜디 등을 섞은 액체를 썼다고 알려져 있음. 네이비 럼과 포트 와인을 섞은 칵테일은 이 별칭에서 이름을 땀.","https://raw.githubusercontent.com/rlaaudgjs2/onz-cocktail-images/main/cocktail_image_file/old/onz_cocktail_Nelsons_Blood.webp","http://onz-cocktail.kr/uploads/glasses/onz_glasstype_rocks.webp","2026-09-22 12:00:00","2026-09-22 12:00:00","rum|fortified","16","2","4","1","0","2","4","0","0","0","3","0","0","0","0","0","0","0","3","0","0","0","0","2","0","0","0","2","0","3","1","3","0","rocks","","verified","image_old","https://www.thetrafalgarway.org/blog/a-drop-of-nelson-s-blood"
"371","뉴잉글랜드 사이다","New England Cider","보통","11","13","스탠다드","위스키","","하이볼","가을","버번 45ml (1½ oz), 사과 사이다 적당량(약 90ml), 메이플 15ml (½ oz), 레몬 주스 20ml (⅔ oz)","","달콤, 탄산, 과일향, 스파이시","천천히 음미, 파티","3","1. 하이볼에 얼음을 채운다. / 2. 버번 45ml (1½ oz), 메이플 15ml (½ oz), 레몬 주스 20ml (⅔ oz)를 붓는다. / 3. 사과 사이다 적당량(약 90ml)로 채우고 바 스푼으로 가볍게 한 번 젓는다.","AUTO","0","0","0","onz 오리지널 레시피 (이미지 기반 추정, 검수 필요)","https://raw.githubusercontent.com/rlaaudgjs2/onz-cocktail-images/main/cocktail_image_file/old/onz_cocktail_New_England_Cider.webp","http://onz-cocktail.kr/uploads/glasses/onz_glasstype_highball.webp","2026-09-22 12:00:00","2026-09-22 12:00:00","whiskey","12","1","4","2","0","2","2","4","0","0","0","4","0","0","0","3","0","0","0","0","0","0","0","0","0","2","0","2","0","4","1","2","0","long","","needs_review","image_old",""
"372","뉴올리언스 버번","New Orleans Bourbon","강함","29","31","스트롱","위스키","","록스","가을","버번 45ml (1½ oz), 페이쇼드 비터스 2 dashes, 설탕 1 tsp, 압생트 린스 린스(약간)","","달콤, 강한, 묵직한, 오크·캐러멜","천천히 음미","2","1. 셰이커에 얼음과 버번 45ml (1½ oz), 설탕 1 tsp, 페이쇼드 비터스 2 dashes, 압생트 린스 린스(약간)를 넣고 15초간 강하게 셰이킹한다. / 2. 큰 얼음을 넣은 록스에 걸러 따른다.","AUTO","0","0","0","onz 오리지널 레시피 (이미지 기반 추정, 검수 필요)","https://raw.githubusercontent.com/rlaaudgjs2/onz-cocktail-images/main/cocktail_image_file/old/onz_cocktail_New_Orleans_Bourbon.webp","http://onz-cocktail.kr/uploads/glasses/onz_glasstype_rocks.webp","2026-09-22 12:00:00","2026-09-22 12:00:00","whiskey","30","3","3","1","2","5","4","0","0","0","0","0","0","0","0","2","0","0","4","0","2","0","0","0","0","0","0","3","0","1","1","4","0","rocks","","needs_review","image_old",""
"373","뉴욕 슬링","New York Sling","보통","14","16","스탠다드","진","","하이볼","봄","진 45ml (1½ oz), 체리 리큐르 15ml (½ oz), 레몬 주스 20ml (⅔ oz), 탄산수 적당량(약 90ml)","","달콤, 상큼, 탄산, 베리, 시트러스","파티","4","1. 하이볼에 얼음을 채운다. / 2. 진 45ml (1½ oz), 체리 리큐르 15ml (½ oz), 레몬 주스 20ml (⅔ oz)를 붓는다. / 3. 탄산수 적당량(약 90ml)로 채우고 바 스푼으로 가볍게 한 번 젓는다. / 4. 레몬 필로 가니시한다.","AUTO","0","0","0","onz 오리지널 레시피 (이미지 기반 추정, 검수 필요)","https://raw.githubusercontent.com/rlaaudgjs2/onz-cocktail-images/main/cocktail_image_file/old/onz_cocktail_New_York_Sling.webp","http://onz-cocktail.kr/uploads/glasses/onz_glasstype_highball.webp","2026-09-22 12:00:00","2026-09-22 12:00:00","gin|liqueur","15","2","4","3","0","2","2","4","3","0","3","0","2","0","0","0","0","0","0","0","0","0","0","0","0","2","0","0","0","4","1","2","0","long","","needs_review","image_old",""
"374","니콜라슈카","Nikolaschka","강함","37","39","스트롱","브랜디","","샷 글라스","가을","코냑 1샷 45ml (1½ oz), 레몬 슬라이스, 설탕 1 tsp, 커피 가루 적당량","","달콤, 강한, 시트러스, 오크·캐러멜","디저트, 파티","2","1. 샷 글라스에 코냑 1샷 45ml (1½ oz), 설탕 1 tsp, 커피 가루 적당량을 따른다. / 2. 레몬 슬라이스로 가니시한다.","AUTO","0","0","0","독일에서 전해지는 코냑 샷 음용법. 설탕과 커피 가루를 얹은 레몬 슬라이스를 씹은 뒤 코냑을 마심.
창시자나 이름의 유래에 대한 확실한 기록은 없음.","https://raw.githubusercontent.com/rlaaudgjs2/onz-cocktail-images/main/cocktail_image_file/old/onz_cocktail_Nikolaschka.webp","http://onz-cocktail.kr/uploads/glasses/onz_glasstype_rocks.webp","2026-09-22 12:00:00","2026-09-22 12:00:00","brandy","38","3","4","2","0","5","1","0","4","0","0","0","0","0","0","0","2","0","3","0","0","0","0","0","2","2","0","0","0","2","1","3","0","shot","","verified","image_old","https://www.tasteatlas.com/nikolaschka/recipe"
"375","오악사칸 올드 패션드","Oaxacan Old Fashioned","강함","31","33","스트롱","테킬라","","록스","가을","레포사도 테킬라 30ml (1 oz), 메즈칼 30ml (1 oz), 아가베 15ml (½ oz), 몰레 비터스 2 dashes","","달콤, 강한, 묵직한, 스모키, 오크·캐러멜","천천히 음미","2","1. 셰이커에 얼음과 레포사도 테킬라 30ml (1 oz), 메즈칼 30ml (1 oz), 아가베 15ml (½ oz), 몰레 비터스 2 dashes를 넣고 15초간 강하게 셰이킹한다. / 2. 큰 얼음을 넣은 록스에 걸러 따른다.","AUTO","0","0","0","2007년 뉴욕 맨해튼의 바 데스 앤 코(Death & Co)에서 바텐더 필 워드가 단골손님을 위해 즉석에서 만듦.
이름은 바 주인 데이비드 캐플런이 붙였고, 레포사도 테킬라와 메즈칼을 쓴 현대 클래식이 됨.","https://raw.githubusercontent.com/rlaaudgjs2/onz-cocktail-images/main/cocktail_image_file/old/onz_cocktail_Oaxacan_Old_Fashioned.webp","http://onz-cocktail.kr/uploads/glasses/onz_glasstype_rocks.webp","2026-09-22 12:00:00","2026-09-22 12:00:00","tequila|mezcal","32","3","3","0","2","5","4","0","0","0","0","0","0","0","0","2","0","0","3","5","0","0","0","0","0","0","0","3","0","1","3","5","0","rocks","","verified","image_old","https://punchdrink.com/articles/oaxaca-old-fashioned-became-modern-classic-mezcal-cocktail-recipe/"
"376","오키나와 선셋","Okinawa Sunset","보통","11","13","스탠다드","기타","","쿠페","여름","아와모리 45ml (1½ oz), 파인애플 주스 30ml (1 oz), 시콰사 주스 30ml (1 oz), 그레나딘 10ml (⅓ oz)","","달콤, 상큼, 열대과일, 시트러스","상쾌한","3","1. 셰이커에 얼음과 아와모리 45ml (1½ oz), 파인애플 주스 30ml (1 oz), 시콰사 주스 30ml (1 oz), 그레나딘 10ml (⅓ oz)를 넣고 15초간 강하게 셰이킹한다. / 2. 차갑게 식힌 쿠페에 걸러 따른다. / 3. 레몬 필로 가니시한다.","AUTO","0","0","0","onz 오리지널 레시피 (이미지 기반 추정, 검수 필요)","https://raw.githubusercontent.com/rlaaudgjs2/onz-cocktail-images/main/cocktail_image_file/old/onz_cocktail_Okinawa_Sunset.webp","http://onz-cocktail.kr/uploads/glasses/onz_glasstype_coupe.webp","2026-09-22 12:00:00","2026-09-22 12:00:00","other","12","1","4","3","0","1","2","0","3","4","2","0","0","0","0","0","0","0","0","0","0","0","0","0","0","0","3","0","0","4","1","1","0","up","","needs_review","image_old",""
"377","오미자 피즈","Omija Fizz","약함","7","9","라이트","소주","","쿠페","여름","소주 45ml (1½ oz), 오미자청 20ml (⅔ oz), 레몬 주스 20ml (⅔ oz), 계란 흰자 1개분, 탄산수 적당량(약 90ml)","","달콤, 상큼, 탄산, 베리, 시트러스","상쾌한, 파티","5","1. 셰이커에 소주 45ml (1½ oz), 오미자청 20ml (⅔ oz), 레몬 주스 20ml (⅔ oz), 계란 흰자 1개분을 넣고 얼음 없이 10초간 드라이 셰이킹한다. / 2. 얼음을 넣고 15초간 다시 강하게 셰이킹한다. / 3. 차갑게 식힌 쿠페에 걸러 따른다. / 4. 탄산수 적당량(약 90ml)로 채운다. / 5. 레몬 필로 가니시한다.","AUTO","0","0","0","onz 오리지널 레시피 (이미지 기반 추정, 검수 필요)","https://raw.githubusercontent.com/rlaaudgjs2/onz-cocktail-images/main/cocktail_image_file/old/onz_cocktail_Omija_Fizz.webp","http://onz-cocktail.kr/uploads/glasses/onz_glasstype_coupe.webp","2026-09-22 12:00:00","2026-09-22 12:00:00","soju","8","1","4","4","0","1","2","4","3","0","4","0","0","0","0","1","0","0","0","0","0","0","0","0","0","2","3","0","0","5","2","2","0","up","egg","needs_review","image_old",""
"378","오렌지 블로섬","Orange Blossom","보통","15","17","스탠다드","진","","쿠페","사계절","진 45ml (1½ oz), 오렌지 주스 30ml (1 oz), 설탕 시럽 15ml (½ oz)","","달콤, 시트러스","브런치","3","1. 셰이커에 얼음과 진 45ml (1½ oz), 오렌지 주스 30ml (1 oz), 설탕 시럽 15ml (½ oz)를 넣고 15초간 강하게 셰이킹한다. / 2. 차갑게 식힌 쿠페에 걸러 따른다. / 3. 오렌지 필로 가니시한다.","AUTO","0","0","0","금주법 시대에 유행한 칵테일로, 1932년 로버트 베르메르의 『Cocktails: How to Mix Them』에 '피츠버그의 멀로이'가 만든 것으로 처음 기록됨.
쿠바 아바나의 슬로피 조스와 엘 플로리디타 같은 바에서도 미국인 손님들에게 인기가 많았음.","https://raw.githubusercontent.com/rlaaudgjs2/onz-cocktail-images/main/cocktail_image_file/old/onz_cocktail_Orange_Blossom.webp","http://onz-cocktail.kr/uploads/glasses/onz_glasstype_coupe.webp","2026-09-22 12:00:00","2026-09-22 12:00:00","gin","16","2","3","2","0","2","2","0","5","0","0","0","0","0","1","0","0","0","0","0","0","0","0","0","0","0","0","0","3","5","2","2","0","up","","verified","image_old","https://www.diffordsguide.com/cocktails/recipe/1440/orange-blossom"
"379","오사카 사워","Osaka Sour","보통","13","15","스탠다드","위스키","","록스","사계절","재패니즈 위스키 30ml (1 oz), 사케 30ml (1 oz), 유자 주스 30ml (1 oz), 계란 흰자 1개분","","달콤, 상큼, 묵직한, 시트러스","식사와 함께","4","1. 셰이커에 재패니즈 위스키 30ml (1 oz), 사케 30ml (1 oz), 유자 주스 30ml (1 oz), 계란 흰자 1개분을 넣고 얼음 없이 10초간 드라이 셰이킹한다. / 2. 얼음을 넣고 15초간 다시 강하게 셰이킹한다. / 3. 큰 얼음을 넣은 록스에 걸러 따른다. / 4. 레몬 필로 가니시한다.","AUTO","0","0","0","onz 오리지널 레시피 (이미지 기반 추정, 검수 필요)","https://raw.githubusercontent.com/rlaaudgjs2/onz-cocktail-images/main/cocktail_image_file/old/onz_cocktail_Osaka_Sour.webp","http://onz-cocktail.kr/uploads/glasses/onz_glasstype_rocks.webp","2026-09-22 12:00:00","2026-09-22 12:00:00","whiskey|sake","14","1","3","4","0","2","3","0","4","0","0","0","0","0","0","0","0","0","2","0","0","0","0","3","0","0","0","0","0","3","1","2","0","rocks","egg","needs_review","image_old",""
"380","팟타이 칵테일","Pad Thai Cocktail","보통","14","16","스탠다드","럼","","록스","가을","럼 45ml (1½ oz), 타마린드 퓌레 30ml (1 oz), 라임 주스 20ml (⅔ oz), 팜슈거 15ml (½ oz), 칠리 2~3조각","","달콤, 상큼, 묵직한, 시트러스, 스파이시","식사와 함께","4","1. 셰이커(또는 믹싱 글라스)에 칠리 2~3조각을 넣고 가볍게 으깬다. / 2. 셰이커에 얼음과 럼 45ml (1½ oz), 타마린드 퓌레 30ml (1 oz), 라임 주스 20ml (⅔ oz), 팜슈거 15ml (½ oz)를 넣고 15초간 강하게 셰이킹한다. / 3. 큰 얼음을 넣은 록스에 더블 스트레이닝하여 따른다. / 4. 라임 휠로 가니시한다.","AUTO","0","0","0","onz 오리지널 레시피 (이미지 기반 추정, 검수 필요)","https://raw.githubusercontent.com/rlaaudgjs2/onz-cocktail-images/main/cocktail_image_file/old/onz_cocktail_Pad_Thai_Cocktail.webp","http://onz-cocktail.kr/uploads/glasses/onz_glasstype_rocks.webp","2026-09-22 12:00:00","2026-09-22 12:00:00","rum","15","2","3","4","1","2","3","0","4","2","0","0","0","0","0","3","0","0","0","0","0","2","0","3","0","0","0","0","0","2","1","3","0","rocks","","needs_review","image_old",""
"381","파카르디","Pakardi","보통","17","19","스탠다드","럼","","쿠페","여름","화이트 럼 45ml (1½ oz), 라임 주스 20ml (⅔ oz), 레몬 주스 20ml (⅔ oz), 설탕 1 tsp","","달콤, 상큼, 묵직한, 시트러스","상쾌한","3","1. 셰이커에 얼음과 화이트 럼 45ml (1½ oz), 라임 주스 20ml (⅔ oz), 레몬 주스 20ml (⅔ oz), 설탕 1 tsp를 넣고 15초간 강하게 셰이킹한다. / 2. 차갑게 식힌 쿠페에 걸러 따른다. / 3. 라임 휠로 가니시한다.","AUTO","0","0","0","onz 오리지널 레시피 (이미지 기반 추정, 검수 필요)","https://raw.githubusercontent.com/rlaaudgjs2/onz-cocktail-images/main/cocktail_image_file/old/onz_cocktail_Pakardi.webp","http://onz-cocktail.kr/uploads/glasses/onz_glasstype_coupe.webp","2026-09-22 12:00:00","2026-09-22 12:00:00","rum","18","2","3","3","0","2","3","0","4","2","0","0","0","0","0","0","0","0","0","0","0","0","0","0","0","0","2","0","0","3","1","1","0","up","","needs_review","image_old",""
"382","팔린카 칵테일","Palinka","강함","19","21","스탠다드","브랜디","","쿠페","가을","팔린카(과일 브랜디) 45ml (1½ oz), 레몬 주스 20ml (⅔ oz), 꿀 15ml (½ oz)","","달콤, 강한, 과일향","식전","2","1. 셰이커에 얼음과 팔린카(과일 브랜디) 45ml (1½ oz), 레몬 주스 20ml (⅔ oz), 꿀 15ml (½ oz)를 넣고 15초간 강하게 셰이킹한다. / 2. 차갑게 식힌 쿠페에 걸러 따른다.","AUTO","0","0","0","onz 오리지널 레시피 (이미지 기반 추정, 검수 필요)","https://raw.githubusercontent.com/rlaaudgjs2/onz-cocktail-images/main/cocktail_image_file/old/onz_cocktail_Palinka.webp","http://onz-cocktail.kr/uploads/glasses/onz_glasstype_coupe.webp","2026-09-22 12:00:00","2026-09-22 12:00:00","brandy","20","2","3","2","0","3","2","0","2","0","0","4","0","0","0","0","0","0","0","0","0","0","2","0","0","0","0","0","0","3","1","2","0","up","","needs_review","image_old",""
"383","팔로마 로사다","Paloma Rosada","보통","10","12","스탠다드","테킬라","","하이볼","여름","테킬라 45ml (1½ oz), 자몽 주스 90ml (3 oz), 라임 주스 20ml (⅔ oz), 로즈 시럽 15ml (½ oz), 탄산수 적당량(약 90ml)","","달콤, 상큼, 탄산, 시트러스","상쾌한, 파티","4","1. 하이볼에 얼음을 채운다. / 2. 테킬라 45ml (1½ oz), 자몽 주스 90ml (3 oz), 라임 주스 20ml (⅔ oz), 로즈 시럽 15ml (½ oz)를 붓는다. / 3. 탄산수 적당량(약 90ml)로 채우고 바 스푼으로 가볍게 한 번 젓는다. / 4. 라임 휠로 가니시한다.","AUTO","0","0","0","onz 오리지널 레시피 (이미지 기반 추정, 검수 필요)","https://raw.githubusercontent.com/rlaaudgjs2/onz-cocktail-images/main/cocktail_image_file/old/onz_cocktail_Paloma_Rosada.webp","http://onz-cocktail.kr/uploads/glasses/onz_glasstype_highball.webp","2026-09-22 12:00:00","2026-09-22 12:00:00","tequila","11","1","3","3","1","1","1","4","5","0","2","0","0","0","0","0","0","0","0","0","0","0","0","0","0","3","3","0","0","4","2","2","0","long","","needs_review","image_old",""
"384","파리 나이트","Paris Night","보통","14","16","스탠다드","보드카","","록스","봄","보드카 45ml (1½ oz), 블루 큐라소 15ml (½ oz), 크렘 드 카시스 15ml (½ oz), 레몬 주스 20ml (⅔ oz), 탄산수 적당량(약 90ml)","","달콤, 상큼, 탄산, 베리, 시트러스","파티","4","1. 셰이커에 얼음과 보드카 45ml (1½ oz), 블루 큐라소 15ml (½ oz), 크렘 드 카시스 15ml (½ oz), 레몬 주스 20ml (⅔ oz)를 넣고 15초간 강하게 셰이킹한다. / 2. 큰 얼음을 넣은 록스에 걸러 따른다. / 3. 탄산수 적당량(약 90ml)로 채운다. / 4. 레몬 필로 가니시한다.","AUTO","0","0","0","onz 오리지널 레시피 (이미지 기반 추정, 검수 필요)","https://raw.githubusercontent.com/rlaaudgjs2/onz-cocktail-images/main/cocktail_image_file/old/onz_cocktail_Paris_Night.webp","http://onz-cocktail.kr/uploads/glasses/onz_glasstype_rocks.webp","2026-09-22 12:00:00","2026-09-22 12:00:00","vodka|liqueur","15","2","4","3","0","2","2","4","3","0","4","0","0","0","0","0","0","0","0","0","0","0","0","0","0","3","0","0","0","4","1","1","0","rocks","","needs_review","image_old",""
"385","파리지앵","Parisien","강함","21","23","스탠다드","진","","쿠페","봄","진 30ml (1 oz), 드라이 베르무트 30ml (1 oz), 크렘 드 카시스 30ml (1 oz)","","달콤, 강한, 묵직한, 베리, 허브","식전","4","1. 믹싱 글라스에 얼음과 진 30ml (1 oz), 드라이 베르무트 30ml (1 oz), 크렘 드 카시스 30ml (1 oz)를 넣는다. / 2. 20~30초간 충분히 젓는다. / 3. 차갑게 식힌 쿠페에 걸러 따른다. / 4. 레몬 필로 가니시한다.","AUTO","0","0","0","1920년대 크렘 드 카시스를 홍보하려고 만든 칵테일로, 1930년 해리 크래덕의 『사보이 칵테일 북』에 식전주 스타일 레시피로 실림.
진·드라이 베르무트·크렘 드 카시스를 같은 양으로 섞음.","https://raw.githubusercontent.com/rlaaudgjs2/onz-cocktail-images/main/cocktail_image_file/old/onz_cocktail_Parisien.webp","http://onz-cocktail.kr/uploads/glasses/onz_glasstype_coupe.webp","2026-09-22 12:00:00","2026-09-22 12:00:00","gin|fortified|liqueur","22","2","3","1","1","3","3","0","0","0","3","0","3","0","0","0","0","0","0","0","0","0","2","0","0","0","0","0","0","2","1","3","0","up","","verified","image_old","https://www.diffordsguide.com/cocktails/recipe/1470/parisian-cocktail"
"386","파리지앵 골드","Parisien Gold","보통","17","19","스탠다드","브랜디","","록스","사계절","코냑 45ml (1½ oz), 엘더플라워 리큐르 20ml (⅔ oz), 레몬 주스 20ml (⅔ oz), 탄산수 적당량(약 90ml)","","달콤, 상큼, 탄산, 시트러스","식전, 파티","4","1. 셰이커에 얼음과 코냑 45ml (1½ oz), 엘더플라워 리큐르 20ml (⅔ oz), 레몬 주스 20ml (⅔ oz)를 넣고 15초간 강하게 셰이킹한다. / 2. 큰 얼음을 넣은 록스에 걸러 따른다. / 3. 탄산수 적당량(약 90ml)로 채운다. / 4. 레몬 필로 가니시한다.","AUTO","0","0","0","onz 오리지널 레시피 (이미지 기반 추정, 검수 필요)","https://raw.githubusercontent.com/rlaaudgjs2/onz-cocktail-images/main/cocktail_image_file/old/onz_cocktail_Parisien_Gold.webp","http://onz-cocktail.kr/uploads/glasses/onz_glasstype_rocks.webp","2026-09-22 12:00:00","2026-09-22 12:00:00","brandy|liqueur","18","2","3","3","0","2","2","4","4","0","0","0","0","0","2","0","0","0","0","0","0","0","2","0","0","2","0","0","0","3","1","1","0","rocks","","needs_review","image_old",""
"387","패션프루트 레모네이드","Passionfruit Lemonade","약함","0","0","라이트","무알코올","","하이볼","여름","패션프루트 퓌레 90ml (3 oz), 레몬 주스 20ml (⅔ oz), 설탕 시럽 15ml (½ oz), 탄산수 적당량(약 90ml)","","달콤, 상큼, 탄산, 열대과일, 시트러스","상쾌한, 브런치","4","1. 하이볼에 얼음을 채운다. / 2. 패션프루트 퓌레 90ml (3 oz), 레몬 주스 20ml (⅔ oz), 설탕 시럽 15ml (½ oz)를 붓는다. / 3. 탄산수 적당량(약 90ml)로 채우고 바 스푼으로 가볍게 한 번 젓는다. / 4. 레몬 필로 가니시한다.","AUTO","0","0","0","과일즙에 물이나 탄산수, 단맛을 더한 레모네이드·에이드 계열 음료. 개별 창시자 기록은 없음.
레몬 음료는 12세기 이집트의 궁정 의사 이븐 주마이의 기록까지 거슬러 올라감.","https://raw.githubusercontent.com/rlaaudgjs2/onz-cocktail-images/main/cocktail_image_file/old/onz_cocktail_Passionfruit_Lemonade.webp","http://onz-cocktail.kr/uploads/glasses/onz_glasstype_highball.webp","2026-09-22 12:00:00","2026-09-22 12:00:00","none","0","0","4","4","0","0","1","4","4","5","0","0","0","0","0","0","0","0","0","0","0","0","0","0","0","0","3","0","2","5","3","1","0","long","","verified","image_old","https://en.wikipedia.org/wiki/Lemonade"
"388","파타고니아 선셋","Patagonia Sunset","보통","12","14","스탠다드","피스코","","쿠페","여름","피스코 45ml (1½ oz), 오렌지 주스 30ml (1 oz), 라임 주스 20ml (⅔ oz), 그레나딘 10ml (⅓ oz)","","달콤, 상큼, 시트러스, 베리","상쾌한, 파티","3","1. 셰이커에 얼음과 피스코 45ml (1½ oz), 오렌지 주스 30ml (1 oz), 라임 주스 20ml (⅔ oz), 그레나딘 10ml (⅓ oz)를 넣고 15초간 강하게 셰이킹한다. / 2. 차갑게 식힌 쿠페에 걸러 따른다. / 3. 라임 휠로 가니시한다.","AUTO","0","0","0","onz 오리지널 레시피 (이미지 기반 추정, 검수 필요)","https://raw.githubusercontent.com/rlaaudgjs2/onz-cocktail-images/main/cocktail_image_file/old/onz_cocktail_Patagonia_Sunset.webp","http://onz-cocktail.kr/uploads/glasses/onz_glasstype_coupe.webp","2026-09-22 12:00:00","2026-09-22 12:00:00","pisco","13","1","4","3","0","1","2","0","3","0","3","0","0","0","0","0","0","0","0","0","0","0","0","0","0","2","2","0","0","4","1","1","0","up","","needs_review","image_old",""
"389","피치 멜바","Peach Melba","보통","13","15","스탠다드","보드카","","쿠페","가을","바닐라 보드카 45ml (1½ oz), 피치 슈냅스 15ml (½ oz), 라즈베리 6~8알, 크림 30ml (1 oz)","","달콤, 묵직한, 과일향, 베리, 크리미","디저트","3","1. 셰이커(또는 믹싱 글라스)에 라즈베리 6~8알을 넣고 가볍게 으깬다. / 2. 셰이커에 얼음과 바닐라 보드카 45ml (1½ oz), 피치 슈냅스 15ml (½ oz), 크림 30ml (1 oz)를 넣고 15초간 강하게 셰이킹한다. / 3. 차갑게 식힌 쿠페에 더블 스트레이닝하여 따른다.","AUTO","0","0","0","1892~93년 런던 사보이 호텔의 셰프 오귀스트 에스코피에가 호주의 소프라노 넬리 멜바를 위해 만든 디저트 '피치 멜바'를 칵테일로 옮긴 것.
복숭아와 라즈베리, 바닐라 크림의 조합을 그대로 살림. 칵테일 버전의 창시자 기록은 없음.","https://raw.githubusercontent.com/rlaaudgjs2/onz-cocktail-images/main/cocktail_image_file/old/onz_cocktail_Peach_Melba.webp","http://onz-cocktail.kr/uploads/glasses/onz_glasstype_coupe.webp","2026-09-22 12:00:00","2026-09-22 12:00:00","vodka|liqueur","14","1","5","1","0","1","4","0","0","0","3","4","0","0","0","0","0","3","0","0","0","0","0","0","3","0","0","0","0","4","2","1","0","up","dairy","verified","image_old","https://en.wikipedia.org/wiki/Peach_Melba"
"390","피치 소주 피즈","Peach Soju Fizz","약함","7","9","라이트","소주","","하이볼","여름","소주 45ml (1½ oz), 복숭아 퓌레 90ml (3 oz), 레몬 주스 20ml (⅔ oz), 탄산수 적당량(약 90ml)","","달콤, 탄산, 과일향","파티, 상쾌한","3","1. 하이볼에 얼음을 채운다. / 2. 소주 45ml (1½ oz), 복숭아 퓌레 90ml (3 oz), 레몬 주스 20ml (⅔ oz)를 붓는다. / 3. 탄산수 적당량(약 90ml)로 채우고 바 스푼으로 가볍게 한 번 젓는다.","AUTO","0","0","0","소주에 과일·탄산 등을 섞은 현대식 소주 칵테일. 개별 창시자 기록은 없음.
소주는 13세기 고려 시대 몽골을 통해 증류 기술이 들어오며 시작되었고, 최근 과일 소주 등 섞어 마시는 방식이 젊은 층에서 인기.","https://raw.githubusercontent.com/rlaaudgjs2/onz-cocktail-images/main/cocktail_image_file/old/onz_cocktail_Peach_Soju_Fizz.webp","http://onz-cocktail.kr/uploads/glasses/onz_glasstype_highball.webp","2026-09-22 12:00:00","2026-09-22 12:00:00","soju","8","1","4","2","0","0","1","4","2","0","0","5","0","0","0","0","0","0","0","0","0","0","0","0","0","3","3","0","0","5","3","1","0","long","","verified","image_old","https://en.wikipedia.org/wiki/Soju"
"391","페구 클럽","Pegu Club","강함","27","29","스트롱","진","","쿠페","사계절","진 45ml (1½ oz), 오렌지 큐라소 15ml (½ oz), 라임 주스 20ml (⅔ oz), 앙고스투라·오렌지 비터스 2 dashes","","상큼, 강한, 묵직한, 시트러스, 허브","식전","3","1. 셰이커에 얼음과 진 45ml (1½ oz), 오렌지 큐라소 15ml (½ oz), 라임 주스 20ml (⅔ oz), 앙고스투라·오렌지 비터스 2 dashes를 넣고 15초간 강하게 셰이킹한다. / 2. 차갑게 식힌 쿠페에 걸러 따른다. / 3. 라임 휠로 가니시한다.","AUTO","0","0","0","미얀마(당시 영국령 버마) 양곤의 영국인 사교 클럽 '페구 클럽'에서 이름을 딴 진 칵테일로, 1923년 해리 매켈혼의 『ABC of Mixing Cocktails』에 처음 실림.
2005년 바텐더 오드리 손더스가 뉴욕에 같은 이름의 바를 열면서 다시 주목받음.","https://raw.githubusercontent.com/rlaaudgjs2/onz-cocktail-images/main/cocktail_image_file/old/onz_cocktail_Pegu_Club.webp","http://onz-cocktail.kr/uploads/glasses/onz_glasstype_coupe.webp","2026-09-22 12:00:00","2026-09-22 12:00:00","gin|liqueur","28","3","2","4","1","4","3","0","5","0","0","0","3","0","0","0","0","0","0","0","0","0","2","0","0","0","0","0","0","2","2","5","0","up","","verified","image_old","https://en.wikipedia.org/wiki/Pegu_Club_(cocktail)"
"392","퍼펙트 맨해튼","Perfect Manhattan","강함","29","31","스트롱","위스키","","쿠페","가을","라이 위스키 45ml (1½ oz), 스위트·드라이 베르무트 20ml (⅔ oz), 앙고스투라 비터스 2 dashes","","쌉싸름, 강한, 묵직한, 오크·캐러멜, 허브","천천히 음미","3","1. 믹싱 글라스에 얼음과 라이 위스키 45ml (1½ oz), 스위트·드라이 베르무트 20ml (⅔ oz), 앙고스투라 비터스 2 dashes를 넣는다. / 2. 20~30초간 충분히 젓는다. / 3. 차갑게 식힌 쿠페에 걸러 따른다.","AUTO","0","0","0","맨해튼의 스위트 베르무트를 스위트·드라이 베르무트 같은 양으로 나눠 넣은 변형.
맨해튼이라는 이름의 칵테일은 1860년대부터 기록이 있고, 1884년 바텐더 안내서에 레시피가 실림.","https://raw.githubusercontent.com/rlaaudgjs2/onz-cocktail-images/main/cocktail_image_file/old/onz_cocktail_Perfect_Manhattan.webp","http://onz-cocktail.kr/uploads/glasses/onz_glasstype_coupe.webp","2026-09-22 12:00:00","2026-09-22 12:00:00","whiskey|fortified","30","3","2","0","3","5","4","0","0","0","0","0","3","0","0","0","0","0","5","0","0","0","0","0","0","0","0","3","0","1","3","4","0","up","","verified","image_old","https://en.wikipedia.org/wiki/Manhattan_(cocktail)"
"393","피냐 베르데","Piña Verde","보통","11","13","스페셜","리큐르","","허리케인","여름","그린 샤르트뢰즈 45ml (1½ oz), 럼 45ml (1½ oz), 파인애플 주스 90ml (3 oz), 코코넛 크림 30ml (1 oz), 라임 주스 20ml (⅔ oz)","","달콤, 묵직한, 열대과일, 허브, 크리미","상쾌한, 파티","3","1. 블렌더에 그린 샤르트뢰즈 45ml (1½ oz), 럼 45ml (1½ oz), 파인애플 주스 90ml (3 oz), 코코넛 크림 30ml (1 oz), 라임 주스 20ml (⅔ oz)와 얼음 1컵을 넣는다. / 2. 부드러워질 때까지 20~30초간 간다. / 3. 허리케인에 따른다.","AUTO","0","0","0","2000년대 후반 샌디에이고의 바텐더 에릭 카스트로가 피냐 콜라다 위에 그린 샤르트뢰즈를 띄운 데서 시작함.
이후 샤르트뢰즈를 주재료로 한 칵테일로 발전시켜, 2012년 공동 창업한 바 '폴라이트 프로비전스'의 메뉴에 올림.","https://raw.githubusercontent.com/rlaaudgjs2/onz-cocktail-images/main/cocktail_image_file/old/onz_cocktail_Pia_Verde.webp","http://onz-cocktail.kr/uploads/glasses/onz_glasstype_hurricane.webp","2026-09-22 12:00:00","2026-09-22 12:00:00","liqueur|rum","12","1","5","2","0","1","5","0","0","5","0","0","4","0","0","0","0","3","0","0","0","0","0","0","0","2","2","0","0","3","1","5","0","frozen","dairy","verified","image_old","https://punchdrink.com/articles/pina-verde-chartreuse-pina-colada-modern-classic-cocktail-recipe/"
"394","피카도르","Picador","강함","29","31","스트롱","테킬라","","쿠페","사계절","테킬라 45ml (1½ oz), 트리플 섹 15ml (½ oz), 라임 주스 20ml (⅔ oz)","","달콤, 상큼, 강한, 묵직한, 시트러스","파티","3","1. 셰이커에 얼음과 테킬라 45ml (1½ oz), 트리플 섹 15ml (½ oz), 라임 주스 20ml (⅔ oz)를 넣고 15초간 강하게 셰이킹한다. / 2. 차갑게 식힌 쿠페에 걸러 따른다. / 3. 라임 휠로 가니시한다.","AUTO","0","0","0","1937년 윌리엄 J. '빌리' 탈링의 『카페 로열 바 북』에 처음 실린 테킬라 칵테일.
마가리타의 첫 기록보다 16년 앞서, 이 영국 레시피를 누군가 옮겨 '마가리타'라는 이름을 붙였다는 추측이 있음.","https://raw.githubusercontent.com/rlaaudgjs2/onz-cocktail-images/main/cocktail_image_file/old/onz_cocktail_Picador.webp","http://onz-cocktail.kr/uploads/glasses/onz_glasstype_coupe.webp","2026-09-22 12:00:00","2026-09-22 12:00:00","tequila|liqueur","30","3","3","3","0","4","3","0","4","0","0","0","0","0","0","0","0","0","0","0","0","0","0","0","0","2","0","0","0","3","1","4","0","up","","verified","image_old","https://www.diffordsguide.com/cocktails/recipe/2191/picador"
"395","핌스 컵","Pimm's Cup","약함","5","7","라이트","리큐르","","하이볼","여름","핌스 No.1 45ml (1½ oz), 진저 에일(레모네이드) 적당량(약 90ml), 오이, 딸기 3~4개, 민트 6~8장","","달콤, 탄산, 허브, 시트러스","상쾌한, 브런치, 파티","5","1. 하이볼에 딸기 3~4개, 민트 6~8장을 넣고 머들러로 가볍게 으깬다. / 2. 하이볼에 얼음을 채운다. / 3. 핌스 No.1 45ml (1½ oz)를 붓는다. / 4. 진저 에일(레모네이드) 적당량(약 90ml)로 채우고 바 스푼으로 가볍게 한 번 젓는다. / 5. 오이로 가니시한다.","AUTO","0","0","0","1823년 런던 시티에서 굴 요리점을 운영하던 제임스 핌이 허브와 리큐르를 섞은 진 베이스 소화제를 '넘버 원 컵'이라는 작은 잔에 담아 판 데서 시작됨.
이후 레모네이드와 과일을 넣은 핌스 컵이 영국 여름 행사의 대표 음료가 됨.","https://raw.githubusercontent.com/rlaaudgjs2/onz-cocktail-images/main/cocktail_image_file/old/onz_cocktail_Pimms_Cup.webp","http://onz-cocktail.kr/uploads/glasses/onz_glasstype_highball.webp","2026-09-22 12:00:00","2026-09-22 12:00:00","liqueur","6","0","3","2","0","1","1","4","3","0","2","0","3","2","0","0","0","0","0","0","0","0","0","0","0","3","3","0","3","5","3","2","0","long","","verified","image_old","https://en.wikipedia.org/wiki/Pimm%27s"
"396","파인애플 모히또","Pineapple Mojito","보통","12","14","스탠다드","럼","","하이볼","여름","화이트 럼 45ml (1½ oz), 파인애플 2~3조각, 민트 6~8장, 라임 ½개, 설탕 1 tsp, 탄산수 적당량(약 90ml)","","달콤, 상큼, 탄산, 민트, 열대과일, 시트러스","상쾌한, 파티","5","1. 하이볼에 파인애플 2~3조각, 민트 6~8장, 라임 ½개를 넣고 머들러로 가볍게 으깬다. / 2. 하이볼에 얼음을 채운다. / 3. 화이트 럼 45ml (1½ oz), 설탕 1 tsp를 붓는다. / 4. 탄산수 적당량(약 90ml)로 채우고 바 스푼으로 가볍게 한 번 젓는다. / 5. 라임 휠로 가니시한다.","AUTO","0","0","0","모히또 변형. 개별 창시자 기록은 없음.
모히또는 쿠바 아바나에서 사탕수수 증류주에 라임·민트를 섞은 음료에서 발전했으며, 무알코올·과일 모히또 등 변형이 많음.","https://raw.githubusercontent.com/rlaaudgjs2/onz-cocktail-images/main/cocktail_image_file/old/onz_cocktail_Pineapple_Mojito.webp","http://onz-cocktail.kr/uploads/glasses/onz_glasstype_highball.webp","2026-09-22 12:00:00","2026-09-22 12:00:00","rum","13","1","4","3","0","1","1","4","3","4","0","0","0","5","0","0","0","0","0","0","0","0","0","0","0","3","3","0","0","5","3","1","0","long","","verified","image_old","https://en.wikipedia.org/wiki/Mojito"
"397","핑크 진","Pink Gin","강함","34","36","스트롱","진","","쿠페","사계절","진 45ml (1½ oz), 앙고스투라 비터스 2 dashes","","쌉싸름, 강한, 허브","식전","3","1. 믹싱 글라스에 얼음과 진 45ml (1½ oz), 앙고스투라 비터스 2 dashes를 넣는다. / 2. 20~30초간 충분히 젓는다. / 3. 차갑게 식힌 쿠페에 걸러 따른다.","AUTO","0","0","0","영국 해군이 1824년부터 뱃멀미 약으로 쓰던 앙고스투라 비터스를 마시기 쉽게 하려고 플리머스 진에 섞은 데서 유래함.
해군을 통해 영국 본토 바로 퍼졌고, 1870년대에는 영국의 고급 바에서 흔히 내는 술이 됨.","https://raw.githubusercontent.com/rlaaudgjs2/onz-cocktail-images/main/cocktail_image_file/old/onz_cocktail_Pink_Gin.webp","http://onz-cocktail.kr/uploads/glasses/onz_glasstype_coupe.webp","2026-09-22 12:00:00","2026-09-22 12:00:00","gin","35","3","1","0","3","5","1","0","0","0","0","0","4","0","0","2","0","0","0","0","0","0","2","0","0","0","0","0","0","1","3","3","0","up","","verified","image_old","https://en.wikipedia.org/wiki/Pink_gin"
"398","핑크 레이디","Pink Lady","보통","16","18","스탠다드","진","","쿠페","봄","진 30ml (1 oz), 애플잭 30ml (1 oz), 레몬 주스 20ml (⅔ oz), 그레나딘 10ml (⅓ oz), 계란 흰자 1개분","","달콤, 상큼, 묵직한, 베리, 시트러스","파티, 식전","4","1. 셰이커에 진 30ml (1 oz), 애플잭 30ml (1 oz), 레몬 주스 20ml (⅔ oz), 그레나딘 10ml (⅓ oz), 계란 흰자 1개분을 넣고 얼음 없이 10초간 드라이 셰이킹한다. / 2. 얼음을 넣고 15초간 다시 강하게 셰이킹한다. / 3. 차갑게 식힌 쿠페에 걸러 따른다. / 4. 레몬 필로 가니시한다.","AUTO","0","0","0","정확한 기원은 불분명하며, 이름은 1911년 브로드웨이 뮤지컬 「핑크 레이디」나 그 주연 배우 헤이즐 던에서 왔다는 설이 있음.
금주법 시대(1920~1933) 뉴올리언스 서던 요트 클럽에서 인기를 얻었는데, 달콤한 맛이 밀주 진의 거친 맛을 가려줬기 때문으로 알려짐.","https://raw.githubusercontent.com/rlaaudgjs2/onz-cocktail-images/main/cocktail_image_file/old/onz_cocktail_Pink_Lady.webp","http://onz-cocktail.kr/uploads/glasses/onz_glasstype_coupe.webp","2026-09-22 12:00:00","2026-09-22 12:00:00","gin","17","2","4","3","0","1","3","0","3","0","3","1","0","0","0","0","0","0","0","0","0","0","2","0","0","2","0","0","0","4","3","3","0","up","egg","verified","image_old","https://en.wikipedia.org/wiki/Pink_Lady_(cocktail)"
"399","핑크 럼 피즈","Pink Rum Fizz","보통","11","13","스탠다드","럼","","하이볼","여름","화이트 럼 45ml (1½ oz), 라즈베리 시럽 15ml (½ oz), 라임 주스 20ml (⅔ oz), 탄산수 적당량(약 90ml)","","달콤, 상큼, 탄산, 베리, 시트러스","파티, 상쾌한","4","1. 하이볼에 얼음을 채운다. / 2. 화이트 럼 45ml (1½ oz), 라즈베리 시럽 15ml (½ oz), 라임 주스 20ml (⅔ oz)를 붓는다. / 3. 탄산수 적당량(약 90ml)로 채우고 바 스푼으로 가볍게 한 번 젓는다. / 4. 라임 휠로 가니시한다.","AUTO","0","0","0","사워에 탄산수를 더하는 피즈 계열 칵테일. 개별 창시자 기록은 없음.
피즈는 사워 계열에서 파생되어 1900~1940년대 미국에서 크게 유행함.","https://raw.githubusercontent.com/rlaaudgjs2/onz-cocktail-images/main/cocktail_image_file/old/onz_cocktail_Pink_Rum_Fizz.webp","http://onz-cocktail.kr/uploads/glasses/onz_glasstype_highball.webp","2026-09-22 12:00:00","2026-09-22 12:00:00","rum","12","1","4","3","0","1","2","4","3","0","4","0","0","0","0","0","0","0","0","0","0","0","0","0","0","3","2","0","0","5","1","1","0","long","","verified","image_old","https://en.wikipedia.org/wiki/Fizz_(cocktail)"
"400","피스코 구아바","Pisco Guava","보통","13","15","스탠다드","피스코","","쿠페","여름","피스코 45ml (1½ oz), 구아바 주스 30ml (1 oz), 라임 주스 20ml (⅔ oz), 설탕 시럽 15ml (½ oz)","","달콤, 상큼, 묵직한, 열대과일, 시트러스","상쾌한, 파티","3","1. 셰이커에 얼음과 피스코 45ml (1½ oz), 구아바 주스 30ml (1 oz), 라임 주스 20ml (⅔ oz), 설탕 시럽 15ml (½ oz)를 넣고 15초간 강하게 셰이킹한다. / 2. 차갑게 식힌 쿠페에 걸러 따른다. / 3. 라임 휠로 가니시한다.","AUTO","0","0","0","문헌으로 확인되는 유래 기록을 찾지 못함.","https://raw.githubusercontent.com/rlaaudgjs2/onz-cocktail-images/main/cocktail_image_file/old/onz_cocktail_Pisco_Guava.webp","http://onz-cocktail.kr/uploads/glasses/onz_glasstype_coupe.webp","2026-09-22 12:00:00","2026-09-22 12:00:00","pisco","14","1","4","3","0","1","3","0","3","5","0","0","0","0","0","0","0","0","0","0","0","0","0","0","0","2","2","0","0","4","1","2","0","up","","verified","image_old",""
"401","플라야 선셋","Playa Sunset","보통","11","13","스탠다드","테킬라","","록스","여름","테킬라 45ml (1½ oz), 오렌지 주스 30ml (1 oz), 라임 주스 20ml (⅔ oz), 그레나딘 10ml (⅓ oz)","","달콤, 상큼, 시트러스, 열대과일","상쾌한, 파티","3","1. 셰이커에 얼음과 테킬라 45ml (1½ oz), 오렌지 주스 30ml (1 oz), 라임 주스 20ml (⅔ oz), 그레나딘 10ml (⅓ oz)를 넣고 15초간 강하게 셰이킹한다. / 2. 큰 얼음을 넣은 록스에 걸러 따른다. / 3. 라임 휠로 가니시한다.","AUTO","0","0","0","onz 오리지널 레시피 (이미지 기반 추정, 검수 필요)","https://raw.githubusercontent.com/rlaaudgjs2/onz-cocktail-images/main/cocktail_image_file/old/onz_cocktail_Playa_Sunset.webp","http://onz-cocktail.kr/uploads/glasses/onz_glasstype_rocks.webp","2026-09-22 12:00:00","2026-09-22 12:00:00","tequila","12","1","4","3","0","1","2","0","4","3","2","0","0","0","0","0","0","0","0","0","0","0","0","0","0","3","3","0","0","5","1","1","0","rocks","","needs_review","image_old",""
"402","매실 소주 칵테일","Plum Soju Cocktail","보통","9","11","스탠다드","소주","","록스","가을","소주 45ml (1½ oz), 매실청 20ml (⅔ oz), 레몬 주스 20ml (⅔ oz), 탄산수 적당량(약 90ml)","","달콤, 상큼, 탄산, 과일향","파티, 식사와 함께","3","1. 셰이커에 얼음과 소주 45ml (1½ oz), 매실청 20ml (⅔ oz), 레몬 주스 20ml (⅔ oz)를 넣고 15초간 강하게 셰이킹한다. / 2. 큰 얼음을 넣은 록스에 걸러 따른다. / 3. 탄산수 적당량(약 90ml)로 채운다.","AUTO","0","0","0","소주에 과일·탄산 등을 섞은 현대식 소주 칵테일. 개별 창시자 기록은 없음.
소주는 13세기 고려 시대 몽골을 통해 증류 기술이 들어오며 시작되었고, 최근 과일 소주 등 섞어 마시는 방식이 젊은 층에서 인기.","https://raw.githubusercontent.com/rlaaudgjs2/onz-cocktail-images/main/cocktail_image_file/old/onz_cocktail_Plum_Soju_Cocktail.webp","http://onz-cocktail.kr/uploads/glasses/onz_glasstype_rocks.webp","2026-09-22 12:00:00","2026-09-22 12:00:00","soju","10","1","4","3","0","1","1","4","2","0","0","4","0","0","0","0","0","0","0","0","0","0","0","3","0","3","0","0","0","5","3","1","0","rocks","","verified","image_old","https://en.wikipedia.org/wiki/Soju"
"403","매실주 칵테일","Plum Wine Cocktail","보통","9","11","스탠다드","와인","","쿠페","가을","매실주 90ml (3 oz), 레몬 주스 20ml (⅔ oz), 탄산수 적당량(약 90ml)","","달콤, 묵직한, 과일향","식사와 함께","3","1. 셰이커에 얼음과 매실주 90ml (3 oz), 레몬 주스 20ml (⅔ oz)를 넣고 15초간 강하게 셰이킹한다. / 2. 차갑게 식힌 쿠페에 걸러 따른다. / 3. 탄산수 적당량(약 90ml)로 채운다.","AUTO","0","0","0","문헌으로 확인되는 유래 기록을 찾지 못함.","https://raw.githubusercontent.com/rlaaudgjs2/onz-cocktail-images/main/cocktail_image_file/old/onz_cocktail_Plum_Wine_Cocktail.webp","http://onz-cocktail.kr/uploads/glasses/onz_glasstype_coupe.webp","2026-09-22 12:00:00","2026-09-22 12:00:00","wine","10","1","4","2","0","1","3","0","0","0","0","4","0","0","1","0","0","0","0","0","0","0","0","3","1","0","0","0","0","4","2","1","0","up","","verified","image_old",""
"404","프리에즈카","Priezka","보통","13","15","스탠다드","진","","하이볼","여름","진 45ml (1½ oz), 라임 주스 20ml (⅔ oz), 허브 시럽 15ml (½ oz), 탄산수 적당량(약 90ml)","","달콤, 상큼, 탄산, 시트러스, 허브","상쾌한","4","1. 하이볼에 얼음을 채운다. / 2. 진 45ml (1½ oz), 라임 주스 20ml (⅔ oz), 허브 시럽 15ml (½ oz)를 붓는다. / 3. 탄산수 적당량(약 90ml)로 채우고 바 스푼으로 가볍게 한 번 젓는다. / 4. 라임 휠로 가니시한다.","AUTO","0","0","0","onz 오리지널 레시피 (이미지 기반 추정, 검수 필요)","https://raw.githubusercontent.com/rlaaudgjs2/onz-cocktail-images/main/cocktail_image_file/old/onz_cocktail_Priezka.webp","http://onz-cocktail.kr/uploads/glasses/onz_glasstype_highball.webp","2026-09-22 12:00:00","2026-09-22 12:00:00","gin","14","1","3","3","0","1","2","4","4","0","0","0","3","0","0","0","0","0","0","0","0","0","0","0","0","0","2","0","0","3","1","1","0","long","","needs_review","image_old",""
"405","프린스 오브 웨일스","Prince of Wales","보통","15","17","스페셜","위스키","","플루트","가을","라이 위스키 30ml (1 oz), 마라스키노 5ml (⅙ oz), 앙고스투라 비터스 1 dash, 파인애플 1조각, 설탕 ½ tsp, 샴페인 적당량(약 60ml)","","달콤, 강한, 탄산, 오크·캐러멜","파티, 식전","5","1. 셰이커에 파인애플 1조각과 설탕 ½ tsp를 넣고 가볍게 으깬다. / 2. 얼음과 라이 위스키 30ml (1 oz), 마라스키노 5ml (⅙ oz), 앙고스투라 비터스 1 dash를 넣고 셰이킹한다. / 3. 차갑게 식힌 플루트에 걸러 따른다. / 4. 샴페인으로 채운다. / 5. 레몬 필로 가니시한다.","AUTO","0","0","0","훗날 영국 국왕 에드워드 7세가 되는 앨버트 에드워드 왕세자가 직접 만든 칵테일로 전해짐.
작자 미상의 전기 『에드워드 7세의 사생활』에 라이 위스키·파인애플·앙고스투라·마라스키노·샴페인 레시피가 기록되어 있음.","https://raw.githubusercontent.com/rlaaudgjs2/onz-cocktail-images/main/cocktail_image_file/old/onz_cocktail_Prince_of_Wales.webp","http://onz-cocktail.kr/uploads/glasses/onz_glasstype_flute.webp","2026-09-22 12:00:00","2026-09-22 12:00:00","whiskey|sparkling|liqueur","16","2","3","0","2","3","2","4","1","0","0","0","2","0","0","0","0","0","3","0","0","0","2","0","0","2","0","0","0","3","1","4","0","up","","verified","image_old","https://en.wikipedia.org/wiki/Prince_of_Wales_(cocktail)"
"406","프로세코 스프리츠","Prosecco Spritz","약함","7","9","라이트","와인","","와인 글라스","사계절","프로세코 적당량(약 90ml), 비터 리큐르 20ml (⅔ oz), 탄산수 적당량(약 90ml), 오렌지 필","","달콤, 탄산, 시트러스","식전, 브런치","4","1. 와인 글라스에 얼음을 채운다. / 2. 비터 리큐르 20ml (⅔ oz)를 붓는다. / 3. 프로세코 적당량(약 90ml), 탄산수 적당량(약 90ml)로 채우고 바 스푼으로 가볍게 한 번 젓는다. / 4. 오렌지 필로 가니시한다.","AUTO","0","0","0","프로세코에 비터 리큐르와 탄산수를 섞는 스프리츠.
스프리츠는 19세기 베네토에서 오스트리아 군인들이 와인에 물을 '뿌려(spritzen)' 달라고 한 데서 시작되었고, 1920~30년대 비터 리큐르가 더해져 지금의 형태가 됨.","https://raw.githubusercontent.com/rlaaudgjs2/onz-cocktail-images/main/cocktail_image_file/old/onz_cocktail_Prosecco_Spritz.webp","http://onz-cocktail.kr/uploads/glasses/onz_glasstype_wine_glass.webp","2026-09-22 12:00:00","2026-09-22 12:00:00","sparkling|liqueur","8","1","3","1","2","0","1","4","4","0","0","0","2","0","0","0","0","0","0","0","0","0","3","0","0","0","0","0","3","5","3","1","0","long","","verified","image_old","https://en.wikipedia.org/wiki/Spritz_(cocktail)"
"407","보이차 마티니","Puerh Martini","강함","23","25","스페셜","보드카","","마티니","가을","보이차 인퓨즈드 보드카 60ml (2 oz), 드라이 베르무트 20ml (⅔ oz), 꿀 15ml (½ oz)","","강한, 묵직한, 오크·캐러멜, 허브","천천히 음미","2","1. 셰이커에 얼음과 보이차 인퓨즈드 보드카 60ml (2 oz), 드라이 베르무트 20ml (⅔ oz), 꿀 15ml (½ oz)를 넣고 15초간 강하게 셰이킹한다. / 2. 차갑게 식힌 마티니에 걸러 따른다.","AUTO","0","0","0","onz 오리지널 레시피 (이미지 기반 추정, 검수 필요)","https://raw.githubusercontent.com/rlaaudgjs2/onz-cocktail-images/main/cocktail_image_file/old/onz_cocktail_Puerh_Martini.webp","http://onz-cocktail.kr/uploads/glasses/onz_glasstype_martini.webp","2026-09-22 12:00:00","2026-09-22 12:00:00","vodka","24","2","1","1","2","4","3","0","0","0","0","0","3","0","0","0","0","0","3","0","0","0","1","0","0","0","0","2","0","2","1","4","0","up","caffeine","needs_review","image_old",""
"408","푸에르토리코 선셋","Puerto Rico Sunset","보통","12","14","스탠다드","럼","","하이볼","여름","푸에르토리코 럼 45ml (1½ oz), 파인애플 주스 90ml (3 oz), 오렌지 주스 90ml (3 oz), 그레나딘 10ml (⅓ oz)","","달콤, 상큼, 열대과일, 시트러스","상쾌한, 파티","3","1. 하이볼에 얼음을 채운다. / 2. 푸에르토리코 럼 45ml (1½ oz), 파인애플 주스 90ml (3 oz), 오렌지 주스 90ml (3 oz), 그레나딘 10ml (⅓ oz)를 붓는다. / 3. 오렌지 필로 가니시한다.","AUTO","0","0","0","onz 오리지널 레시피 (이미지 기반 추정, 검수 필요)","https://raw.githubusercontent.com/rlaaudgjs2/onz-cocktail-images/main/cocktail_image_file/old/onz_cocktail_Puerto_Rico_Sunset.webp","http://onz-cocktail.kr/uploads/glasses/onz_glasstype_highball.webp","2026-09-22 12:00:00","2026-09-22 12:00:00","rum","13","1","4","3","0","1","2","0","3","4","2","0","0","0","0","0","0","0","0","0","0","0","0","0","0","2","3","0","0","5","1","1","0","long","","needs_review","image_old",""
"409","라즈베리 벨리니","Raspberry Bellini","약함","7","9","라이트","와인","","플루트","봄","프로세코 90ml (3 oz), 라즈베리 퓌레 30ml (1 oz)","","달콤, 탄산, 베리","브런치, 파티","2","1. 셰이커에 얼음과 프로세코 90ml (3 oz), 라즈베리 퓌레 30ml (1 oz)를 넣고 15초간 강하게 셰이킹한다. / 2. 차갑게 식힌 플루트에 걸러 따른다.","AUTO","0","0","0","벨리니의 복숭아 퓌레를 라즈베리 퓌레로 바꾼 변형. 개별 창시자 기록은 없음.
벨리니는 1934~1948년 사이 베네치아 해리스 바의 주세페 치프리아니가 화가 조반니 벨리니의 분홍빛에서 이름을 따 만듦.","https://raw.githubusercontent.com/rlaaudgjs2/onz-cocktail-images/main/cocktail_image_file/old/onz_cocktail_Raspberry_Bellini.webp","http://onz-cocktail.kr/uploads/glasses/onz_glasstype_flute.webp","2026-09-22 12:00:00","2026-09-22 12:00:00","sparkling","8","1","3","2","0","0","2","4","0","0","5","0","0","0","0","0","0","0","0","0","0","0","0","0","0","2","0","0","3","5","2","1","0","up","","verified","image_old","https://en.wikipedia.org/wiki/Bellini_(cocktail)"
"410","라즈베리 레모네이드","Raspberry Lemonade","약함","0","0","라이트","무알코올","","하이볼","여름","라즈베리 6~8알, 레몬 주스 20ml (⅔ oz), 설탕 시럽 15ml (½ oz), 탄산수 적당량(약 90ml)","","달콤, 상큼, 탄산, 베리, 시트러스","상쾌한, 브런치","5","1. 하이볼에 라즈베리 6~8알을 넣고 머들러로 가볍게 으깬다. / 2. 하이볼에 얼음을 채운다. / 3. 레몬 주스 20ml (⅔ oz), 설탕 시럽 15ml (½ oz)를 붓는다. / 4. 탄산수 적당량(약 90ml)로 채우고 바 스푼으로 가볍게 한 번 젓는다. / 5. 레몬 필로 가니시한다.","AUTO","0","0","0","과일즙에 물이나 탄산수, 단맛을 더한 레모네이드·에이드 계열 음료. 개별 창시자 기록은 없음.
레몬 음료는 12세기 이집트의 궁정 의사 이븐 주마이의 기록까지 거슬러 올라감.","https://raw.githubusercontent.com/rlaaudgjs2/onz-cocktail-images/main/cocktail_image_file/old/onz_cocktail_Raspberry_Lemonade.webp","http://onz-cocktail.kr/uploads/glasses/onz_glasstype_highball.webp","2026-09-22 12:00:00","2026-09-22 12:00:00","none","0","0","4","4","0","0","1","4","4","0","5","0","0","0","0","0","0","0","0","0","0","0","0","0","0","0","3","0","2","5","3","1","0","long","","verified","image_old","https://en.wikipedia.org/wiki/Lemonade"
"411","레드 아이","Red Eye","약함","3","5","라이트","맥주","","하이볼","사계절","라거 맥주 적당량(약 90ml), 토마토 주스 90ml (3 oz)","","상큼, 묵직한, 탄산, 짭짤한","브런치","3","1. 하이볼에 얼음을 채운다. / 2. 토마토 주스 90ml (3 oz)를 붓는다. / 3. 라거 맥주 적당량(약 90ml)로 채우고 바 스푼으로 가볍게 한 번 젓는다.","AUTO","0","0","0","맥주에 토마토 주스를 섞은 음료로, 지역에 따라 레드 아이·레드 비어·첼라다 등으로 불림.
정확한 기원은 알려지지 않았음.","https://raw.githubusercontent.com/rlaaudgjs2/onz-cocktail-images/main/cocktail_image_file/old/onz_cocktail_Red_Eye.webp","http://onz-cocktail.kr/uploads/glasses/onz_glasstype_highball.webp","2026-09-22 12:00:00","2026-09-22 12:00:00","beer","4","0","1","3","1","1","3","4","1","0","0","0","0","0","0","0","0","0","0","0","0","4","0","0","0","0","0","0","2","3","2","1","0","long","","verified","image_old","https://secretaardvark.com/en-ca/blog/red-eye-red-beer-a-history-and-a-recipe/"
"412","레드 상그리아","Red Sangria","보통","9","11","스탠다드","와인","","와인 글라스","봄","레드 와인 90ml (3 oz), 브랜디 45ml (1½ oz), 오렌지 ½개, 사과 3~4조각, 설탕 1 tsp","","달콤, 묵직한, 베리, 시트러스","파티, 식사와 함께","4","1. 와인 글라스에 오렌지 ½개, 사과 3~4조각을 넣고 머들러로 가볍게 으깬다. / 2. 와인 글라스에 얼음을 채운다. / 3. 레드 와인 90ml (3 oz), 브랜디 45ml (1½ oz), 설탕 1 tsp를 붓는다. / 4. 오렌지 필로 가니시한다.","AUTO","0","0","0","중세 스페인 레온 왕국에서 와인에 감귤·설탕·향신료를 넣어 마시던 '레온식 레모네이드'가 뿌리.
지금 같은 상그리아는 적어도 19세기 초부터 마셨으며, 카리브해에서 생긴 '상가리'라는 음료가 미국으로 퍼지기도 함.","https://raw.githubusercontent.com/rlaaudgjs2/onz-cocktail-images/main/cocktail_image_file/old/onz_cocktail_Red_Sangria.webp","http://onz-cocktail.kr/uploads/glasses/onz_glasstype_wine_glass.webp","2026-09-22 12:00:00","2026-09-22 12:00:00","wine|brandy","10","1","4","2","0","1","3","0","4","0","4","0","0","0","0","1","0","0","0","0","0","0","0","3","0","3","0","0","0","5","4","2","0","long","","verified","image_old","https://en.wikipedia.org/wiki/Sangria"
"413","레드 스내퍼","Red Snapper","보통","10","12","스탠다드","진","","하이볼","가을","진 45ml (1½ oz), 토마토 주스 90ml (3 oz), 레몬 주스 20ml (⅔ oz), 우스터 소스 2~3 dashes, 핫소스 2~3 dashes","","상큼, 묵직한, 짭짤한, 스파이시","브런치, 식사와 함께","2","1. 하이볼에 얼음을 채운다. / 2. 진 45ml (1½ oz), 토마토 주스 90ml (3 oz), 레몬 주스 20ml (⅔ oz), 우스터 소스 2~3 dashes, 핫소스 2~3 dashes를 붓는다.","AUTO","0","0","0","블러디 메리를 만든 프랑스 바텐더 페르낭 프티오가 금주법 이후 뉴욕 세인트 레지스 호텔로 옮겨, 구하기 어려운 보드카 대신 진을 썼음.
호텔 소유주 애스터 가문이 '블러디 메리'라는 이름을 싫어해 '레드 스내퍼'로 바꿨다고 전해짐.","https://raw.githubusercontent.com/rlaaudgjs2/onz-cocktail-images/main/cocktail_image_file/old/onz_cocktail_Red_Snapper.webp","http://onz-cocktail.kr/uploads/glasses/onz_glasstype_highball.webp","2026-09-22 12:00:00","2026-09-22 12:00:00","gin","11","1","0","3","1","1","4","0","2","0","0","0","2","0","0","3","0","0","0","0","0","5","0","2","0","0","0","0","3","2","2","3","0","long","","verified","image_old","https://en.wikipedia.org/wiki/Bloody_Mary_(cocktail)"
"414","레드 벨벳 마티니","Red Velvet Martini","보통","17","19","스탠다드","보드카","","마티니","사계절","바닐라 보드카 45ml (1½ oz), 초콜릿 리큐르 15ml (½ oz), 크림 30ml (1 oz), 그레나딘 10ml (⅓ oz)","","달콤, 묵직한, 크리미, 커피·초콜릿","디저트","2","1. 셰이커에 얼음과 바닐라 보드카 45ml (1½ oz), 초콜릿 리큐르 15ml (½ oz), 크림 30ml (1 oz), 그레나딘 10ml (⅓ oz)를 넣고 15초간 강하게 셰이킹한다. / 2. 차갑게 식힌 마티니에 걸러 따른다.","AUTO","0","0","0","마티니 잔에 담는 현대식 '~티니' 칵테일. 개별 창시자 기록은 없음.
1980년대부터 마티니 잔에 담은 칵테일에 마티니라는 이름을 붙이는 유행이 생겼고, 전통 마티니와는 다른 스타일임.","https://raw.githubusercontent.com/rlaaudgjs2/onz-cocktail-images/main/cocktail_image_file/old/onz_cocktail_Red_Velvet_Martini.webp","http://onz-cocktail.kr/uploads/glasses/onz_glasstype_martini.webp","2026-09-22 12:00:00","2026-09-22 12:00:00","vodka|liqueur","18","2","5","0","0","2","5","0","0","0","2","0","0","0","0","0","3","4","0","0","0","0","0","0","3","0","0","0","0","4","1","1","0","up","dairy","verified","image_old","https://en.wikipedia.org/wiki/Martini_(cocktail)"
"415","리우 카니발","Rio Carnival","보통","13","15","스탠다드","카샤사","","하이볼","여름","카샤사 45ml (1½ oz), 패션프루트 퓌레 90ml (3 oz), 라임 주스 20ml (⅔ oz), 탄산수 적당량(약 90ml)","","달콤, 상큼, 탄산, 열대과일, 시트러스","파티, 상쾌한","4","1. 하이볼에 얼음을 채운다. / 2. 카샤사 45ml (1½ oz), 패션프루트 퓌레 90ml (3 oz), 라임 주스 20ml (⅔ oz)를 붓는다. / 3. 탄산수 적당량(약 90ml)로 채우고 바 스푼으로 가볍게 한 번 젓는다. / 4. 라임 휠로 가니시한다.","AUTO","0","0","0","onz 오리지널 레시피 (이미지 기반 추정, 검수 필요)","https://raw.githubusercontent.com/rlaaudgjs2/onz-cocktail-images/main/cocktail_image_file/old/onz_cocktail_Rio_Carnival.webp","http://onz-cocktail.kr/uploads/glasses/onz_glasstype_highball.webp","2026-09-22 12:00:00","2026-09-22 12:00:00","cachaca","14","1","4","3","0","1","2","4","3","4","0","0","0","0","0","0","0","0","0","0","0","0","0","0","0","3","3","0","0","4","1","1","0","long","","needs_review","image_old",""
"416","리우 삼바","Rio Samba","보통","15","17","스탠다드","카샤사","","쿠페","여름","카샤사 45ml (1½ oz), 망고 ½개, 라임 주스 20ml (⅔ oz), 설탕 시럽 15ml (½ oz)","","달콤, 상큼, 열대과일, 시트러스","파티, 상쾌한","4","1. 셰이커(또는 믹싱 글라스)에 망고 ½개를 넣고 가볍게 으깬다. / 2. 셰이커에 얼음과 카샤사 45ml (1½ oz), 라임 주스 20ml (⅔ oz), 설탕 시럽 15ml (½ oz)를 넣고 15초간 강하게 셰이킹한다. / 3. 차갑게 식힌 쿠페에 더블 스트레이닝하여 따른다. / 4. 라임 휠로 가니시한다.","AUTO","0","0","0","onz 오리지널 레시피 (이미지 기반 추정, 검수 필요)","https://raw.githubusercontent.com/rlaaudgjs2/onz-cocktail-images/main/cocktail_image_file/old/onz_cocktail_Rio_Samba.webp","http://onz-cocktail.kr/uploads/glasses/onz_glasstype_coupe.webp","2026-09-22 12:00:00","2026-09-22 12:00:00","cachaca","16","2","4","3","0","2","2","0","3","4","0","0","0","0","0","0","0","0","0","0","0","0","0","0","0","3","2","0","0","4","1","1","0","up","","needs_review","image_old",""
"417","리우 선셋","Rio Sunset","보통","12","14","스탠다드","카샤사","","쿠페","여름","카샤사 45ml (1½ oz), 오렌지 주스 30ml (1 oz), 라임 주스 20ml (⅔ oz), 그레나딘 10ml (⅓ oz)","","달콤, 상큼, 열대과일, 베리, 시트러스","상쾌한, 파티","3","1. 셰이커에 얼음과 카샤사 45ml (1½ oz), 오렌지 주스 30ml (1 oz), 라임 주스 20ml (⅔ oz), 그레나딘 10ml (⅓ oz)를 넣고 15초간 강하게 셰이킹한다. / 2. 차갑게 식힌 쿠페에 걸러 따른다. / 3. 라임 휠로 가니시한다.","AUTO","0","0","0","onz 오리지널 레시피 (이미지 기반 추정, 검수 필요)","https://raw.githubusercontent.com/rlaaudgjs2/onz-cocktail-images/main/cocktail_image_file/old/onz_cocktail_Rio_Sunset.webp","http://onz-cocktail.kr/uploads/glasses/onz_glasstype_coupe.webp","2026-09-22 12:00:00","2026-09-22 12:00:00","cachaca","13","1","4","3","0","1","2","0","3","3","3","0","0","0","0","0","0","0","0","0","0","0","0","0","0","2","3","0","0","4","1","1","0","up","","needs_review","image_old",""
"418","리비에라 선셋","Riviera Sunset","보통","9","11","스탠다드","리큐르","","플루트","사계절","아페롤 45ml (1½ oz), 오렌지 필, 그레나딘 10ml (⅓ oz), 프로세코 적당량(약 90ml)","","달콤, 탄산, 시트러스","식전, 브런치","4","1. 셰이커에 얼음과 아페롤 45ml (1½ oz), 그레나딘 10ml (⅓ oz)를 넣고 15초간 강하게 셰이킹한다. / 2. 차갑게 식힌 플루트에 걸러 따른다. / 3. 프로세코 적당량(약 90ml)로 채운다. / 4. 오렌지 필로 가니시한다.","AUTO","0","0","0","onz 오리지널 레시피 (이미지 기반 추정, 검수 필요)","https://raw.githubusercontent.com/rlaaudgjs2/onz-cocktail-images/main/cocktail_image_file/old/onz_cocktail_Riviera_Sunset.webp","http://onz-cocktail.kr/uploads/glasses/onz_glasstype_flute.webp","2026-09-22 12:00:00","2026-09-22 12:00:00","liqueur|sparkling","10","1","4","2","1","1","2","4","4","0","2","0","0","0","0","0","0","0","0","0","0","0","2","0","0","0","0","0","2","4","1","1","0","up","","needs_review","image_old",""
"419","로어노크 레드","Roanoke Red","보통","13","15","스탠다드","위스키","","록스","봄","버번 45ml (1½ oz), 크랜베리 주스 30ml (1 oz), 레몬 주스 20ml (⅔ oz), 탄산수 적당량(약 90ml), 민트 6~8장","","달콤, 상큼, 탄산, 베리, 시트러스","파티","5","1. 셰이커(또는 믹싱 글라스)에 민트 6~8장을 넣고 가볍게 으깬다. / 2. 셰이커에 얼음과 버번 45ml (1½ oz), 크랜베리 주스 30ml (1 oz), 레몬 주스 20ml (⅔ oz)를 넣고 15초간 강하게 셰이킹한다. / 3. 큰 얼음을 넣은 록스에 더블 스트레이닝하여 따른다. / 4. 탄산수 적당량(약 90ml)로 채운다. / 5. 레몬 필로 가니시한다.","AUTO","0","0","0","onz 오리지널 레시피 (이미지 기반 추정, 검수 필요)","https://raw.githubusercontent.com/rlaaudgjs2/onz-cocktail-images/main/cocktail_image_file/old/onz_cocktail_Roanoke_Red.webp","http://onz-cocktail.kr/uploads/glasses/onz_glasstype_rocks.webp","2026-09-22 12:00:00","2026-09-22 12:00:00","whiskey","14","1","4","3","0","2","2","4","3","0","4","0","0","1","0","0","0","0","0","0","0","0","0","0","0","2","0","0","0","4","1","1","0","rocks","","needs_review","image_old",""
"420","롭 로이","Rob Roy","강함","29","31","스트롱","위스키","","쿠페","가을","스카치 위스키 45ml (1½ oz), 스위트 베르무트 20ml (⅔ oz), 앙고스투라 비터스 2 dashes","","쌉싸름, 강한, 묵직한, 오크·캐러멜, 허브","천천히 음미","3","1. 믹싱 글라스에 얼음과 스카치 위스키 45ml (1½ oz), 스위트 베르무트 20ml (⅔ oz), 앙고스투라 비터스 2 dashes를 넣는다. / 2. 20~30초간 충분히 젓는다. / 3. 차갑게 식힌 쿠페에 걸러 따른다.","AUTO","0","0","0","1894년 뉴욕 맨해튼 월도프 아스토리아 호텔의 바텐더가 스코틀랜드 영웅 롭 로이 맥그리거를 다룬 오페레타 「롭 로이」의 초연을 기념해 만듦.
스카치 위스키로 만드는 맨해튼이라고 할 수 있으며, 비슷한 레시피는 그보다 10년 앞서 런던의 바 안내서에도 실려 있었음.","https://raw.githubusercontent.com/rlaaudgjs2/onz-cocktail-images/main/cocktail_image_file/old/onz_cocktail_Rob_Roy.webp","http://onz-cocktail.kr/uploads/glasses/onz_glasstype_coupe.webp","2026-09-22 12:00:00","2026-09-22 12:00:00","whiskey|fortified","30","3","2","0","3","5","4","0","0","0","0","0","3","0","0","0","0","0","4","1","0","0","0","0","0","0","0","3","0","1","3","4","0","up","","verified","image_old","https://en.wikipedia.org/wiki/Rob_Roy_(cocktail)"
"421","로마 스프링","Rome Spring","보통","14","16","스탠다드","진","","록스","사계절","진 45ml (1½ oz), 이탈리안 비터 15ml (½ oz), 레몬 주스 20ml (⅔ oz), 꿀 15ml (½ oz)","","달콤, 허브, 시트러스","식전","3","1. 셰이커에 얼음과 진 45ml (1½ oz), 이탈리안 비터 15ml (½ oz), 레몬 주스 20ml (⅔ oz), 꿀 15ml (½ oz)를 넣고 15초간 강하게 셰이킹한다. / 2. 큰 얼음을 넣은 록스에 걸러 따른다. / 3. 레몬 필로 가니시한다.","AUTO","0","0","0","onz 오리지널 레시피 (이미지 기반 추정, 검수 필요)","https://raw.githubusercontent.com/rlaaudgjs2/onz-cocktail-images/main/cocktail_image_file/old/onz_cocktail_Rome_Spring.webp","http://onz-cocktail.kr/uploads/glasses/onz_glasstype_rocks.webp","2026-09-22 12:00:00","2026-09-22 12:00:00","gin|liqueur","15","2","3","2","1","2","2","0","3","0","0","0","3","0","2","0","0","0","0","0","0","0","2","0","0","0","0","0","0","3","1","2","0","rocks","","needs_review","image_old",""
"422","로즈 샴페인 펀치","Rose Champagne Punch","보통","9","11","스탠다드","와인","","플루트","봄","로제 샴페인 90ml (3 oz), 로즈 시럽 15ml (½ oz), 라즈베리 6~8알, 레몬 주스 20ml (⅔ oz)","","달콤, 탄산, 꽃향, 베리","파티, 브런치","3","1. 셰이커(또는 믹싱 글라스)에 라즈베리 6~8알을 넣고 가볍게 으깬다. / 2. 셰이커에 얼음과 로제 샴페인 90ml (3 oz), 로즈 시럽 15ml (½ oz), 레몬 주스 20ml (⅔ oz)를 넣고 15초간 강하게 셰이킹한다. / 3. 차갑게 식힌 플루트에 더블 스트레이닝하여 따른다.","AUTO","0","0","0","onz 오리지널 레시피 (이미지 기반 추정, 검수 필요)","https://raw.githubusercontent.com/rlaaudgjs2/onz-cocktail-images/main/cocktail_image_file/old/onz_cocktail_Rose_Champagne_Punch.webp","http://onz-cocktail.kr/uploads/glasses/onz_glasstype_flute.webp","2026-09-22 12:00:00","2026-09-22 12:00:00","sparkling","10","1","4","2","0","1","2","4","0","0","3","0","0","0","4","0","0","0","0","0","0","0","0","0","0","3","0","0","3","5","2","1","0","up","","needs_review","image_old",""
"423","로즈 레모네이드","Rose Lemonade","약함","0","0","라이트","무알코올","","하이볼","여름","로즈 시럽 15ml (½ oz), 레몬 주스 20ml (⅔ oz), 탄산수 적당량(약 90ml)","","달콤, 상큼, 탄산, 꽃향, 시트러스","상쾌한, 브런치","4","1. 하이볼에 얼음을 채운다. / 2. 로즈 시럽 15ml (½ oz), 레몬 주스 20ml (⅔ oz)를 붓는다. / 3. 탄산수 적당량(약 90ml)로 채우고 바 스푼으로 가볍게 한 번 젓는다. / 4. 레몬 필로 가니시한다.","AUTO","0","0","0","과일즙에 물이나 탄산수, 단맛을 더한 레모네이드·에이드 계열 음료. 개별 창시자 기록은 없음.
레몬 음료는 12세기 이집트의 궁정 의사 이븐 주마이의 기록까지 거슬러 올라감.","https://raw.githubusercontent.com/rlaaudgjs2/onz-cocktail-images/main/cocktail_image_file/old/onz_cocktail_Rose_Lemonade.webp","http://onz-cocktail.kr/uploads/glasses/onz_glasstype_highball.webp","2026-09-22 12:00:00","2026-09-22 12:00:00","none","0","0","4","4","0","0","1","4","4","0","0","0","0","0","4","0","0","0","0","0","0","0","0","0","0","0","3","0","2","5","2","1","0","long","","verified","image_old","https://en.wikipedia.org/wiki/Lemonade"
"424","로즈 마티니","Rose Martini","강함","23","25","스탠다드","진","","마티니","봄","진 45ml (1½ oz), 로즈 리큐르 15ml (½ oz), 드라이 베르무트 20ml (⅔ oz), 레몬 주스 20ml (⅔ oz)","","달콤, 강한, 꽃향","식전","2","1. 셰이커에 얼음과 진 45ml (1½ oz), 로즈 리큐르 15ml (½ oz), 드라이 베르무트 20ml (⅔ oz), 레몬 주스 20ml (⅔ oz)를 넣고 15초간 강하게 셰이킹한다. / 2. 차갑게 식힌 마티니에 걸러 따른다.","AUTO","0","0","0","진(또는 보드카)과 드라이 베르무트 구조를 유지하면서 향을 더한 마티니 변형. 개별 창시자 기록은 없음.
마티니는 1860년대 샌프란시스코의 마르티네즈에서 발전했다는 설이 유력하며, 1922년경 지금의 형태가 됨.","https://raw.githubusercontent.com/rlaaudgjs2/onz-cocktail-images/main/cocktail_image_file/old/onz_cocktail_Rose_Martini.webp","http://onz-cocktail.kr/uploads/glasses/onz_glasstype_martini.webp","2026-09-22 12:00:00","2026-09-22 12:00:00","gin|liqueur","24","2","3","2","0","4","2","0","2","0","0","0","0","0","5","0","0","0","0","0","0","0","2","0","0","0","0","0","0","3","1","3","0","up","","verified","image_old","https://en.wikipedia.org/wiki/Martini_(cocktail)"
"425","로즈메리 진 토닉","Rosemary Gin Tonic","보통","9","11","스탠다드","진","","하이볼","여름","진 45ml (1½ oz), 토닉 워터 적당량(약 90ml), 로즈메리 1줄기, 자몽 슬라이스","","탄산, 허브, 시트러스","상쾌한, 식전","5","1. 하이볼에 로즈메리 1줄기를 넣고 머들러로 가볍게 으깬다. / 2. 하이볼에 얼음을 채운다. / 3. 진 45ml (1½ oz)를 붓는다. / 4. 토닉 워터 적당량(약 90ml)로 채우고 바 스푼으로 가볍게 한 번 젓는다. / 5. 자몽 슬라이스로 가니시한다.","AUTO","0","0","0","진 토닉 스타일의 토닉 하이볼. 개별 창시자 기록은 없음.
진 토닉은 19세기 영국령 인도의 장교들이 말라리아 예방용 퀴닌 토닉을 마시기 쉽게 진과 섞은 데서 유래함.","https://raw.githubusercontent.com/rlaaudgjs2/onz-cocktail-images/main/cocktail_image_file/old/onz_cocktail_Rosemary_Gin_Tonic.webp","http://onz-cocktail.kr/uploads/glasses/onz_glasstype_highball.webp","2026-09-22 12:00:00","2026-09-22 12:00:00","gin","10","1","2","1","2","2","1","4","3","0","0","0","5","0","0","0","0","0","0","0","0","0","3","0","0","0","3","0","0","5","3","2","0","long","","verified","image_old","https://en.wikipedia.org/wiki/Gin_and_tonic"
"426","로얄 키르","Royal Kir","보통","11","13","스탠다드","와인","","플루트","봄","샴페인 90ml (3 oz), 크렘 드 카시스 15ml (½ oz)","","달콤, 탄산, 베리","식전, 파티","3","1. 믹싱 글라스에 얼음과 샴페인 90ml (3 oz), 크렘 드 카시스 15ml (½ oz)를 넣는다. / 2. 20~30초간 충분히 젓는다. / 3. 차갑게 식힌 플루트에 걸러 따른다.","AUTO","0","0","0","키르 로얄과 같은 칵테일로, 키르의 화이트 와인 대신 샴페인을 씀.
키르는 2차 대전 이후 프랑스 디종 시장 펠릭스 키르가 외빈 접대 자리에서 대접하며 널리 알려짐.","https://raw.githubusercontent.com/rlaaudgjs2/onz-cocktail-images/main/cocktail_image_file/old/onz_cocktail_Royal_Kir.webp","http://onz-cocktail.kr/uploads/glasses/onz_glasstype_flute.webp","2026-09-22 12:00:00","2026-09-22 12:00:00","sparkling|liqueur","12","1","3","1","0","0","2","4","0","0","5","0","0","0","0","0","0","0","0","0","0","0","3","0","0","3","0","0","0","5","3","2","0","up","","verified","image_old","https://en.wikipedia.org/wiki/Kir_(cocktail)"
"427","럼 버킷","Rum Bucket","보통","11","13","스탠다드","럼","","하이볼","여름","럼 45ml (1½ oz), 파인애플 주스 90ml (3 oz), 오렌지 주스 90ml (3 oz), 라임 주스 20ml (⅔ oz), 탄산수 적당량(약 90ml)","","달콤, 상큼, 탄산, 열대과일, 시트러스","파티, 상쾌한","4","1. 하이볼에 얼음을 채운다. / 2. 럼 45ml (1½ oz), 파인애플 주스 90ml (3 oz), 오렌지 주스 90ml (3 oz), 라임 주스 20ml (⅔ oz)를 붓는다. / 3. 탄산수 적당량(약 90ml)로 채우고 바 스푼으로 가볍게 한 번 젓는다. / 4. 라임 휠로 가니시한다.","AUTO","0","0","0","onz 오리지널 레시피 (이미지 기반 추정, 검수 필요)","https://raw.githubusercontent.com/rlaaudgjs2/onz-cocktail-images/main/cocktail_image_file/old/onz_cocktail_Rum_Bucket.webp","http://onz-cocktail.kr/uploads/glasses/onz_glasstype_highball.webp","2026-09-22 12:00:00","2026-09-22 12:00:00","rum","12","1","4","3","0","1","2","4","3","4","0","0","0","0","0","0","0","0","0","0","0","0","0","0","0","3","3","0","0","5","1","1","0","long","","needs_review","image_old",""
"428","럼 코코 라임","Rum Coco Lime","보통","13","15","스탠다드","럼","","록스","여름","화이트 럼 45ml (1½ oz), 코코넛 크림 30ml (1 oz), 라임 주스 20ml (⅔ oz)","","달콤, 상큼, 묵직한, 열대과일, 시트러스","상쾌한","3","1. 셰이커에 얼음과 화이트 럼 45ml (1½ oz), 코코넛 크림 30ml (1 oz), 라임 주스 20ml (⅔ oz)를 넣고 15초간 강하게 셰이킹한다. / 2. 큰 얼음을 넣은 록스에 걸러 따른다. / 3. 라임 휠로 가니시한다.","AUTO","0","0","0","다이키리 스타일(럼·라임·단맛)에 과일을 더한 칵테일. 개별 창시자 기록은 없음.
다이키리는 1898년경 쿠바에서 미국인 광산 기사 제닝스 콕스가 만듦.","https://raw.githubusercontent.com/rlaaudgjs2/onz-cocktail-images/main/cocktail_image_file/old/onz_cocktail_Rum_Coco_Lime.webp","http://onz-cocktail.kr/uploads/glasses/onz_glasstype_rocks.webp","2026-09-22 12:00:00","2026-09-22 12:00:00","rum","14","1","4","3","0","1","4","0","4","5","0","0","0","0","0","0","0","2","0","0","0","0","0","0","0","0","3","0","0","5","2","1","0","rocks","dairy","verified","image_old","https://en.wikipedia.org/wiki/Daiquiri"
"429","럼 피즈","Rum Fizz","보통","11","13","스탠다드","럼","","하이볼","여름","화이트 럼 45ml (1½ oz), 레몬 주스 20ml (⅔ oz), 설탕 시럽 15ml (½ oz), 탄산수 적당량(약 90ml)","","달콤, 상큼, 탄산, 시트러스","상쾌한","4","1. 하이볼에 얼음을 채운다. / 2. 화이트 럼 45ml (1½ oz), 레몬 주스 20ml (⅔ oz), 설탕 시럽 15ml (½ oz)를 붓는다. / 3. 탄산수 적당량(약 90ml)로 채우고 바 스푼으로 가볍게 한 번 젓는다. / 4. 레몬 필로 가니시한다.","AUTO","0","0","0","사워에 탄산수를 더하는 피즈 계열 칵테일. 개별 창시자 기록은 없음.
피즈는 사워 계열에서 파생되어 1900~1940년대 미국에서 크게 유행함.","https://raw.githubusercontent.com/rlaaudgjs2/onz-cocktail-images/main/cocktail_image_file/old/onz_cocktail_Rum_Fizz.webp","http://onz-cocktail.kr/uploads/glasses/onz_glasstype_highball.webp","2026-09-22 12:00:00","2026-09-22 12:00:00","rum","12","1","3","3","0","1","2","4","4","0","0","0","0","0","0","0","0","0","1","0","0","0","0","0","0","0","3","0","0","4","2","2","0","long","","verified","image_old","https://en.wikipedia.org/wiki/Fizz_(cocktail)"
"430","럼 망고 피즈","Rum Mango Fizz","보통","11","13","스탠다드","럼","","하이볼","여름","화이트 럼 45ml (1½ oz), 망고 퓌레 90ml (3 oz), 라임 주스 20ml (⅔ oz), 탄산수 적당량(약 90ml)","","달콤, 상큼, 탄산, 열대과일, 시트러스","상쾌한, 파티","4","1. 하이볼에 얼음을 채운다. / 2. 화이트 럼 45ml (1½ oz), 망고 퓌레 90ml (3 oz), 라임 주스 20ml (⅔ oz)를 붓는다. / 3. 탄산수 적당량(약 90ml)로 채우고 바 스푼으로 가볍게 한 번 젓는다. / 4. 라임 휠로 가니시한다.","AUTO","0","0","0","사워에 탄산수를 더하는 피즈 계열 칵테일. 개별 창시자 기록은 없음.
피즈는 사워 계열에서 파생되어 1900~1940년대 미국에서 크게 유행함.","https://raw.githubusercontent.com/rlaaudgjs2/onz-cocktail-images/main/cocktail_image_file/old/onz_cocktail_Rum_Mango_Fizz.webp","http://onz-cocktail.kr/uploads/glasses/onz_glasstype_highball.webp","2026-09-22 12:00:00","2026-09-22 12:00:00","rum","12","1","4","3","0","1","2","4","3","5","0","0","0","0","0","0","0","0","0","0","0","0","0","0","0","3","3","0","0","5","2","1","0","long","","verified","image_old","https://en.wikipedia.org/wiki/Fizz_(cocktail)"
"431","럼 맨해튼","Rum Manhattan","강함","27","29","스트롱","럼","","쿠페","가을","숙성 럼 45ml (1½ oz), 스위트 베르무트 20ml (⅔ oz), 앙고스투라 비터스 2 dashes","","달콤, 강한, 묵직한, 오크·캐러멜","천천히 음미","3","1. 믹싱 글라스에 얼음과 숙성 럼 45ml (1½ oz), 스위트 베르무트 20ml (⅔ oz), 앙고스투라 비터스 2 dashes를 넣는다. / 2. 20~30초간 충분히 젓는다. / 3. 차갑게 식힌 쿠페에 걸러 따른다.","AUTO","0","0","0","맨해튼의 라이 위스키를 숙성 럼으로 바꾼 변형. 개별 창시자 기록은 없음.
맨해튼이라는 이름의 칵테일은 1860년대부터 기록이 있고, 1884년 바텐더 안내서에 레시피가 실림.","https://raw.githubusercontent.com/rlaaudgjs2/onz-cocktail-images/main/cocktail_image_file/old/onz_cocktail_Rum_Manhattan.webp","http://onz-cocktail.kr/uploads/glasses/onz_glasstype_coupe.webp","2026-09-22 12:00:00","2026-09-22 12:00:00","rum|fortified","28","3","3","1","2","5","4","0","0","0","0","0","2","0","0","0","0","0","5","0","0","0","0","0","0","0","0","3","0","2","1","4","0","up","","verified","image_old","https://en.wikipedia.org/wiki/Manhattan_(cocktail)"
"432","럼 올드 패션드","Rum Old Fashioned","강함","31","33","스트롱","럼","","록스","가을","숙성 럼 45ml (1½ oz), 설탕 1 tsp, 앙고스투라 비터스 2 dashes","","달콤, 강한, 묵직한, 오크·캐러멜","천천히 음미","2","1. 셰이커에 얼음과 숙성 럼 45ml (1½ oz), 설탕 1 tsp, 앙고스투라 비터스 2 dashes를 넣고 15초간 강하게 셰이킹한다. / 2. 큰 얼음을 넣은 록스에 걸러 따른다.","AUTO","0","0","0","올드 패션드의 위스키를 숙성 럼으로 바꾼 변형. 개별 창시자 기록은 없음.
올드 패션드는 1800년대 초의 '술·비터스·물·설탕' 칵테일에서 비롯되었고, 1880년대에 이름이 굳어짐.","https://raw.githubusercontent.com/rlaaudgjs2/onz-cocktail-images/main/cocktail_image_file/old/onz_cocktail_Rum_Old_Fashioned.webp","http://onz-cocktail.kr/uploads/glasses/onz_glasstype_rocks.webp","2026-09-22 12:00:00","2026-09-22 12:00:00","rum","32","3","3","0","2","5","4","0","0","0","0","0","0","0","0","2","0","0","5","0","0","0","0","0","0","0","0","3","0","2","1","4","0","rocks","","verified","image_old","https://en.wikipedia.org/wiki/Old_fashioned_(cocktail)"
"433","럼 패션프루트","Rum Passionfruit","보통","13","15","스탠다드","럼","","록스","여름","화이트 럼 45ml (1½ oz), 패션프루트 퓌레 30ml (1 oz), 라임 주스 20ml (⅔ oz), 설탕 시럽 15ml (½ oz)","","달콤, 상큼, 묵직한, 열대과일, 시트러스","상쾌한, 파티","3","1. 셰이커에 얼음과 화이트 럼 45ml (1½ oz), 패션프루트 퓌레 30ml (1 oz), 라임 주스 20ml (⅔ oz), 설탕 시럽 15ml (½ oz)를 넣고 15초간 강하게 셰이킹한다. / 2. 큰 얼음을 넣은 록스에 걸러 따른다. / 3. 라임 휠로 가니시한다.","AUTO","0","0","0","다이키리 스타일(럼·라임·단맛)에 과일을 더한 칵테일. 개별 창시자 기록은 없음.
다이키리는 1898년경 쿠바에서 미국인 광산 기사 제닝스 콕스가 만듦.","https://raw.githubusercontent.com/rlaaudgjs2/onz-cocktail-images/main/cocktail_image_file/old/onz_cocktail_Rum_Passionfruit.webp","http://onz-cocktail.kr/uploads/glasses/onz_glasstype_rocks.webp","2026-09-22 12:00:00","2026-09-22 12:00:00","rum","14","1","4","4","0","1","3","0","3","5","0","0","0","0","0","0","0","0","0","0","0","0","0","0","0","2","3","0","0","5","2","1","0","rocks","","verified","image_old","https://en.wikipedia.org/wiki/Daiquiri"
"434","럼 러너","Rum Runner","보통","15","17","스탠다드","럼","","허리케인","여름","럼 45ml (1½ oz), 바나나 리큐르 15ml (½ oz), 블랙베리 리큐르 15ml (½ oz), 파인애플·오렌지 주스 90ml (3 oz), 그레나딘 10ml (⅓ oz)","","달콤, 상큼, 묵직한, 열대과일, 베리","상쾌한, 파티","3","1. 블렌더에 럼 45ml (1½ oz), 바나나 리큐르 15ml (½ oz), 블랙베리 리큐르 15ml (½ oz), 파인애플·오렌지 주스 90ml (3 oz), 그레나딘 10ml (⅓ oz)와 얼음 1컵을 넣는다. / 2. 부드러워질 때까지 20~30초간 간다. / 3. 허리케인에 따른다.","AUTO","0","0","0","1970년대 미국 플로리다 아일라모라다의 홀리데이 아일 티키 바에서 '티키 존'이라 불린 바텐더가 만듦.
새 물건이 들어오기 전 남은 라이트·다크 럼, 바나나 리큐르, 베리 리큐르, 과일 주스를 한꺼번에 써서 만든 것이 시작. 이름은 금주법 시대 럼 밀수꾼에서 따옴.","https://raw.githubusercontent.com/rlaaudgjs2/onz-cocktail-images/main/cocktail_image_file/old/onz_cocktail_Rum_Runner.webp","http://onz-cocktail.kr/uploads/glasses/onz_glasstype_hurricane.webp","2026-09-22 12:00:00","2026-09-22 12:00:00","rum|liqueur","16","2","5","3","0","2","3","0","0","4","4","0","0","0","0","0","0","0","0","0","0","0","0","0","0","3","3","0","0","5","3","2","0","frozen","","verified","image_old","https://www.islamoradaresortcollection.com/stories/history-rum-runner-cocktail"
"435","럼 사이드카","Rum Sidecar","강함","24","26","스트롱","럼","","쿠페","가을","숙성 럼 45ml (1½ oz), 트리플 섹 15ml (½ oz), 레몬 주스 20ml (⅔ oz)","","달콤, 상큼, 강한, 시트러스, 오크·캐러멜","천천히 음미","3","1. 셰이커에 얼음과 숙성 럼 45ml (1½ oz), 트리플 섹 15ml (½ oz), 레몬 주스 20ml (⅔ oz)를 넣고 15초간 강하게 셰이킹한다. / 2. 차갑게 식힌 쿠페에 걸러 따른다. / 3. 레몬 필로 가니시한다.","AUTO","0","0","0","사이드카의 코냑을 숙성 럼으로 바꾼 변형. 개별 창시자 기록은 없음.
사이드카는 1차 대전 말 런던이나 파리에서 생겼다고 알려져 있으며, 1922년에 처음 레시피가 출판됨.","https://raw.githubusercontent.com/rlaaudgjs2/onz-cocktail-images/main/cocktail_image_file/old/onz_cocktail_Rum_Sidecar.webp","http://onz-cocktail.kr/uploads/glasses/onz_glasstype_coupe.webp","2026-09-22 12:00:00","2026-09-22 12:00:00","rum|liqueur","25","3","3","4","0","3","2","0","4","0","0","0","0","0","0","0","0","0","3","0","0","0","0","0","0","0","0","2","0","3","1","3","0","up","","verified","image_old","https://en.wikipedia.org/wiki/Sidecar_(cocktail)"
"436","럼 스위즐","Rum Swizzle","보통","17","19","스탠다드","럼","","하이볼","여름","다크 럼 45ml (1½ oz), 라임 주스 20ml (⅔ oz), 팔레넘 15ml (½ oz), 앙고스투라 비터스 2 dashes, 크러시드 아이스","","달콤, 상큼, 묵직한, 열대과일, 스파이시, 시트러스","상쾌한","3","1. 하이볼에 얼음을 채운다. / 2. 다크 럼 45ml (1½ oz), 라임 주스 20ml (⅔ oz), 팔레넘 15ml (½ oz), 앙고스투라 비터스 2 dashes를 붓는다. / 3. 크러시드 아이스로 가니시한다.","AUTO","0","0","0","카리브해에서 생긴 음료로, 얼음을 넣은 럼 음료는 1760년 포트 티콘데로가, 1838년 세인트키츠 등에서 기록이 남아 있음.
1909년 에드워드 R. 에머슨은 세인트키츠 기원설을 주장했으며, 이후 버뮤다의 국민 칵테일로 자리 잡음.","https://raw.githubusercontent.com/rlaaudgjs2/onz-cocktail-images/main/cocktail_image_file/old/onz_cocktail_Rum_Swizzle.webp","http://onz-cocktail.kr/uploads/glasses/onz_glasstype_highball.webp","2026-09-22 12:00:00","2026-09-22 12:00:00","rum","18","2","4","3","0","2","3","0","3","3","0","0","0","0","0","3","0","0","0","0","0","0","0","0","0","0","3","0","0","4","2","3","0","long","","verified","image_old","https://en.wikipedia.org/wiki/Rum_swizzle"
"437","라이 위스키 사워","Rye Whiskey Sour","보통","17","19","스탠다드","위스키","","록스","가을","라이 위스키 45ml (1½ oz), 레몬 주스 20ml (⅔ oz), 설탕 시럽 15ml (½ oz), 계란 흰자 1개분","","달콤, 상큼, 강한, 묵직한, 시트러스, 오크·캐러멜","천천히 음미","4","1. 셰이커에 라이 위스키 45ml (1½ oz), 레몬 주스 20ml (⅔ oz), 설탕 시럽 15ml (½ oz), 계란 흰자 1개분을 넣고 얼음 없이 10초간 드라이 셰이킹한다. / 2. 얼음을 넣고 15초간 다시 강하게 셰이킹한다. / 3. 큰 얼음을 넣은 록스에 걸러 따른다. / 4. 레몬 필로 가니시한다.","AUTO","0","0","0","술에 시트러스와 단맛을 더하는 사워 계열 칵테일. 개별 창시자 기록은 없음.
사워 계열의 대표인 위스키 사워는 1870년 미국 위스콘신의 신문 『워키쇼 플레인 딜러』에 처음 기록됨.","https://raw.githubusercontent.com/rlaaudgjs2/onz-cocktail-images/main/cocktail_image_file/old/onz_cocktail_Rye_Whiskey_Sour.webp","http://onz-cocktail.kr/uploads/glasses/onz_glasstype_rocks.webp","2026-09-22 12:00:00","2026-09-22 12:00:00","whiskey","18","2","3","4","1","3","3","0","4","0","0","0","0","0","0","2","0","0","3","0","0","0","0","0","0","0","0","2","0","3","3","3","0","rocks","egg","verified","image_old","https://en.wikipedia.org/wiki/Whiskey_sour"
"438","사파리 선셋","Safari Sunset","보통","12","14","스탠다드","보드카","","하이볼","여름","보드카 45ml (1½ oz), 오렌지 주스 90ml (3 oz), 패션프루트 퓌레 90ml (3 oz), 그레나딘 10ml (⅓ oz), 탄산수 적당량(약 90ml)","","달콤, 상큼, 탄산, 시트러스, 열대과일","상쾌한, 파티","4","1. 하이볼에 얼음을 채운다. / 2. 보드카 45ml (1½ oz), 오렌지 주스 90ml (3 oz), 패션프루트 퓌레 90ml (3 oz), 그레나딘 10ml (⅓ oz)를 붓는다. / 3. 탄산수 적당량(약 90ml)로 채우고 바 스푼으로 가볍게 한 번 젓는다. / 4. 오렌지 필로 가니시한다.","AUTO","0","0","0","onz 오리지널 레시피 (이미지 기반 추정, 검수 필요)","https://raw.githubusercontent.com/rlaaudgjs2/onz-cocktail-images/main/cocktail_image_file/old/onz_cocktail_Safari_Sunset.webp","http://onz-cocktail.kr/uploads/glasses/onz_glasstype_highball.webp","2026-09-22 12:00:00","2026-09-22 12:00:00","vodka","13","1","4","3","0","1","2","4","4","3","0","0","0","0","0","0","0","0","0","0","0","0","0","0","0","3","3","0","0","5","1","1","0","long","","needs_review","image_old",""
"439","세이지 마가리타","Sage Margarita","강함","19","21","스페셜","테킬라","","록스","사계절","테킬라 45ml (1½ oz), 세이지 1줄기, 트리플 섹 15ml (½ oz), 라임 주스 20ml (⅔ oz)","","달콤, 상큼, 강한, 허브, 시트러스","식사와 함께","4","1. 셰이커(또는 믹싱 글라스)에 세이지 1줄기를 넣고 가볍게 으깬다. / 2. 셰이커에 얼음과 테킬라 45ml (1½ oz), 트리플 섹 15ml (½ oz), 라임 주스 20ml (⅔ oz)를 넣고 15초간 강하게 셰이킹한다. / 3. 큰 얼음을 넣은 록스에 더블 스트레이닝하여 따른다. / 4. 라임 휠로 가니시한다.","AUTO","0","0","0","마가리타 변형. 개별 창시자 기록은 없음.
마가리타는 1930~40년대 멕시코에서 생겼다는 여러 설이 있고 첫 레시피는 1953년 『에스콰이어』에 실림. 과일 프로즌 마가리타는 1971년 댈러스에서 마가리타 기계가 나온 뒤 퍼짐.","https://raw.githubusercontent.com/rlaaudgjs2/onz-cocktail-images/main/cocktail_image_file/old/onz_cocktail_Sage_Margarita.webp","http://onz-cocktail.kr/uploads/glasses/onz_glasstype_rocks.webp","2026-09-22 12:00:00","2026-09-22 12:00:00","tequila|liqueur","20","2","3","3","0","3","2","0","4","0","0","0","5","0","0","0","0","0","0","0","0","0","0","2","0","1","0","0","0","3","1","4","0","rocks","","verified","image_old","https://en.wikipedia.org/wiki/Margarita"
"440","사이공 스프링","Saigon Spring","보통","12","14","스탠다드","진","","쿠페","여름","진 45ml (1½ oz), 레몬그라스 1줄기, 라임 주스 20ml (⅔ oz), 생강 2~3조각, 탄산수 적당량(약 90ml)","","달콤, 상큼, 탄산, 허브, 시트러스","식사와 함께, 상쾌한","5","1. 셰이커(또는 믹싱 글라스)에 레몬그라스 1줄기, 생강 2~3조각을 넣고 가볍게 으깬다. / 2. 셰이커에 얼음과 진 45ml (1½ oz), 라임 주스 20ml (⅔ oz)를 넣고 15초간 강하게 셰이킹한다. / 3. 차갑게 식힌 쿠페에 더블 스트레이닝하여 따른다. / 4. 탄산수 적당량(약 90ml)로 채운다. / 5. 라임 휠로 가니시한다.","AUTO","0","0","0","onz 오리지널 레시피 (이미지 기반 추정, 검수 필요)","https://raw.githubusercontent.com/rlaaudgjs2/onz-cocktail-images/main/cocktail_image_file/old/onz_cocktail_Saigon_Spring.webp","http://onz-cocktail.kr/uploads/glasses/onz_glasstype_coupe.webp","2026-09-22 12:00:00","2026-09-22 12:00:00","gin","13","1","3","3","0","1","2","4","4","0","0","0","4","0","0","1","0","0","0","0","0","0","0","3","0","0","2","0","0","3","1","2","0","up","","needs_review","image_old",""
"441","생 바르텔레미","Saint-Barthélemy","보통","14","16","스탠다드","럼","","록스","여름","럼 45ml (1½ oz), 파인애플 2~3조각, 라임 주스 20ml (⅔ oz), 코코넛 크림 30ml (1 oz)","","달콤, 상큼, 묵직한, 열대과일, 시트러스","상쾌한","4","1. 셰이커(또는 믹싱 글라스)에 파인애플 2~3조각을 넣고 가볍게 으깬다. / 2. 셰이커에 얼음과 럼 45ml (1½ oz), 라임 주스 20ml (⅔ oz), 코코넛 크림 30ml (1 oz)를 넣고 15초간 강하게 셰이킹한다. / 3. 큰 얼음을 넣은 록스에 더블 스트레이닝하여 따른다. / 4. 라임 휠로 가니시한다.","AUTO","0","0","0","onz 오리지널 레시피 (이미지 기반 추정, 검수 필요)","https://raw.githubusercontent.com/rlaaudgjs2/onz-cocktail-images/main/cocktail_image_file/old/onz_cocktail_Saint_Barthlemy.webp","http://onz-cocktail.kr/uploads/glasses/onz_glasstype_rocks.webp","2026-09-22 12:00:00","2026-09-22 12:00:00","rum","15","2","4","3","0","2","3","0","3","4","0","0","0","0","0","0","0","0","0","0","0","0","0","0","0","0","3","0","0","4","1","1","0","rocks","","needs_review","image_old",""
"442","세인트루시아 펀치","Saint Lucia Punch","보통","13","15","스탠다드","럼","","쿠페","여름","럼 45ml (1½ oz), 파인애플 주스 30ml (1 oz), 라임 주스 20ml (⅔ oz), 넛맥, 그레나딘 10ml (⅓ oz)","","달콤, 상큼, 묵직한, 열대과일, 시트러스","파티, 상쾌한","3","1. 셰이커에 얼음과 럼 45ml (1½ oz), 파인애플 주스 30ml (1 oz), 라임 주스 20ml (⅔ oz), 그레나딘 10ml (⅓ oz)를 넣고 15초간 강하게 셰이킹한다. / 2. 차갑게 식힌 쿠페에 걸러 따른다. / 3. 넛맥으로 가니시한다.","AUTO","0","0","0","onz 오리지널 레시피 (이미지 기반 추정, 검수 필요)","https://raw.githubusercontent.com/rlaaudgjs2/onz-cocktail-images/main/cocktail_image_file/old/onz_cocktail_Saint_Lucia_Punch.webp","http://onz-cocktail.kr/uploads/glasses/onz_glasstype_coupe.webp","2026-09-22 12:00:00","2026-09-22 12:00:00","rum","14","1","4","3","0","1","3","0","3","4","0","0","0","0","0","2","0","0","0","0","0","0","0","0","0","3","2","0","0","4","1","1","0","up","","needs_review","image_old",""
"443","생마르탱 버킷","Saint Martin Bucket","보통","13","15","스탠다드","럼","","쿠페","여름","럼 45ml (1½ oz), 오렌지 리큐르 15ml (½ oz), 파인애플 주스 30ml (1 oz), 라임 주스 20ml (⅔ oz), 탄산수 적당량(약 90ml)","","달콤, 상큼, 탄산, 열대과일, 시트러스","파티, 상쾌한","4","1. 셰이커에 얼음과 럼 45ml (1½ oz), 오렌지 리큐르 15ml (½ oz), 파인애플 주스 30ml (1 oz), 라임 주스 20ml (⅔ oz)를 넣고 15초간 강하게 셰이킹한다. / 2. 차갑게 식힌 쿠페에 걸러 따른다. / 3. 탄산수 적당량(약 90ml)로 채운다. / 4. 라임 휠로 가니시한다.","AUTO","0","0","0","onz 오리지널 레시피 (이미지 기반 추정, 검수 필요)","https://raw.githubusercontent.com/rlaaudgjs2/onz-cocktail-images/main/cocktail_image_file/old/onz_cocktail_Saint_Martin_Bucket.webp","http://onz-cocktail.kr/uploads/glasses/onz_glasstype_coupe.webp","2026-09-22 12:00:00","2026-09-22 12:00:00","rum|liqueur","14","1","4","3","0","1","2","4","3","4","0","0","0","0","0","0","0","0","0","0","0","0","0","0","0","3","3","0","0","4","1","1","0","up","","needs_review","image_old",""
"444","사케 코스모폴리탄","Sake Cosmopolitan","보통","13","15","스탠다드","사케","","쿠페","봄","사케 45ml (1½ oz), 트리플 섹 15ml (½ oz), 크랜베리 주스 30ml (1 oz), 라임 주스 20ml (⅔ oz)","","달콤, 상큼, 베리, 시트러스","파티","3","1. 셰이커에 얼음과 사케 45ml (1½ oz), 트리플 섹 15ml (½ oz), 크랜베리 주스 30ml (1 oz), 라임 주스 20ml (⅔ oz)를 넣고 15초간 강하게 셰이킹한다. / 2. 차갑게 식힌 쿠페에 걸러 따른다. / 3. 라임 휠로 가니시한다.","AUTO","0","0","0","문헌으로 확인되는 유래 기록을 찾지 못함.","https://raw.githubusercontent.com/rlaaudgjs2/onz-cocktail-images/main/cocktail_image_file/old/onz_cocktail_Sake_Cosmopolitan.webp","http://onz-cocktail.kr/uploads/glasses/onz_glasstype_coupe.webp","2026-09-22 12:00:00","2026-09-22 12:00:00","sake|liqueur","14","1","4","3","0","1","2","0","4","0","4","0","0","0","0","0","0","0","0","0","0","0","0","0","0","3","0","0","0","5","2","1","0","up","","verified","image_old",""
"445","사쿠라 마티니","Sakura Martini","보통","17","19","스탠다드","사케","","마티니","봄","사케 30ml (1 oz), 진 30ml (1 oz), 벚꽃 시럽(체리 블로섬) 15ml (½ oz), 드라이 베르무트 20ml (⅔ oz)","","달콤, 강한, 꽃향","식전","2","1. 셰이커에 얼음과 사케 30ml (1 oz), 진 30ml (1 oz), 벚꽃 시럽(체리 블로섬) 15ml (½ oz), 드라이 베르무트 20ml (⅔ oz)를 넣고 15초간 강하게 셰이킹한다. / 2. 차갑게 식힌 마티니에 걸러 따른다.","AUTO","0","0","0","마티니 잔에 담는 현대식 '~티니' 칵테일. 개별 창시자 기록은 없음.
1980년대부터 마티니 잔에 담은 칵테일에 마티니라는 이름을 붙이는 유행이 생겼고, 전통 마티니와는 다른 스타일임.","https://raw.githubusercontent.com/rlaaudgjs2/onz-cocktail-images/main/cocktail_image_file/old/onz_cocktail_Sakura_Martini.webp","http://onz-cocktail.kr/uploads/glasses/onz_glasstype_martini.webp","2026-09-22 12:00:00","2026-09-22 12:00:00","sake|gin","18","2","3","1","1","3","2","0","0","0","0","0","2","0","5","0","0","0","0","0","0","0","2","0","0","0","0","0","0","3","1","3","0","up","","verified","image_old","https://en.wikipedia.org/wiki/Martini_(cocktail)"
"446","솔티 독","Salty Dog","보통","9","11","스탠다드","보드카","","하이볼","여름","보드카 45ml (1½ oz), 자몽 주스 90ml (3 oz), 솔트 림","","상큼, 시트러스, 짭짤한","상쾌한, 브런치","3","1. 하이볼에 얼음을 채운다. / 2. 보드카 45ml (1½ oz), 자몽 주스 90ml (3 oz)를 붓는다. / 3. 솔트 림으로 가니시한다.","AUTO","0","0","0","그레이하운드(보드카·자몽 주스)의 잔 테두리에 소금을 묻힌 변형.
그레이하운드는 1945년 『하퍼스 매거진』에서 그레이하운드 버스 터미널 식당의 칵테일로 소개된 기록이 있음.","https://raw.githubusercontent.com/rlaaudgjs2/onz-cocktail-images/main/cocktail_image_file/old/onz_cocktail_Salty_Dog.webp","http://onz-cocktail.kr/uploads/glasses/onz_glasstype_highball.webp","2026-09-22 12:00:00","2026-09-22 12:00:00","vodka","10","1","2","3","1","1","2","0","5","0","0","0","0","0","0","0","0","0","0","0","0","3","0","0","0","0","3","0","2","4","3","1","0","long","","verified","image_old","https://en.wikipedia.org/wiki/Greyhound_(cocktail)"
"447","삼바 다이키리","Samba Daiquiri","보통","17","19","스탠다드","럼","","쿠페","여름","화이트 럼 45ml (1½ oz), 패션프루트 퓌레 30ml (1 oz), 라임 주스 20ml (⅔ oz), 설탕 시럽 15ml (½ oz)","","달콤, 상큼, 강한, 시트러스, 열대과일","상쾌한","3","1. 셰이커에 얼음과 화이트 럼 45ml (1½ oz), 패션프루트 퓌레 30ml (1 oz), 라임 주스 20ml (⅔ oz), 설탕 시럽 15ml (½ oz)를 넣고 15초간 강하게 셰이킹한다. / 2. 차갑게 식힌 쿠페에 걸러 따른다. / 3. 라임 휠로 가니시한다.","AUTO","0","0","0","onz 오리지널 레시피 (이미지 기반 추정, 검수 필요)","https://raw.githubusercontent.com/rlaaudgjs2/onz-cocktail-images/main/cocktail_image_file/old/onz_cocktail_Samba_Daiquiri.webp","http://onz-cocktail.kr/uploads/glasses/onz_glasstype_coupe.webp","2026-09-22 12:00:00","2026-09-22 12:00:00","rum","18","2","4","4","0","3","2","0","4","3","0","0","0","0","0","0","0","0","0","0","0","0","0","0","0","0","2","0","0","4","1","1","0","up","","needs_review","image_old",""
"448","상그리아 블랑카","Sangria Blanca","약함","8","10","라이트","와인","","와인 글라스","가을","화이트 와인 90ml (3 oz), 브랜디 45ml (1½ oz), 복숭아 3~4조각, 사과 3~4조각, 오렌지 ½개, 탄산수 적당량(약 90ml)","","달콤, 탄산, 과일향, 시트러스","파티, 브런치, 식사와 함께","5","1. 와인 글라스에 복숭아 3~4조각, 사과 3~4조각, 오렌지 ½개를 넣고 머들러로 가볍게 으깬다. / 2. 와인 글라스에 얼음을 채운다. / 3. 화이트 와인 90ml (3 oz), 브랜디 45ml (1½ oz)를 붓는다. / 4. 탄산수 적당량(약 90ml)로 채우고 바 스푼으로 가볍게 한 번 젓는다. / 5. 오렌지 필로 가니시한다.","AUTO","0","0","0","화이트 와인으로 만드는 상그리아로, 전통적인 레드 상그리아보다 최근에 생긴 변형.
상그리아의 뿌리는 중세 스페인 레온 왕국의 '레온식 레모네이드'.","https://raw.githubusercontent.com/rlaaudgjs2/onz-cocktail-images/main/cocktail_image_file/old/onz_cocktail_Sangria_Blanca.webp","http://onz-cocktail.kr/uploads/glasses/onz_glasstype_wine_glass.webp","2026-09-22 12:00:00","2026-09-22 12:00:00","wine|brandy","9","1","4","2","0","1","2","4","4","0","0","4","0","0","0","0","0","0","0","0","0","0","0","2","0","3","0","0","2","5","3","1","0","long","","verified","image_old","https://en.wikipedia.org/wiki/Sangria"
"449","스카치 미스트","Scotch Mist","강함","34","36","스트롱","위스키","","록스","가을","스카치 위스키 45ml (1½ oz), 크러시드 아이스, 레몬 필","","강한, 오크·캐러멜","천천히 음미","4","1. 믹싱 글라스에 얼음과 스카치 위스키 45ml (1½ oz)를 넣는다. / 2. 20~30초간 충분히 젓는다. / 3. 큰 얼음을 넣은 록스에 걸러 따른다. / 4. 크러시드 아이스, 레몬 필로 가니시한다.","AUTO","0","0","0","크러시드 아이스에 스카치를 붓고 레몬 필만 더하는 단순한 음료로, 1946년 영화 「빅 슬립」에 등장해 알려짐.
그 이전의 유래나 창시자에 대한 기록은 확인되지 않음.","https://raw.githubusercontent.com/rlaaudgjs2/onz-cocktail-images/main/cocktail_image_file/old/onz_cocktail_Scotch_Mist.webp","http://onz-cocktail.kr/uploads/glasses/onz_glasstype_rocks.webp","2026-09-22 12:00:00","2026-09-22 12:00:00","whiskey","35","3","1","0","2","5","2","0","1","0","0","0","0","0","0","0","0","0","4","2","0","0","0","0","0","0","0","3","0","1","2","3","0","rocks","","verified","image_old","https://88bamboo.co/blogs/cocktail-in-movies/scotch-mist-from-the-big-sleep-1946"
"450","스카치 사워","Scotch Sour","보통","16","18","스탠다드","위스키","","록스","가을","스카치 위스키 45ml (1½ oz), 레몬 주스 20ml (⅔ oz), 설탕 시럽 15ml (½ oz), 계란 흰자 1개분","","달콤, 상큼, 강한, 묵직한, 시트러스, 오크·캐러멜","천천히 음미","4","1. 셰이커에 스카치 위스키 45ml (1½ oz), 레몬 주스 20ml (⅔ oz), 설탕 시럽 15ml (½ oz), 계란 흰자 1개분을 넣고 얼음 없이 10초간 드라이 셰이킹한다. / 2. 얼음을 넣고 15초간 다시 강하게 셰이킹한다. / 3. 큰 얼음을 넣은 록스에 걸러 따른다. / 4. 레몬 필로 가니시한다.","AUTO","0","0","0","술에 시트러스와 단맛을 더하는 사워 계열 칵테일. 개별 창시자 기록은 없음.
사워 계열의 대표인 위스키 사워는 1870년 미국 위스콘신의 신문 『워키쇼 플레인 딜러』에 처음 기록됨.","https://raw.githubusercontent.com/rlaaudgjs2/onz-cocktail-images/main/cocktail_image_file/old/onz_cocktail_Scotch_Sour.webp","http://onz-cocktail.kr/uploads/glasses/onz_glasstype_rocks.webp","2026-09-22 12:00:00","2026-09-22 12:00:00","whiskey","17","2","3","4","1","3","3","0","4","0","0","0","0","0","0","0","0","0","3","1","0","0","0","0","0","0","0","2","0","3","2","3","0","rocks","egg","verified","image_old","https://en.wikipedia.org/wiki/Whiskey_sour"
"451","스크루드라이버","Screwdriver","보통","9","11","스탠다드","보드카","","하이볼","여름","보드카 45ml (1½ oz), 오렌지 주스 90ml (3 oz)","","달콤, 시트러스","브런치, 상쾌한","3","1. 하이볼에 얼음을 채운다. / 2. 보드카 45ml (1½ oz), 오렌지 주스 90ml (3 oz)를 붓는다. / 3. 오렌지 필로 가니시한다.","AUTO","0","0","0","2차 대전 중 중국과 튀르키예에 있던 미국인들이 곡물 증류주에 오렌지 주스를 섞어 마신 데서 유래함.
'스크루드라이버'라는 이름은 1943~44년경 튀르키예에서 처음 쓰였으며, 숟가락 대신 드라이버로 저었다는 이야기가 전해지지만 확인된 사실은 아님.","https://raw.githubusercontent.com/rlaaudgjs2/onz-cocktail-images/main/cocktail_image_file/old/onz_cocktail_Screwdriver.webp","http://onz-cocktail.kr/uploads/glasses/onz_glasstype_highball.webp","2026-09-22 12:00:00","2026-09-22 12:00:00","vodka","10","1","3","2","0","1","2","0","5","0","0","0","0","0","0","0","0","0","0","0","0","0","0","0","0","0","2","0","3","5","5","0","0","long","","verified","image_old","https://en.wikipedia.org/wiki/Screwdriver_(cocktail)"
"452","샌디","Shandy","약함","2","4","라이트","맥주","","하이볼","여름","맥주 적당량(약 90ml), 레모네이드 적당량(약 90ml)","","탄산, 시트러스","상쾌한, 파티","4","1. 하이볼에 얼음을 채운다. / 2. 를 붓는다. / 3. 맥주 적당량(약 90ml), 레모네이드 적당량(약 90ml)로 채우고 바 스푼으로 가볍게 한 번 젓는다. / 4. 레몬 필로 가니시한다.","AUTO","0","0","0","19세기 중반 영국에서 생긴 말로, '샌디개프(shandygaff)'는 1853년, 줄인 말 '샌디'는 1888년에 처음 기록됨.
독일식 변형 '라들러'는 1920년대 뮌헨 근교의 여관 주인 프란츠 쿠글러가 자전거 여행객을 위해 만들었다고 알려짐.","https://raw.githubusercontent.com/rlaaudgjs2/onz-cocktail-images/main/cocktail_image_file/old/onz_cocktail_Shandy.webp","http://onz-cocktail.kr/uploads/glasses/onz_glasstype_highball.webp","2026-09-22 12:00:00","2026-09-22 12:00:00","beer","3","0","2","2","0","0","2","4","4","0","0","0","0","0","0","0","0","0","0","0","0","0","0","0","0","3","3","0","0","5","3","1","0","long","","verified","image_old","https://en.wikipedia.org/wiki/Shandy"
"453","상하이 선셋","Shanghai Sunset","보통","12","14","스탠다드","보드카","","하이볼","봄","보드카 45ml (1½ oz), 리치 리큐르 15ml (½ oz), 오렌지 주스 90ml (3 oz), 그레나딘 10ml (⅓ oz)","","달콤, 상큼, 베리, 시트러스","파티","3","1. 하이볼에 얼음을 채운다. / 2. 보드카 45ml (1½ oz), 리치 리큐르 15ml (½ oz), 오렌지 주스 90ml (3 oz), 그레나딘 10ml (⅓ oz)를 붓는다. / 3. 오렌지 필로 가니시한다.","AUTO","0","0","0","onz 오리지널 레시피 (이미지 기반 추정, 검수 필요)","https://raw.githubusercontent.com/rlaaudgjs2/onz-cocktail-images/main/cocktail_image_file/old/onz_cocktail_Shanghai_Sunset.webp","http://onz-cocktail.kr/uploads/glasses/onz_glasstype_highball.webp","2026-09-22 12:00:00","2026-09-22 12:00:00","vodka|liqueur","13","1","4","3","0","1","2","0","3","0","3","0","0","0","2","0","0","0","0","0","0","0","0","0","0","3","0","0","0","4","1","1","0","long","","needs_review","image_old",""
"454","시소 마티니","Shiso Martini","강함","21","23","스페셜","보드카","","마티니","사계절","보드카 30ml (1 oz), 사케 30ml (1 oz), 시소 잎 6~8장, 유자 주스 30ml (1 oz)","","강한, 허브","식전, 식사와 함께","3","1. 셰이커(또는 믹싱 글라스)에 시소 잎 6~8장을 넣고 가볍게 으깬다. / 2. 셰이커에 얼음과 보드카 30ml (1 oz), 사케 30ml (1 oz), 유자 주스 30ml (1 oz)를 넣고 15초간 강하게 셰이킹한다. / 3. 차갑게 식힌 마티니에 더블 스트레이닝하여 따른다.","AUTO","0","0","0","onz 오리지널 레시피 (이미지 기반 추정, 검수 필요)","https://raw.githubusercontent.com/rlaaudgjs2/onz-cocktail-images/main/cocktail_image_file/old/onz_cocktail_Shiso_Martini.webp","http://onz-cocktail.kr/uploads/glasses/onz_glasstype_martini.webp","2026-09-22 12:00:00","2026-09-22 12:00:00","vodka|sake","22","2","2","2","1","4","2","0","2","0","0","0","5","0","0","0","0","0","0","0","0","0","2","2","0","0","0","0","0","2","1","4","0","up","","needs_review","image_old",""
"455","시칠리안 선셋","Sicilian Sunset","약함","8","10","라이트","리큐르","","플루트","사계절","블러드 오렌지 주스 30ml (1 oz), 아페롤 20ml (⅔ oz), 프로세코 적당량(약 90ml)","","달콤, 탄산, 시트러스","식전, 브런치","4","1. 셰이커에 얼음과 블러드 오렌지 주스 30ml (1 oz), 아페롤 20ml (⅔ oz)를 넣고 15초간 강하게 셰이킹한다. / 2. 차갑게 식힌 플루트에 걸러 따른다. / 3. 프로세코 적당량(약 90ml)로 채운다. / 4. 오렌지 필로 가니시한다.","AUTO","0","0","0","onz 오리지널 레시피 (이미지 기반 추정, 검수 필요)","https://raw.githubusercontent.com/rlaaudgjs2/onz-cocktail-images/main/cocktail_image_file/old/onz_cocktail_Sicilian_Sunset.webp","http://onz-cocktail.kr/uploads/glasses/onz_glasstype_flute.webp","2026-09-22 12:00:00","2026-09-22 12:00:00","liqueur|sparkling","9","1","4","2","2","1","1","4","5","0","0","0","2","0","0","0","0","0","0","0","0","0","3","0","0","0","0","0","2","4","1","1","0","up","","needs_review","image_old",""
"456","싱가포르 사워","Singapore Sour","보통","16","18","스탠다드","진","","쿠페","봄","진 45ml (1½ oz), 체리 리큐르 15ml (½ oz), 레몬 주스 20ml (⅔ oz), 파인애플 2~3조각, 계란 흰자 1개분","","달콤, 상큼, 묵직한, 시트러스, 베리","파티","5","1. 셰이커(또는 믹싱 글라스)에 파인애플 2~3조각을 넣고 가볍게 으깬다. / 2. 셰이커에 진 45ml (1½ oz), 체리 리큐르 15ml (½ oz), 레몬 주스 20ml (⅔ oz), 계란 흰자 1개분을 넣고 얼음 없이 10초간 드라이 셰이킹한다. / 3. 얼음을 넣고 15초간 다시 강하게 셰이킹한다. / 4. 차갑게 식힌 쿠페에 더블 스트레이닝하여 따른다. / 5. 레몬 필로 가니시한다.","AUTO","0","0","0","onz 오리지널 레시피 (이미지 기반 추정, 검수 필요)","https://raw.githubusercontent.com/rlaaudgjs2/onz-cocktail-images/main/cocktail_image_file/old/onz_cocktail_Singapore_Sour.webp","http://onz-cocktail.kr/uploads/glasses/onz_glasstype_coupe.webp","2026-09-22 12:00:00","2026-09-22 12:00:00","gin|liqueur","17","2","4","4","0","2","3","0","4","2","3","0","0","0","0","0","0","0","0","0","0","0","0","0","0","2","0","0","0","4","1","2","0","up","egg","needs_review","image_old",""
"457","신트마르턴 나이트","Sint Maarten Night","보통","12","14","스탠다드","럼","","록스","봄","럼 45ml (1½ oz), 블루 큐라소 15ml (½ oz), 라즈베리 6~8알, 라임 주스 20ml (⅔ oz), 오렌지 필","","달콤, 상큼, 탄산, 베리, 시트러스","파티","4","1. 셰이커(또는 믹싱 글라스)에 라즈베리 6~8알을 넣고 가볍게 으깬다. / 2. 셰이커에 얼음과 럼 45ml (1½ oz), 블루 큐라소 15ml (½ oz), 라임 주스 20ml (⅔ oz)를 넣고 15초간 강하게 셰이킹한다. / 3. 큰 얼음을 넣은 록스에 더블 스트레이닝하여 따른다. / 4. 오렌지 필로 가니시한다.","AUTO","0","0","0","onz 오리지널 레시피 (이미지 기반 추정, 검수 필요)","https://raw.githubusercontent.com/rlaaudgjs2/onz-cocktail-images/main/cocktail_image_file/old/onz_cocktail_Sint_Maarten_Night.webp","http://onz-cocktail.kr/uploads/glasses/onz_glasstype_rocks.webp","2026-09-22 12:00:00","2026-09-22 12:00:00","rum|liqueur","13","1","4","3","0","1","2","4","3","2","4","0","0","0","0","0","0","0","0","0","0","0","0","0","0","3","0","0","0","4","1","1","0","rocks","","needs_review","image_old",""
"458","슬로 진 피즈","Sloe Gin Fizz","보통","9","11","스탠다드","리큐르","","하이볼","여름","슬로 진 45ml (1½ oz), 레몬 주스 20ml (⅔ oz), 설탕 시럽 15ml (½ oz), 탄산수 적당량(약 90ml)","","달콤, 상큼, 탄산, 베리, 시트러스","상쾌한, 파티","4","1. 하이볼에 얼음을 채운다. / 2. 슬로 진 45ml (1½ oz), 레몬 주스 20ml (⅔ oz), 설탕 시럽 15ml (½ oz)를 붓는다. / 3. 탄산수 적당량(약 90ml)로 채우고 바 스푼으로 가볍게 한 번 젓는다. / 4. 레몬 필로 가니시한다.","AUTO","0","0","0","사워에 탄산수를 더하는 피즈 계열 칵테일. 개별 창시자 기록은 없음.
피즈는 사워 계열에서 파생되어 1900~1940년대 미국에서 크게 유행함.","https://raw.githubusercontent.com/rlaaudgjs2/onz-cocktail-images/main/cocktail_image_file/old/onz_cocktail_Sloe_Gin_Fizz.webp","http://onz-cocktail.kr/uploads/glasses/onz_glasstype_highball.webp","2026-09-22 12:00:00","2026-09-22 12:00:00","liqueur|gin","10","1","4","4","0","1","2","4","3","0","5","0","0","0","0","0","0","0","0","0","0","0","0","0","0","2","2","0","0","4","3","3","0","long","","verified","image_old","https://en.wikipedia.org/wiki/Fizz_(cocktail)"
"459","스모키 마티니","Smoky Martini","강함","31","33","스트롱","진","","마티니","사계절","진 30ml (1 oz), 아일라 스카치 린스 린스(약간), 드라이 베르무트 10ml (⅓ oz)","","강한, 묵직한, 스모키, 허브","천천히 음미","3","1. 믹싱 글라스에 얼음과 진 30ml (1 oz), 드라이 베르무트 10ml (⅓ oz), 아일라 스카치 린스 린스(약간)를 넣는다. / 2. 20~30초간 충분히 젓는다. / 3. 차갑게 식힌 마티니에 걸러 따른다.","AUTO","0","0","0","진(또는 보드카)과 드라이 베르무트 구조를 유지하면서 향을 더한 마티니 변형. 개별 창시자 기록은 없음.
마티니는 1860년대 샌프란시스코의 마르티네즈에서 발전했다는 설이 유력하며, 1922년경 지금의 형태가 됨.","https://raw.githubusercontent.com/rlaaudgjs2/onz-cocktail-images/main/cocktail_image_file/old/onz_cocktail_Smoky_Martini.webp","http://onz-cocktail.kr/uploads/glasses/onz_glasstype_martini.webp","2026-09-22 12:00:00","2026-09-22 12:00:00","gin|whiskey","32","3","0","0","2","5","3","0","0","0","0","0","4","0","0","0","0","0","0","4","0","0","1","0","0","0","0","2","0","1","1","4","0","up","","verified","image_old","https://en.wikipedia.org/wiki/Martini_(cocktail)"
"460","소주 사워","Soju Sour","약함","8","10","라이트","소주","","록스","사계절","소주 45ml (1½ oz), 레몬 주스 20ml (⅔ oz), 설탕 시럽 15ml (½ oz)","","달콤, 상큼, 시트러스","파티, 식사와 함께","3","1. 셰이커에 얼음과 소주 45ml (1½ oz), 레몬 주스 20ml (⅔ oz), 설탕 시럽 15ml (½ oz)를 넣고 15초간 강하게 셰이킹한다. / 2. 큰 얼음을 넣은 록스에 걸러 따른다. / 3. 레몬 필로 가니시한다.","AUTO","0","0","0","소주에 과일·탄산 등을 섞은 현대식 소주 칵테일. 개별 창시자 기록은 없음.
소주는 13세기 고려 시대 몽골을 통해 증류 기술이 들어오며 시작되었고, 최근 과일 소주 등 섞어 마시는 방식이 젊은 층에서 인기.","https://raw.githubusercontent.com/rlaaudgjs2/onz-cocktail-images/main/cocktail_image_file/old/onz_cocktail_Soju_Sour.webp","http://onz-cocktail.kr/uploads/glasses/onz_glasstype_rocks.webp","2026-09-22 12:00:00","2026-09-22 12:00:00","soju","9","1","4","4","0","1","2","0","5","0","0","0","0","0","0","0","0","0","0","0","0","0","0","3","0","3","0","0","0","5","4","1","0","rocks","","verified","image_old","https://en.wikipedia.org/wiki/Soju"
"461","사우스 비치","South Beach","보통","12","14","스탠다드","럼","","쿠페","여름","화이트 럼 45ml (1½ oz), 오렌지 주스 30ml (1 oz), 라임 주스 20ml (⅔ oz), 탄산수 적당량(약 90ml)","","달콤, 상큼, 탄산, 열대과일, 시트러스","상쾌한, 파티","4","1. 셰이커에 얼음과 화이트 럼 45ml (1½ oz), 오렌지 주스 30ml (1 oz), 라임 주스 20ml (⅔ oz)를 넣고 15초간 강하게 셰이킹한다. / 2. 차갑게 식힌 쿠페에 걸러 따른다. / 3. 탄산수 적당량(약 90ml)로 채운다. / 4. 라임 휠로 가니시한다.","AUTO","0","0","0","onz 오리지널 레시피 (이미지 기반 추정, 검수 필요)","https://raw.githubusercontent.com/rlaaudgjs2/onz-cocktail-images/main/cocktail_image_file/old/onz_cocktail_South_Beach.webp","http://onz-cocktail.kr/uploads/glasses/onz_glasstype_coupe.webp","2026-09-22 12:00:00","2026-09-22 12:00:00","rum","13","1","4","3","0","1","2","4","4","4","0","0","0","0","0","0","0","0","0","0","0","0","0","0","0","3","3","0","0","5","1","1","0","up","","needs_review","image_old",""
"462","스파클링 레모네이드","Sparkling Lemonade","약함","0","0","라이트","무알코올","","하이볼","여름","레몬 주스 20ml (⅔ oz), 설탕 시럽 15ml (½ oz), 탄산수 적당량(약 90ml)","","달콤, 상큼, 탄산, 시트러스","상쾌한, 브런치","4","1. 하이볼에 얼음을 채운다. / 2. 레몬 주스 20ml (⅔ oz), 설탕 시럽 15ml (½ oz)를 붓는다. / 3. 탄산수 적당량(약 90ml)로 채우고 바 스푼으로 가볍게 한 번 젓는다. / 4. 레몬 필로 가니시한다.","AUTO","0","0","0","과일즙에 물이나 탄산수, 단맛을 더한 레모네이드·에이드 계열 음료. 개별 창시자 기록은 없음.
레몬 음료는 12세기 이집트의 궁정 의사 이븐 주마이의 기록까지 거슬러 올라감.","https://raw.githubusercontent.com/rlaaudgjs2/onz-cocktail-images/main/cocktail_image_file/old/onz_cocktail_Sparkling_Lemonade.webp","http://onz-cocktail.kr/uploads/glasses/onz_glasstype_highball.webp","2026-09-22 12:00:00","2026-09-22 12:00:00","none","0","0","4","4","0","0","1","4","5","0","0","0","0","0","0","0","0","0","0","0","0","0","0","0","0","0","3","0","3","5","5","1","0","long","","verified","image_old","https://en.wikipedia.org/wiki/Lemonade"
"463","스파클링 로제","Sparkling Rose","보통","10","12","스탠다드","와인","","플루트","봄","스파클링 로제 와인 90ml (3 oz), 라즈베리 6~8알","","달콤, 탄산, 베리","식전, 브런치, 파티","3","1. 셰이커(또는 믹싱 글라스)에 라즈베리 6~8알을 넣고 가볍게 으깬다. / 2. 셰이커에 얼음과 스파클링 로제 와인 90ml (3 oz)를 넣고 15초간 강하게 셰이킹한다. / 3. 차갑게 식힌 플루트에 더블 스트레이닝하여 따른다.","AUTO","0","0","0","onz 오리지널 레시피 (이미지 기반 추정, 검수 필요)","https://raw.githubusercontent.com/rlaaudgjs2/onz-cocktail-images/main/cocktail_image_file/old/onz_cocktail_Sparkling_Rose.webp","http://onz-cocktail.kr/uploads/glasses/onz_glasstype_flute.webp","2026-09-22 12:00:00","2026-09-22 12:00:00","sparkling","11","1","3","1","0","0","2","4","0","0","3","0","0","0","2","0","0","0","0","0","0","0","3","0","0","3","0","0","3","5","3","2","0","up","","needs_review","image_old",""
"464","스파이시 마가리타","Spicy Margarita","강함","21","23","스탠다드","테킬라","","록스","가을","테킬라 45ml (1½ oz), 할라피뇨 2~3조각, 트리플 섹 15ml (½ oz), 라임 주스 20ml (⅔ oz), 아가베 15ml (½ oz)","","달콤, 상큼, 강한, 스파이시, 시트러스","파티, 식사와 함께","4","1. 셰이커(또는 믹싱 글라스)에 할라피뇨 2~3조각을 넣고 가볍게 으깬다. / 2. 셰이커에 얼음과 테킬라 45ml (1½ oz), 트리플 섹 15ml (½ oz), 라임 주스 20ml (⅔ oz), 아가베 15ml (½ oz)를 넣고 15초간 강하게 셰이킹한다. / 3. 큰 얼음을 넣은 록스에 더블 스트레이닝하여 따른다. / 4. 라임 휠로 가니시한다.","AUTO","0","0","0","2000년대 초 샌프란시스코 토미스 멕시칸 레스토랑의 훌리오 베르메호가 하바네로를 우린 테킬라로 마가리타를 만들며 시작됨.
2005년 바텐더 데이비드 네포브가 할라피뇨를 으깬 '스위트 히트'로 대회에서 우승한 뒤 전국으로 퍼짐.","https://raw.githubusercontent.com/rlaaudgjs2/onz-cocktail-images/main/cocktail_image_file/old/onz_cocktail_Spicy_Margarita.webp","http://onz-cocktail.kr/uploads/glasses/onz_glasstype_rocks.webp","2026-09-22 12:00:00","2026-09-22 12:00:00","tequila|liqueur","22","2","3","4","0","3","2","0","5","0","0","0","0","0","0","5","0","0","0","0","0","0","0","2","0","3","0","0","0","3","4","3","0","rocks","","verified","image_old","https://punchdrink.com/articles/spicy-margarita-is-the-drink-of-our-times/"
"465","스파이시 마티니","Spicy Martini","강함","27","29","스트롱","보드카","","마티니","가을","보드카 45ml (1½ oz), 할라피뇨 2~3조각, 드라이 베르무트 10ml (⅓ oz)","","강한, 스파이시","식전","3","1. 셰이커(또는 믹싱 글라스)에 할라피뇨 2~3조각을 넣고 가볍게 으깬다. / 2. 셰이커에 얼음과 보드카 45ml (1½ oz), 드라이 베르무트 10ml (⅓ oz)를 넣고 15초간 강하게 셰이킹한다. / 3. 차갑게 식힌 마티니에 더블 스트레이닝하여 따른다.","AUTO","0","0","0","마티니 잔에 담는 현대식 '~티니' 칵테일. 개별 창시자 기록은 없음.
1980년대부터 마티니 잔에 담은 칵테일에 마티니라는 이름을 붙이는 유행이 생겼고, 전통 마티니와는 다른 스타일임.","https://raw.githubusercontent.com/rlaaudgjs2/onz-cocktail-images/main/cocktail_image_file/old/onz_cocktail_Spicy_Martini.webp","http://onz-cocktail.kr/uploads/glasses/onz_glasstype_martini.webp","2026-09-22 12:00:00","2026-09-22 12:00:00","vodka","28","3","1","0","2","5","2","0","0","0","0","0","0","0","0","5","0","0","0","0","0","2","2","0","0","0","0","0","0","1","1","2","0","up","","verified","image_old","https://en.wikipedia.org/wiki/Martini_(cocktail)"
"466","스파이 마티니","Spy Martini","강함","31","33","스트롱","진","","마티니","사계절","진 30ml (1 oz), 보드카 30ml (1 oz), 릴레 블랑 15ml (½ oz), 레몬 필","","강한, 허브, 시트러스","식전","4","1. 믹싱 글라스에 얼음과 진 30ml (1 oz), 보드카 30ml (1 oz), 릴레 블랑 15ml (½ oz)를 넣는다. / 2. 20~30초간 충분히 젓는다. / 3. 차갑게 식힌 마티니에 걸러 따른다. / 4. 레몬 필로 가니시한다.","AUTO","0","0","0","onz 오리지널 레시피 (이미지 기반 추정, 검수 필요)","https://raw.githubusercontent.com/rlaaudgjs2/onz-cocktail-images/main/cocktail_image_file/old/onz_cocktail_Spy_Martini.webp","http://onz-cocktail.kr/uploads/glasses/onz_glasstype_martini.webp","2026-09-22 12:00:00","2026-09-22 12:00:00","gin|vodka|fortified","32","3","0","1","2","5","2","0","3","0","0","0","3","0","0","0","0","0","0","0","0","0","3","0","0","0","0","0","0","1","1","3","0","up","","needs_review","image_old",""
"467","스타 아니스 마티니","Star Anise Martini","강함","23","25","스탠다드","보드카","","마티니","가을","보드카 45ml (1½ oz), 스타 아니스 시럽 15ml (½ oz), 삼부카 15ml (½ oz), 레몬 주스 20ml (⅔ oz)","","달콤, 강한, 아니스, 스파이시","천천히 음미","2","1. 셰이커에 얼음과 보드카 45ml (1½ oz), 스타 아니스 시럽 15ml (½ oz), 삼부카 15ml (½ oz), 레몬 주스 20ml (⅔ oz)를 넣고 15초간 강하게 셰이킹한다. / 2. 차갑게 식힌 마티니에 걸러 따른다.","AUTO","0","0","0","마티니 잔에 담는 현대식 '~티니' 칵테일. 개별 창시자 기록은 없음.
1980년대부터 마티니 잔에 담은 칵테일에 마티니라는 이름을 붙이는 유행이 생겼고, 전통 마티니와는 다른 스타일임.","https://raw.githubusercontent.com/rlaaudgjs2/onz-cocktail-images/main/cocktail_image_file/old/onz_cocktail_Star_Anise_Martini.webp","http://onz-cocktail.kr/uploads/glasses/onz_glasstype_martini.webp","2026-09-22 12:00:00","2026-09-22 12:00:00","vodka|liqueur","24","2","3","1","1","4","2","0","0","0","0","0","0","0","0","3","0","0","0","0","4","0","0","0","1","0","0","2","0","1","1","3","1","up","","verified","image_old","https://en.wikipedia.org/wiki/Martini_(cocktail)"
"468","스트로베리 벨리니","Strawberry Bellini","약함","7","9","라이트","와인","","플루트","봄","프로세코 90ml (3 oz), 딸기 퓌레 30ml (1 oz)","","달콤, 탄산, 베리","브런치, 파티","2","1. 셰이커에 얼음과 프로세코 90ml (3 oz), 딸기 퓌레 30ml (1 oz)를 넣고 15초간 강하게 셰이킹한다. / 2. 차갑게 식힌 플루트에 걸러 따른다.","AUTO","0","0","0","벨리니의 복숭아 퓌레를 딸기 퓌레로 바꾼 변형으로 '로시니(Rossini)'라고도 부름.
벨리니는 1934~1948년 사이 베네치아 해리스 바의 주세페 치프리아니가 화가 조반니 벨리니의 분홍빛에서 이름을 따 만듦.","https://raw.githubusercontent.com/rlaaudgjs2/onz-cocktail-images/main/cocktail_image_file/old/onz_cocktail_Strawberry_Bellini.webp","http://onz-cocktail.kr/uploads/glasses/onz_glasstype_flute.webp","2026-09-22 12:00:00","2026-09-22 12:00:00","sparkling","8","1","3","2","0","0","2","4","0","0","5","0","0","0","0","0","0","0","0","0","0","0","0","0","0","3","0","0","3","5","3","1","0","up","","verified","image_old","https://en.wikipedia.org/wiki/Bellini_(cocktail)"
"469","스트로베리 크림 마티니","Strawberry Cream Martini","보통","17","19","스탠다드","보드카","","마티니","봄","바닐라 보드카 45ml (1½ oz), 딸기 리큐르 15ml (½ oz), 크림 30ml (1 oz)","","달콤, 묵직한, 베리, 크리미","디저트","2","1. 셰이커에 얼음과 바닐라 보드카 45ml (1½ oz), 딸기 리큐르 15ml (½ oz), 크림 30ml (1 oz)를 넣고 15초간 강하게 셰이킹한다. / 2. 차갑게 식힌 마티니에 걸러 따른다.","AUTO","0","0","0","마티니 잔에 담는 현대식 '~티니' 칵테일. 개별 창시자 기록은 없음.
1980년대부터 마티니 잔에 담은 칵테일에 마티니라는 이름을 붙이는 유행이 생겼고, 전통 마티니와는 다른 스타일임.","https://raw.githubusercontent.com/rlaaudgjs2/onz-cocktail-images/main/cocktail_image_file/old/onz_cocktail_Strawberry_Cream_Martini.webp","http://onz-cocktail.kr/uploads/glasses/onz_glasstype_martini.webp","2026-09-22 12:00:00","2026-09-22 12:00:00","vodka|liqueur","18","2","5","1","0","1","5","0","0","0","5","0","0","0","0","0","0","5","0","0","0","0","0","0","3","0","0","0","0","5","2","1","0","up","dairy","verified","image_old","https://en.wikipedia.org/wiki/Martini_(cocktail)"
"470","스트로베리 다이키리","Strawberry Daiquiri","보통","13","15","스탠다드","럼","","허리케인","여름","화이트 럼 45ml (1½ oz), 딸기 3~4개, 라임 주스 20ml (⅔ oz), 설탕 시럽 15ml (½ oz)","","달콤, 상큼, 묵직한, 베리, 시트러스","상쾌한, 파티","4","1. 블렌더에 화이트 럼 45ml (1½ oz), 라임 주스 20ml (⅔ oz), 설탕 시럽 15ml (½ oz), 딸기 3~4개와 얼음 1컵을 넣는다. / 2. 부드러워질 때까지 20~30초간 간다. / 3. 허리케인에 따른다. / 4. 라임 휠로 가니시한다.","AUTO","0","0","0","다이키리 변형. 개별 창시자 기록은 없음.
다이키리는 1898년경 쿠바에서 미국인 광산 기사 제닝스 콕스가 만들었고, 과일을 갈아 넣은 프로즌 다이키리는 이후 대중화됨.","https://raw.githubusercontent.com/rlaaudgjs2/onz-cocktail-images/main/cocktail_image_file/old/onz_cocktail_Strawberry_Daiquiri.webp","http://onz-cocktail.kr/uploads/glasses/onz_glasstype_hurricane.webp","2026-09-22 12:00:00","2026-09-22 12:00:00","rum","14","1","5","3","0","1","4","0","3","0","5","0","0","0","0","0","0","0","0","0","0","0","0","0","0","3","3","0","0","5","5","2","0","frozen","","verified","image_old","https://en.wikipedia.org/wiki/Daiquiri"
"471","스트로베리 레모네이드","Strawberry Lemonade","약함","0","0","라이트","무알코올","","하이볼","여름","딸기 3~4개, 레몬 주스 20ml (⅔ oz), 설탕 시럽 15ml (½ oz), 탄산수 적당량(약 90ml)","","달콤, 상큼, 탄산, 베리, 시트러스","상쾌한, 브런치","5","1. 하이볼에 딸기 3~4개를 넣고 머들러로 가볍게 으깬다. / 2. 하이볼에 얼음을 채운다. / 3. 레몬 주스 20ml (⅔ oz), 설탕 시럽 15ml (½ oz)를 붓는다. / 4. 탄산수 적당량(약 90ml)로 채우고 바 스푼으로 가볍게 한 번 젓는다. / 5. 레몬 필로 가니시한다.","AUTO","0","0","0","과일즙에 물이나 탄산수, 단맛을 더한 레모네이드·에이드 계열 음료. 개별 창시자 기록은 없음.
레몬 음료는 12세기 이집트의 궁정 의사 이븐 주마이의 기록까지 거슬러 올라감.","https://raw.githubusercontent.com/rlaaudgjs2/onz-cocktail-images/main/cocktail_image_file/old/onz_cocktail_Strawberry_Lemonade.webp","http://onz-cocktail.kr/uploads/glasses/onz_glasstype_highball.webp","2026-09-22 12:00:00","2026-09-22 12:00:00","none","0","0","4","4","0","0","1","4","4","0","5","0","0","0","0","0","0","0","0","0","0","0","0","0","0","0","3","0","3","5","5","1","0","long","","verified","image_old","https://en.wikipedia.org/wiki/Lemonade"
"472","스트로베리 마가리타","Strawberry Margarita","보통","15","17","스탠다드","테킬라","","마가리타","여름","테킬라 45ml (1½ oz), 딸기 3~4개, 트리플 섹 15ml (½ oz), 라임 주스 20ml (⅔ oz)","","달콤, 상큼, 묵직한, 베리, 시트러스","상쾌한, 파티","4","1. 블렌더에 테킬라 45ml (1½ oz), 트리플 섹 15ml (½ oz), 라임 주스 20ml (⅔ oz), 딸기 3~4개와 얼음 1컵을 넣는다. / 2. 부드러워질 때까지 20~30초간 간다. / 3. 마가리타에 따른다. / 4. 라임 휠로 가니시한다.","AUTO","0","0","0","마가리타 변형. 개별 창시자 기록은 없음.
마가리타는 1930~40년대 멕시코에서 생겼다는 여러 설이 있고 첫 레시피는 1953년 『에스콰이어』에 실림. 과일 프로즌 마가리타는 1971년 댈러스에서 마가리타 기계가 나온 뒤 퍼짐.","https://raw.githubusercontent.com/rlaaudgjs2/onz-cocktail-images/main/cocktail_image_file/old/onz_cocktail_Strawberry_Margarita.webp","http://onz-cocktail.kr/uploads/glasses/onz_glasstype_margarita.webp","2026-09-22 12:00:00","2026-09-22 12:00:00","tequila|liqueur","16","2","5","4","0","2","4","0","4","0","5","0","0","0","0","0","0","0","0","0","0","0","0","0","0","3","3","0","0","5","4","2","0","frozen","","verified","image_old","https://en.wikipedia.org/wiki/Margarita"
"473","스트로베리 모히또","Strawberry Mojito","보통","12","14","스탠다드","럼","","하이볼","여름","화이트 럼 45ml (1½ oz), 딸기 3~4개, 민트 6~8장, 라임 ½개, 설탕 1 tsp, 탄산수 적당량(약 90ml)","","달콤, 상큼, 탄산, 베리, 민트, 시트러스","상쾌한, 파티","5","1. 하이볼에 딸기 3~4개, 민트 6~8장, 라임 ½개를 넣고 머들러로 가볍게 으깬다. / 2. 하이볼에 얼음을 채운다. / 3. 화이트 럼 45ml (1½ oz), 설탕 1 tsp를 붓는다. / 4. 탄산수 적당량(약 90ml)로 채우고 바 스푼으로 가볍게 한 번 젓는다. / 5. 라임 휠로 가니시한다.","AUTO","0","0","0","모히또 변형. 개별 창시자 기록은 없음.
모히또는 쿠바 아바나에서 사탕수수 증류주에 라임·민트를 섞은 음료에서 발전했으며, 무알코올·과일 모히또 등 변형이 많음.","https://raw.githubusercontent.com/rlaaudgjs2/onz-cocktail-images/main/cocktail_image_file/old/onz_cocktail_Strawberry_Mojito.webp","http://onz-cocktail.kr/uploads/glasses/onz_glasstype_highball.webp","2026-09-22 12:00:00","2026-09-22 12:00:00","rum","13","1","4","3","0","1","1","4","3","0","5","0","0","5","0","0","0","0","0","0","0","0","0","0","0","3","3","0","0","5","4","1","0","long","","verified","image_old","https://en.wikipedia.org/wiki/Mojito"
"474","선라이즈 목테일","Sunrise Mocktail","약함","0","0","라이트","무알코올","","하이볼","여름","오렌지 주스 90ml (3 oz), 그레나딘 10ml (⅓ oz), 탄산수 적당량(약 90ml)","","달콤, 시트러스","브런치, 상쾌한","4","1. 하이볼에 얼음을 채운다. / 2. 오렌지 주스 90ml (3 oz), 그레나딘 10ml (⅓ oz)를 붓는다. / 3. 탄산수 적당량(약 90ml)로 채우고 바 스푼으로 가볍게 한 번 젓는다. / 4. 오렌지 필로 가니시한다.","AUTO","0","0","0","술 없이 칵테일처럼 만든 목테일. 개별 창시자 기록은 없음.
무알코올 혼합 음료는 제리 토머스의 1862년 『바텐더 가이드』에 '금주 음료'로 실렸고, '목테일'이라는 말은 1916년에 처음 기록됨.","https://raw.githubusercontent.com/rlaaudgjs2/onz-cocktail-images/main/cocktail_image_file/old/onz_cocktail_Sunrise_Mocktail.webp","http://onz-cocktail.kr/uploads/glasses/onz_glasstype_highball.webp","2026-09-22 12:00:00","2026-09-22 12:00:00","none","0","0","5","2","0","0","2","0","5","0","2","0","0","0","0","0","0","0","0","0","0","0","0","0","0","0","2","0","3","5","3","1","0","long","","verified","image_old","https://en.wikipedia.org/wiki/Mocktail"
"475","타마린드 마가리타","Tamarind Margarita","보통","17","19","스페셜","테킬라","","록스","사계절","테킬라 45ml (1½ oz), 타마린드 퓌레 30ml (1 oz), 트리플 섹 15ml (½ oz), 라임 주스 20ml (⅔ oz), 칠리 소금 림","","달콤, 상큼, 묵직한, 열대과일, 시트러스","파티, 식사와 함께","3","1. 셰이커에 얼음과 테킬라 45ml (1½ oz), 타마린드 퓌레 30ml (1 oz), 트리플 섹 15ml (½ oz), 라임 주스 20ml (⅔ oz)를 넣고 15초간 강하게 셰이킹한다. / 2. 큰 얼음을 넣은 록스에 걸러 따른다. / 3. 칠리 소금 림으로 가니시한다.","AUTO","0","0","0","마가리타 변형. 개별 창시자 기록은 없음.
마가리타는 1930~40년대 멕시코에서 생겼다는 여러 설이 있고 첫 레시피는 1953년 『에스콰이어』에 실림. 과일 프로즌 마가리타는 1971년 댈러스에서 마가리타 기계가 나온 뒤 퍼짐.","https://raw.githubusercontent.com/rlaaudgjs2/onz-cocktail-images/main/cocktail_image_file/old/onz_cocktail_Tamarind_Margarita.webp","http://onz-cocktail.kr/uploads/glasses/onz_glasstype_rocks.webp","2026-09-22 12:00:00","2026-09-22 12:00:00","tequila|liqueur","18","2","4","4","0","2","3","0","3","3","0","0","0","0","0","2","0","0","0","0","0","1","0","2","0","2","0","0","0","3","1","4","0","rocks","","verified","image_old","https://en.wikipedia.org/wiki/Margarita"
"476","타탄 스카치","Tartan Scotch","강함","27","29","스트롱","위스키","","록스","가을","스카치 위스키 45ml (1½ oz), 드람뷔 15ml (½ oz), 오렌지 비터스 2 dashes","","달콤, 강한, 묵직한, 오크·캐러멜, 허브","천천히 음미","3","1. 믹싱 글라스에 얼음과 스카치 위스키 45ml (1½ oz), 드람뷔 15ml (½ oz), 오렌지 비터스 2 dashes를 넣는다. / 2. 20~30초간 충분히 젓는다. / 3. 큰 얼음을 넣은 록스에 걸러 따른다.","AUTO","0","0","0","onz 오리지널 레시피 (이미지 기반 추정, 검수 필요)","https://raw.githubusercontent.com/rlaaudgjs2/onz-cocktail-images/main/cocktail_image_file/old/onz_cocktail_Tartan_Scotch.webp","http://onz-cocktail.kr/uploads/glasses/onz_glasstype_rocks.webp","2026-09-22 12:00:00","2026-09-22 12:00:00","whiskey|liqueur","28","3","4","0","2","5","4","0","0","0","0","0","3","0","0","0","0","0","4","2","0","0","0","0","0","0","0","3","0","1","1","2","0","rocks","","needs_review","image_old",""
"477","테네시 뮬","Tennessee Mule","보통","12","14","스탠다드","위스키","","구리 머그","여름","테네시 위스키 45ml (1½ oz), 진저 비어 적당량(약 90ml), 라임 ½개, 민트 6~8장","","달콤, 탄산, 스파이시, 오크·캐러멜","상쾌한, 파티","4","1. 구리 머그에 라임 ½개, 민트 6~8장을 넣고 머들러로 가볍게 으깬다. / 2. 구리 머그에 얼음을 채운다. / 3. 테네시 위스키 45ml (1½ oz)를 붓는다. / 4. 진저 비어 적당량(약 90ml)로 채우고 바 스푼으로 가볍게 한 번 젓는다.","AUTO","0","0","0","모스코 뮬의 보드카를 다른 술로 바꾼 뮬 계열 칵테일. 개별 창시자 기록은 없음.
모스코 뮬은 1941년 뉴욕 채텀 호텔에서 진저 비어·보드카 업체 대표들이 판촉을 위해 만듦.","https://raw.githubusercontent.com/rlaaudgjs2/onz-cocktail-images/main/cocktail_image_file/old/onz_cocktail_Tennessee_Mule.webp","http://onz-cocktail.kr/uploads/glasses/onz_glasstype_copper_mug.webp","2026-09-22 12:00:00","2026-09-22 12:00:00","whiskey","13","1","3","2","0","2","2","4","2","0","0","0","0","1","0","4","0","0","3","0","0","0","0","0","0","2","2","0","0","5","2","2","0","long","","verified","image_old","https://en.wikipedia.org/wiki/Moscow_mule"
"478","테네시 텍사스","Tennessee Texas","보통","17","19","스탠다드","위스키","","쿠페","가을","테네시 위스키 45ml (1½ oz), 오렌지 리큐르 15ml (½ oz), 레몬 주스 20ml (⅔ oz), 꿀 15ml (½ oz)","","달콤, 상큼, 묵직한, 시트러스, 오크·캐러멜","파티","3","1. 셰이커에 얼음과 테네시 위스키 45ml (1½ oz), 오렌지 리큐르 15ml (½ oz), 레몬 주스 20ml (⅔ oz), 꿀 15ml (½ oz)를 넣고 15초간 강하게 셰이킹한다. / 2. 차갑게 식힌 쿠페에 걸러 따른다. / 3. 오렌지 필로 가니시한다.","AUTO","0","0","0","onz 오리지널 레시피 (이미지 기반 추정, 검수 필요)","https://raw.githubusercontent.com/rlaaudgjs2/onz-cocktail-images/main/cocktail_image_file/old/onz_cocktail_Tennessee_Texas.webp","http://onz-cocktail.kr/uploads/glasses/onz_glasstype_coupe.webp","2026-09-22 12:00:00","2026-09-22 12:00:00","whiskey","18","2","4","3","0","2","3","0","3","0","0","0","0","0","0","1","0","0","3","0","0","0","0","0","0","2","0","0","0","3","1","1","0","up","","needs_review","image_old",""
"479","테킬라 콜린스","Tequila Collins","보통","11","13","스탠다드","테킬라","","콜린스","여름","테킬라 45ml (1½ oz), 레몬 주스 20ml (⅔ oz), 설탕 시럽 15ml (½ oz), 탄산수 적당량(약 90ml)","","달콤, 상큼, 탄산, 시트러스","상쾌한, 파티","4","1. 콜린스에 얼음을 채운다. / 2. 테킬라 45ml (1½ oz), 레몬 주스 20ml (⅔ oz), 설탕 시럽 15ml (½ oz)를 붓는다. / 3. 탄산수 적당량(약 90ml)로 채우고 바 스푼으로 가볍게 한 번 젓는다. / 4. 레몬 필로 가니시한다.","AUTO","0","0","0","톰 콜린스의 진을 테킬라로 바꾼 변형으로, '후안 콜린스(Juan Collins)'라고도 부름.
톰 콜린스의 첫 레시피는 1882년 해리 존슨의 바텐더 안내서에 실림.","https://raw.githubusercontent.com/rlaaudgjs2/onz-cocktail-images/main/cocktail_image_file/old/onz_cocktail_Tequila_Collins.webp","http://onz-cocktail.kr/uploads/glasses/onz_glasstype_collins.webp","2026-09-22 12:00:00","2026-09-22 12:00:00","tequila","12","1","3","3","0","1","2","4","4","0","0","0","0","0","0","0","0","0","0","0","0","0","0","0","0","2","3","0","0","4","2","2","0","long","","verified","image_old","https://en.wikipedia.org/wiki/Tom_Collins"
"480","테킬라 마티니","Tequila Martini","강함","27","29","스트롱","테킬라","","마티니","사계절","블랑코 테킬라 45ml (1½ oz), 드라이 베르무트 10ml (⅓ oz), 라임 필","","강한, 허브","식전","4","1. 믹싱 글라스에 얼음과 블랑코 테킬라 45ml (1½ oz), 드라이 베르무트 10ml (⅓ oz)를 넣는다. / 2. 20~30초간 충분히 젓는다. / 3. 차갑게 식힌 마티니에 걸러 따른다. / 4. 라임 필로 가니시한다.","AUTO","0","0","0","진(또는 보드카)과 드라이 베르무트 구조를 유지하면서 향을 더한 마티니 변형. 개별 창시자 기록은 없음.
마티니는 1860년대 샌프란시스코의 마르티네즈에서 발전했다는 설이 유력하며, 1922년경 지금의 형태가 됨.","https://raw.githubusercontent.com/rlaaudgjs2/onz-cocktail-images/main/cocktail_image_file/old/onz_cocktail_Tequila_Martini.webp","http://onz-cocktail.kr/uploads/glasses/onz_glasstype_martini.webp","2026-09-22 12:00:00","2026-09-22 12:00:00","tequila|fortified","28","3","1","1","2","5","2","0","2","0","0","0","3","0","0","0","0","0","0","0","0","0","2","0","0","0","0","0","0","1","1","3","0","up","","verified","image_old","https://en.wikipedia.org/wiki/Martini_(cocktail)"
"481","테킬라 핌스","Tequila Pimm's","보통","9","11","스탠다드","테킬라","","하이볼","여름","테킬라 45ml (1½ oz), 핌스 No.1 15ml (½ oz), 진저 에일 적당량(약 90ml), 오이, 과일 3~4조각","","달콤, 탄산, 허브, 시트러스","상쾌한, 파티","5","1. 하이볼에 과일 3~4조각을 넣고 머들러로 가볍게 으깬다. / 2. 하이볼에 얼음을 채운다. / 3. 테킬라 45ml (1½ oz), 핌스 No.1 15ml (½ oz)를 붓는다. / 4. 진저 에일 적당량(약 90ml)로 채우고 바 스푼으로 가볍게 한 번 젓는다. / 5. 오이로 가니시한다.","AUTO","0","0","0","onz 오리지널 레시피 (이미지 기반 추정, 검수 필요)","https://raw.githubusercontent.com/rlaaudgjs2/onz-cocktail-images/main/cocktail_image_file/old/onz_cocktail_Tequila_Pimms.webp","http://onz-cocktail.kr/uploads/glasses/onz_glasstype_highball.webp","2026-09-22 12:00:00","2026-09-22 12:00:00","tequila|liqueur","10","1","3","2","0","1","1","4","3","0","2","0","3","2","0","0","0","0","0","0","0","0","0","0","0","3","3","0","0","4","1","1","0","long","","needs_review","image_old",""
"482","테킬라 로즈","Tequila Rose","보통","13","15","스탠다드","테킬라","","하이볼","봄","테킬라 45ml (1½ oz), 로즈 시럽 15ml (½ oz), 라즈베리 6~8알, 라임 주스 20ml (⅔ oz), 탄산수 적당량(약 90ml)","","달콤, 탄산, 꽃향, 베리","파티","4","1. 하이볼에 라즈베리 6~8알을 넣고 머들러로 가볍게 으깬다. / 2. 하이볼에 얼음을 채운다. / 3. 테킬라 45ml (1½ oz), 로즈 시럽 15ml (½ oz), 라임 주스 20ml (⅔ oz)를 붓는다. / 4. 탄산수 적당량(약 90ml)로 채우고 바 스푼으로 가볍게 한 번 젓는다.","AUTO","0","0","0","onz 오리지널 레시피 (이미지 기반 추정, 검수 필요)","https://raw.githubusercontent.com/rlaaudgjs2/onz-cocktail-images/main/cocktail_image_file/old/onz_cocktail_Tequila_Rose.webp","http://onz-cocktail.kr/uploads/glasses/onz_glasstype_highball.webp","2026-09-22 12:00:00","2026-09-22 12:00:00","tequila|liqueur","14","1","4","2","0","1","2","4","2","0","3","0","0","0","4","0","0","0","0","0","0","0","0","0","0","3","0","0","0","4","1","1","0","long","","needs_review","image_old",""
"483","테킬라 슬링","Tequila Sling","보통","13","15","스탠다드","테킬라","","하이볼","봄","테킬라 45ml (1½ oz), 체리 리큐르 15ml (½ oz), 라임 주스 20ml (⅔ oz), 탄산수 적당량(약 90ml)","","달콤, 상큼, 탄산, 베리, 시트러스","파티","4","1. 하이볼에 얼음을 채운다. / 2. 테킬라 45ml (1½ oz), 체리 리큐르 15ml (½ oz), 라임 주스 20ml (⅔ oz)를 붓는다. / 3. 탄산수 적당량(약 90ml)로 채우고 바 스푼으로 가볍게 한 번 젓는다. / 4. 라임 휠로 가니시한다.","AUTO","0","0","0","onz 오리지널 레시피 (이미지 기반 추정, 검수 필요)","https://raw.githubusercontent.com/rlaaudgjs2/onz-cocktail-images/main/cocktail_image_file/old/onz_cocktail_Tequila_Sling.webp","http://onz-cocktail.kr/uploads/glasses/onz_glasstype_highball.webp","2026-09-22 12:00:00","2026-09-22 12:00:00","tequila|liqueur","14","1","4","3","0","2","2","4","3","0","3","0","1","0","0","0","0","0","0","0","0","0","0","0","0","2","0","0","0","4","1","1","0","long","","needs_review","image_old",""
"484","테킬라 스나이더","Tequila Snyder","강함","21","23","스탠다드","테킬라","","록스","사계절","테킬라 45ml (1½ oz), 오렌지 리큐르 15ml (½ oz), 레몬 주스 20ml (⅔ oz), 비터스 2 dashes","","달콤, 상큼, 강한, 묵직한, 시트러스","파티","3","1. 셰이커에 얼음과 테킬라 45ml (1½ oz), 오렌지 리큐르 15ml (½ oz), 레몬 주스 20ml (⅔ oz), 비터스 2 dashes를 넣고 15초간 강하게 셰이킹한다. / 2. 큰 얼음을 넣은 록스에 걸러 따른다. / 3. 오렌지 필로 가니시한다.","AUTO","0","0","0","onz 오리지널 레시피 (이미지 기반 추정, 검수 필요)","https://raw.githubusercontent.com/rlaaudgjs2/onz-cocktail-images/main/cocktail_image_file/old/onz_cocktail_Tequila_Snyder.webp","http://onz-cocktail.kr/uploads/glasses/onz_glasstype_rocks.webp","2026-09-22 12:00:00","2026-09-22 12:00:00","tequila|liqueur","22","2","3","3","0","3","3","0","4","0","0","0","1","0","0","0","0","0","0","0","0","0","0","0","0","2","0","0","0","2","1","1","0","rocks","","needs_review","image_old",""
"485","테킬라 선셋","Tequila Sunset","보통","10","12","스탠다드","테킬라","","록스","여름","테킬라 45ml (1½ oz), 오렌지 주스 30ml (1 oz), 레몬 주스 20ml (⅔ oz), 그레나딘(블랙베리) 10ml (⅓ oz)","","달콤, 상큼, 시트러스, 베리","파티, 상쾌한","3","1. 셰이커에 얼음과 테킬라 45ml (1½ oz), 오렌지 주스 30ml (1 oz), 레몬 주스 20ml (⅔ oz), 그레나딘(블랙베리) 10ml (⅓ oz)를 넣고 15초간 강하게 셰이킹한다. / 2. 큰 얼음을 넣은 록스에 걸러 따른다. / 3. 오렌지 필로 가니시한다.","AUTO","0","0","0","테킬라 선라이즈에서 파생된 변형. 개별 창시자 기록은 없음.
테킬라 선라이즈의 현재 버전은 1970년대 초 캘리포니아 소살리토의 트라이던트에서 바비 로조프와 빌리 라이스가 만듦.","https://raw.githubusercontent.com/rlaaudgjs2/onz-cocktail-images/main/cocktail_image_file/old/onz_cocktail_Tequila_Sunset.webp","http://onz-cocktail.kr/uploads/glasses/onz_glasstype_rocks.webp","2026-09-22 12:00:00","2026-09-22 12:00:00","tequila","11","1","4","3","0","1","2","0","4","0","3","0","0","0","0","0","0","0","0","0","0","0","0","0","0","3","3","0","0","5","3","1","0","rocks","","verified","image_old","https://en.wikipedia.org/wiki/Tequila_sunrise"
"486","타임 마티니","Thyme Martini","강함","23","25","스페셜","진","","마티니","사계절","진 45ml (1½ oz), 타임 시럽 15ml (½ oz), 레몬 주스 20ml (⅔ oz)","","상큼, 강한, 허브, 시트러스","식전","3","1. 셰이커에 얼음과 진 45ml (1½ oz), 타임 시럽 15ml (½ oz), 레몬 주스 20ml (⅔ oz)를 넣고 15초간 강하게 셰이킹한다. / 2. 차갑게 식힌 마티니에 걸러 따른다. / 3. 레몬 필로 가니시한다.","AUTO","0","0","0","마티니 잔에 담는 현대식 '~티니' 칵테일. 개별 창시자 기록은 없음.
1980년대부터 마티니 잔에 담은 칵테일에 마티니라는 이름을 붙이는 유행이 생겼고, 전통 마티니와는 다른 스타일임.","https://raw.githubusercontent.com/rlaaudgjs2/onz-cocktail-images/main/cocktail_image_file/old/onz_cocktail_Thyme_Martini.webp","http://onz-cocktail.kr/uploads/glasses/onz_glasstype_martini.webp","2026-09-22 12:00:00","2026-09-22 12:00:00","gin","24","2","2","3","0","3","2","0","3","0","0","0","5","0","0","0","0","0","0","0","0","0","2","0","0","0","0","0","0","3","1","4","0","up","","verified","image_old","https://en.wikipedia.org/wiki/Martini_(cocktail)"
"487","티키 펀치","Tiki Punch","보통","14","16","스탠다드","럼","","허리케인","여름","다크·화이트 럼 45ml (1½ oz), 파인애플 2~3조각, 오렌지 ½개, 라임 주스 20ml (⅔ oz), 그레나딘 10ml (⅓ oz)","","달콤, 상큼, 묵직한, 열대과일, 시트러스","파티, 상쾌한","4","1. 허리케인에 파인애플 2~3조각, 오렌지 ½개를 넣고 머들러로 가볍게 으깬다. / 2. 허리케인에 얼음을 채운다. / 3. 다크·화이트 럼 45ml (1½ oz), 라임 주스 20ml (⅔ oz), 그레나딘 10ml (⅓ oz)를 붓는다. / 4. 라임 휠로 가니시한다.","AUTO","0","0","0","onz 오리지널 레시피 (이미지 기반 추정, 검수 필요)","https://raw.githubusercontent.com/rlaaudgjs2/onz-cocktail-images/main/cocktail_image_file/old/onz_cocktail_Tiki_Punch.webp","http://onz-cocktail.kr/uploads/glasses/onz_glasstype_hurricane.webp","2026-09-22 12:00:00","2026-09-22 12:00:00","rum|liqueur","15","2","5","3","0","2","3","0","3","5","2","0","0","0","0","0","0","0","0","0","0","0","0","0","0","3","3","0","0","5","2","1","0","long","","needs_review","image_old",""
"488","티라미수 마티니","Tiramisu Martini","보통","17","19","스탠다드","보드카","","마티니","사계절","바닐라 보드카 45ml (1½ oz), 커피 리큐르 15ml (½ oz), 마스카포네 크림 30ml (1 oz), 코코아 적당량","","달콤, 묵직한, 커피·초콜릿, 크리미","디저트","2","1. 셰이커에 얼음과 바닐라 보드카 45ml (1½ oz), 커피 리큐르 15ml (½ oz), 마스카포네 크림 30ml (1 oz), 코코아 적당량을 넣고 15초간 강하게 셰이킹한다. / 2. 차갑게 식힌 마티니에 걸러 따른다.","AUTO","0","0","0","마티니 잔에 담는 현대식 '~티니' 칵테일. 개별 창시자 기록은 없음.
1980년대부터 마티니 잔에 담은 칵테일에 마티니라는 이름을 붙이는 유행이 생겼고, 전통 마티니와는 다른 스타일임.","https://raw.githubusercontent.com/rlaaudgjs2/onz-cocktail-images/main/cocktail_image_file/old/onz_cocktail_Tiramisu_Martini.webp","http://onz-cocktail.kr/uploads/glasses/onz_glasstype_martini.webp","2026-09-22 12:00:00","2026-09-22 12:00:00","vodka|liqueur","18","2","5","0","2","2","5","0","0","0","0","0","0","0","0","0","5","5","0","0","0","0","0","0","3","0","0","0","0","4","2","2","0","up","dairy|caffeine","verified","image_old","https://en.wikipedia.org/wiki/Martini_(cocktail)"
"489","도쿄 선셋","Tokyo Sunset","보통","11","13","스탠다드","사케","","록스","봄","사케 45ml (1½ oz), 오렌지 주스 30ml (1 oz), 라즈베리 6~8알, 그레나딘 10ml (⅓ oz)","","달콤, 베리, 시트러스","파티, 식사와 함께","4","1. 셰이커(또는 믹싱 글라스)에 라즈베리 6~8알을 넣고 가볍게 으깬다. / 2. 셰이커에 얼음과 사케 45ml (1½ oz), 오렌지 주스 30ml (1 oz), 그레나딘 10ml (⅓ oz)를 넣고 15초간 강하게 셰이킹한다. / 3. 큰 얼음을 넣은 록스에 더블 스트레이닝하여 따른다. / 4. 오렌지 필로 가니시한다.","AUTO","0","0","0","onz 오리지널 레시피 (이미지 기반 추정, 검수 필요)","https://raw.githubusercontent.com/rlaaudgjs2/onz-cocktail-images/main/cocktail_image_file/old/onz_cocktail_Tokyo_Sunset.webp","http://onz-cocktail.kr/uploads/glasses/onz_glasstype_rocks.webp","2026-09-22 12:00:00","2026-09-22 12:00:00","sake|liqueur","12","1","4","2","0","1","2","0","3","0","3","0","0","0","1","0","0","0","0","0","0","0","0","2","0","2","0","0","0","4","1","1","0","rocks","","needs_review","image_old",""
"490","톰 콜린스","Tom Collins","보통","11","13","스탠다드","진","","콜린스","여름","진 45ml (1½ oz), 레몬 주스 20ml (⅔ oz), 설탕 시럽 15ml (½ oz), 탄산수 적당량(약 90ml)","","달콤, 상큼, 탄산, 시트러스","상쾌한, 파티","4","1. 콜린스에 얼음을 채운다. / 2. 진 45ml (1½ oz), 레몬 주스 20ml (⅔ oz), 설탕 시럽 15ml (½ oz)를 붓는다. / 3. 탄산수 적당량(약 90ml)로 채우고 바 스푼으로 가볍게 한 번 젓는다. / 4. 레몬 필로 가니시한다.","AUTO","0","0","0","첫 레시피는 1882년 해리 존슨의 바텐더 안내서에 올드 톰 진을 쓰는 방식으로 실림.
이름은 1874년 뉴욕에서 유행한 '톰 콜린스 장난'이나 올드 톰 진에서 왔다는 설이 있으며, 런던 리머스 호텔의 '존 콜린스'에서 발전했다는 설도 있음.","https://raw.githubusercontent.com/rlaaudgjs2/onz-cocktail-images/main/cocktail_image_file/old/onz_cocktail_Tom_Collins.webp","http://onz-cocktail.kr/uploads/glasses/onz_glasstype_collins.webp","2026-09-22 12:00:00","2026-09-22 12:00:00","gin","12","1","3","3","0","1","2","4","4","0","0","0","2","0","0","0","0","0","0","0","0","0","0","0","0","2","3","0","0","5","4","2","0","long","","verified","image_old","https://en.wikipedia.org/wiki/Tom_Collins"
"491","토레아도르","Toreador","강함","21","23","스탠다드","테킬라","","쿠페","사계절","테킬라 45ml (1½ oz), 살구 브랜디 22.5ml (¾ oz), 라임 주스 22.5ml (¾ oz)","","상큼, 강한, 시트러스, 과일향","식전, 파티","3","1. 셰이커에 얼음과 테킬라 45ml (1½ oz), 살구 브랜디 22.5ml (¾ oz), 라임 주스 22.5ml (¾ oz)를 넣고 15초간 강하게 셰이킹한다. / 2. 차갑게 식힌 쿠페에 걸러 따른다. / 3. 라임 휠로 가니시한다.","AUTO","0","0","0","1937년 윌리엄 J. '빌리' 탈링의 『카페 로열 바 북』에 처음 실린 테킬라·살구 브랜디·라임 칵테일.
마가리타라는 이름이 기록되기 16년 전에 나온 마가리타의 선배격 레시피.","https://raw.githubusercontent.com/rlaaudgjs2/onz-cocktail-images/main/cocktail_image_file/old/onz_cocktail_Toreador.webp","http://onz-cocktail.kr/uploads/glasses/onz_glasstype_coupe.webp","2026-09-22 12:00:00","2026-09-22 12:00:00","tequila|liqueur","22","2","2","4","0","3","2","0","4","0","0","3","0","0","0","0","0","0","0","0","0","0","2","0","0","2","0","0","0","3","1","3","0","up","","verified","image_old","https://www.diffordsguide.com/cocktails/recipe/2207/toreador"
"492","트리니다드 펀치","Trinidad Punch","보통","15","17","스탠다드","럼","","록스","가을","트리니다드 럼 45ml (1½ oz), 라임 주스 20ml (⅔ oz), 앙고스투라 비터스 2 dashes, 설탕 1 tsp, 넛맥","","달콤, 상큼, 묵직한, 열대과일, 스파이시, 시트러스","파티","3","1. 셰이커에 얼음과 트리니다드 럼 45ml (1½ oz), 라임 주스 20ml (⅔ oz), 설탕 1 tsp, 앙고스투라 비터스 2 dashes를 넣고 15초간 강하게 셰이킹한다. / 2. 큰 얼음을 넣은 록스에 걸러 따른다. / 3. 넛맥으로 가니시한다.","AUTO","0","0","0","onz 오리지널 레시피 (이미지 기반 추정, 검수 필요)","https://raw.githubusercontent.com/rlaaudgjs2/onz-cocktail-images/main/cocktail_image_file/old/onz_cocktail_Trinidad_Punch.webp","http://onz-cocktail.kr/uploads/glasses/onz_glasstype_rocks.webp","2026-09-22 12:00:00","2026-09-22 12:00:00","rum","16","2","4","3","1","2","3","0","3","3","0","0","0","0","0","3","0","0","0","0","0","0","0","0","0","3","0","0","0","4","1","2","0","rocks","","needs_review","image_old",""
"493","트리니다드 론","Trinidad Ron","강함","24","26","스트롱","럼","","쿠페","가을","숙성 럼 45ml (1½ oz), 앙고스투라 비터스 2 dashes, 오렌지 필, 설탕 1 tsp","","달콤, 강한, 묵직한, 오크·캐러멜, 스파이시","천천히 음미","3","1. 셰이커에 얼음과 숙성 럼 45ml (1½ oz), 설탕 1 tsp, 앙고스투라 비터스 2 dashes를 넣고 15초간 강하게 셰이킹한다. / 2. 차갑게 식힌 쿠페에 걸러 따른다. / 3. 오렌지 필로 가니시한다.","AUTO","0","0","0","onz 오리지널 레시피 (이미지 기반 추정, 검수 필요)","https://raw.githubusercontent.com/rlaaudgjs2/onz-cocktail-images/main/cocktail_image_file/old/onz_cocktail_Trinidad_Ron.webp","http://onz-cocktail.kr/uploads/glasses/onz_glasstype_coupe.webp","2026-09-22 12:00:00","2026-09-22 12:00:00","rum","25","3","3","1","2","4","4","0","1","0","0","0","0","0","0","3","0","0","4","0","0","0","0","0","0","0","0","3","0","2","1","2","0","up","","needs_review","image_old",""
"494","터키 스페셜","Turkey Special","강함","29","31","스트롱","위스키","","록스","가을","와일드 터키 버번 45ml (1½ oz), 오렌지 비터스 2 dashes, 설탕 1 tsp","","달콤, 강한, 묵직한, 오크·캐러멜","천천히 음미","2","1. 셰이커에 얼음과 와일드 터키 버번 45ml (1½ oz), 설탕 1 tsp, 오렌지 비터스 2 dashes를 넣고 15초간 강하게 셰이킹한다. / 2. 큰 얼음을 넣은 록스에 걸러 따른다.","AUTO","0","0","0","onz 오리지널 레시피 (이미지 기반 추정, 검수 필요)","https://raw.githubusercontent.com/rlaaudgjs2/onz-cocktail-images/main/cocktail_image_file/old/onz_cocktail_Turkey_Special.webp","http://onz-cocktail.kr/uploads/glasses/onz_glasstype_rocks.webp","2026-09-22 12:00:00","2026-09-22 12:00:00","whiskey","30","3","3","0","2","5","4","0","0","0","0","0","0","0","0","2","0","0","5","0","0","0","0","0","0","0","0","3","0","1","1","2","0","rocks","","needs_review","image_old",""
"495","터크스 펀치","Turks Punch","보통","13","15","스탠다드","럼","","허리케인","여름","럼 45ml (1½ oz), 오렌지 리큐르 15ml (½ oz), 파인애플 2~3조각, 레몬 주스 20ml (⅔ oz), 탄산수 적당량(약 90ml)","","달콤, 상큼, 탄산, 열대과일, 시트러스","파티, 상쾌한","5","1. 허리케인에 파인애플 2~3조각을 넣고 머들러로 가볍게 으깬다. / 2. 허리케인에 얼음을 채운다. / 3. 럼 45ml (1½ oz), 오렌지 리큐르 15ml (½ oz), 레몬 주스 20ml (⅔ oz)를 붓는다. / 4. 탄산수 적당량(약 90ml)로 채우고 바 스푼으로 가볍게 한 번 젓는다. / 5. 오렌지 필로 가니시한다.","AUTO","0","0","0","onz 오리지널 레시피 (이미지 기반 추정, 검수 필요)","https://raw.githubusercontent.com/rlaaudgjs2/onz-cocktail-images/main/cocktail_image_file/old/onz_cocktail_Turks_Punch.webp","http://onz-cocktail.kr/uploads/glasses/onz_glasstype_hurricane.webp","2026-09-22 12:00:00","2026-09-22 12:00:00","rum|liqueur","14","1","4","3","0","1","2","4","4","4","0","0","0","0","0","0","0","0","0","0","0","0","0","0","0","3","3","0","0","4","1","1","0","long","","needs_review","image_old",""
"496","발렌티나","Valentina","보통","17","19","스탠다드","브랜디","","록스","봄","브랜디 45ml (1½ oz), 체리 리큐르 15ml (½ oz), 레몬 주스 20ml (⅔ oz), 오렌지 필","","달콤, 강한, 묵직한, 베리, 시트러스","파티","3","1. 셰이커에 얼음과 브랜디 45ml (1½ oz), 체리 리큐르 15ml (½ oz), 레몬 주스 20ml (⅔ oz)를 넣고 15초간 강하게 셰이킹한다. / 2. 큰 얼음을 넣은 록스에 걸러 따른다. / 3. 오렌지 필로 가니시한다.","AUTO","0","0","0","onz 오리지널 레시피 (이미지 기반 추정, 검수 필요)","https://raw.githubusercontent.com/rlaaudgjs2/onz-cocktail-images/main/cocktail_image_file/old/onz_cocktail_Valentina.webp","http://onz-cocktail.kr/uploads/glasses/onz_glasstype_rocks.webp","2026-09-22 12:00:00","2026-09-22 12:00:00","brandy|liqueur","18","2","4","2","0","3","3","0","3","0","3","0","0","0","0","0","0","0","2","0","0","0","0","0","1","2","0","0","0","3","1","1","0","rocks","","needs_review","image_old",""
"497","바닐라 스카이","Vanilla Sky","보통","17","19","스탠다드","보드카","","쿠페","사계절","바닐라 보드카 45ml (1½ oz), 패션프루트 퓌레 30ml (1 oz), 바닐라 리큐르 15ml (½ oz), 크림 30ml (1 oz)","","달콤, 묵직한, 크리미","디저트, 파티","2","1. 셰이커에 얼음과 바닐라 보드카 45ml (1½ oz), 패션프루트 퓌레 30ml (1 oz), 바닐라 리큐르 15ml (½ oz), 크림 30ml (1 oz)를 넣고 15초간 강하게 셰이킹한다. / 2. 차갑게 식힌 쿠페에 걸러 따른다.","AUTO","0","0","0","onz 오리지널 레시피 (이미지 기반 추정, 검수 필요)","https://raw.githubusercontent.com/rlaaudgjs2/onz-cocktail-images/main/cocktail_image_file/old/onz_cocktail_Vanilla_Sky.webp","http://onz-cocktail.kr/uploads/glasses/onz_glasstype_coupe.webp","2026-09-22 12:00:00","2026-09-22 12:00:00","vodka|liqueur","18","2","5","2","0","2","4","0","2","2","0","0","0","0","0","0","0","4","0","0","0","0","0","0","3","2","0","0","0","4","1","1","0","up","dairy","needs_review","image_old",""
"498","바라데로 비치","Varadero Beach","보통","12","14","스탠다드","럼","","쿠페","여름","화이트 럼 45ml (1½ oz), 오렌지 주스 30ml (1 oz), 라임 주스 20ml (⅔ oz), 민트 6~8장, 탄산수 적당량(약 90ml)","","달콤, 상큼, 탄산, 열대과일, 시트러스","상쾌한, 파티","5","1. 셰이커(또는 믹싱 글라스)에 민트 6~8장을 넣고 가볍게 으깬다. / 2. 셰이커에 얼음과 화이트 럼 45ml (1½ oz), 오렌지 주스 30ml (1 oz), 라임 주스 20ml (⅔ oz)를 넣고 15초간 강하게 셰이킹한다. / 3. 차갑게 식힌 쿠페에 더블 스트레이닝하여 따른다. / 4. 탄산수 적당량(약 90ml)로 채운다. / 5. 라임 휠로 가니시한다.","AUTO","0","0","0","onz 오리지널 레시피 (이미지 기반 추정, 검수 필요)","https://raw.githubusercontent.com/rlaaudgjs2/onz-cocktail-images/main/cocktail_image_file/old/onz_cocktail_Varadero_Beach.webp","http://onz-cocktail.kr/uploads/glasses/onz_glasstype_coupe.webp","2026-09-22 12:00:00","2026-09-22 12:00:00","rum","13","1","4","3","0","1","2","4","4","4","0","0","0","1","0","0","0","0","0","0","0","0","0","0","0","3","3","0","0","5","1","1","0","up","","needs_review","image_old",""
"499","베네치아노","Veneziano","약함","8","10","라이트","리큐르","","하이볼","사계절","아페롤 45ml (1½ oz), 프로세코 적당량(약 90ml), 탄산수 적당량(약 90ml), 오렌지 필","","달콤, 쌉싸름, 탄산, 시트러스, 허브","식전","4","1. 하이볼에 얼음을 채운다. / 2. 아페롤 45ml (1½ oz)를 붓는다. / 3. 프로세코 적당량(약 90ml), 탄산수 적당량(약 90ml)로 채우고 바 스푼으로 가볍게 한 번 젓는다. / 4. 오렌지 필로 가니시한다.","AUTO","0","0","0","19세기 합스부르크 지배기 베네토 지방에서 오스트리아 군인과 상인들이 와인에 물을 '뿌려(spritzen)' 달라고 한 데서 스프리츠가 시작됨.
1920~30년대 베네치아 바텐더들이 여기에 지역 비터 리큐르를 더해 '스프리츠 베네치아노'를 만듦.","https://raw.githubusercontent.com/rlaaudgjs2/onz-cocktail-images/main/cocktail_image_file/old/onz_cocktail_Veneziano.webp","http://onz-cocktail.kr/uploads/glasses/onz_glasstype_highball.webp","2026-09-22 12:00:00","2026-09-22 12:00:00","liqueur|sparkling","9","1","3","1","3","1","1","4","3","0","0","0","3","0","0","0","0","0","0","0","0","0","3","0","0","0","0","0","0","3","2","3","0","long","","verified","image_old","https://en.wikipedia.org/wiki/Spritz_(cocktail)"
"500","베니스 나이트","Venice Night","보통","9","11","스탠다드","리큐르","","록스","봄","블루 큐라소 45ml (1½ oz), 이탈리안 비터 20ml (⅔ oz), 블루베리 8~10알, 프로세코 적당량(약 90ml)","","달콤, 탄산, 베리","식전, 파티","4","1. 셰이커(또는 믹싱 글라스)에 블루베리 8~10알을 넣고 가볍게 으깬다. / 2. 셰이커에 얼음과 블루 큐라소 45ml (1½ oz), 이탈리안 비터 20ml (⅔ oz)를 넣고 15초간 강하게 셰이킹한다. / 3. 큰 얼음을 넣은 록스에 더블 스트레이닝하여 따른다. / 4. 프로세코 적당량(약 90ml)로 채운다.","AUTO","0","0","0","onz 오리지널 레시피 (이미지 기반 추정, 검수 필요)","https://raw.githubusercontent.com/rlaaudgjs2/onz-cocktail-images/main/cocktail_image_file/old/onz_cocktail_Venice_Night.webp","http://onz-cocktail.kr/uploads/glasses/onz_glasstype_rocks.webp","2026-09-22 12:00:00","2026-09-22 12:00:00","liqueur|sparkling","10","1","3","2","2","1","1","4","2","0","3","0","2","0","0","0","0","0","0","0","0","0","2","0","0","2","0","0","0","3","1","1","0","rocks","","needs_review","image_old",""
"501","버베나 피즈","Verbena Fizz","보통","11","13","스탠다드","진","","하이볼","여름","진 45ml (1½ oz), 레몬 버베나 시럽 15ml (½ oz), 레몬 주스 20ml (⅔ oz), 탄산수 적당량(약 90ml)","","달콤, 상큼, 탄산, 허브, 시트러스","상쾌한, 식전","4","1. 하이볼에 얼음을 채운다. / 2. 진 45ml (1½ oz), 레몬 버베나 시럽 15ml (½ oz), 레몬 주스 20ml (⅔ oz)를 붓는다. / 3. 탄산수 적당량(약 90ml)로 채우고 바 스푼으로 가볍게 한 번 젓는다. / 4. 레몬 필로 가니시한다.","AUTO","0","0","0","onz 오리지널 레시피 (이미지 기반 추정, 검수 필요)","https://raw.githubusercontent.com/rlaaudgjs2/onz-cocktail-images/main/cocktail_image_file/old/onz_cocktail_Verbena_Fizz.webp","http://onz-cocktail.kr/uploads/glasses/onz_glasstype_highball.webp","2026-09-22 12:00:00","2026-09-22 12:00:00","gin","12","1","3","3","0","1","2","4","4","0","0","0","4","0","2","0","0","0","0","0","0","0","2","0","0","0","3","0","0","4","1","3","0","long","","needs_review","image_old",""
"502","베르데호 스프리츠","Verdejo Spritz","약함","6","8","라이트","와인","","와인 글라스","여름","베르데호 화이트 와인 90ml (3 oz), 탄산수 적당량(약 90ml), 레몬 주스 20ml (⅔ oz), 허브 적당량","","달콤, 탄산, 시트러스","식전, 상쾌한","4","1. 와인 글라스에 얼음을 채운다. / 2. 베르데호 화이트 와인 90ml (3 oz), 레몬 주스 20ml (⅔ oz), 허브 적당량을 붓는다. / 3. 탄산수 적당량(약 90ml)로 채우고 바 스푼으로 가볍게 한 번 젓는다. / 4. 레몬 필로 가니시한다.","AUTO","0","0","0","onz 오리지널 레시피 (이미지 기반 추정, 검수 필요)","https://raw.githubusercontent.com/rlaaudgjs2/onz-cocktail-images/main/cocktail_image_file/old/onz_cocktail_Verdejo_Spritz.webp","http://onz-cocktail.kr/uploads/glasses/onz_glasstype_wine_glass.webp","2026-09-22 12:00:00","2026-09-22 12:00:00","wine","7","0","3","2","0","1","1","4","3","0","0","2","2","0","0","0","0","0","0","0","0","0","3","0","0","0","2","0","0","4","1","2","0","long","","needs_review","image_old",""
"503","버몬트 메이플 사워","Vermont Maple Sour","보통","16","18","스탠다드","위스키","","록스","가을","버번 45ml (1½ oz), 메이플 시럽 15ml (½ oz), 레몬 주스 20ml (⅔ oz), 계란 흰자 1개분","","달콤, 상큼, 강한, 묵직한, 오크·캐러멜, 시트러스","천천히 음미","4","1. 셰이커에 버번 45ml (1½ oz), 메이플 시럽 15ml (½ oz), 레몬 주스 20ml (⅔ oz), 계란 흰자 1개분을 넣고 얼음 없이 10초간 드라이 셰이킹한다. / 2. 얼음을 넣고 15초간 다시 강하게 셰이킹한다. / 3. 큰 얼음을 넣은 록스에 걸러 따른다. / 4. 레몬 필로 가니시한다.","AUTO","0","0","0","술에 시트러스와 단맛을 더하는 사워 계열 칵테일. 개별 창시자 기록은 없음.
사워 계열의 대표인 위스키 사워는 1870년 미국 위스콘신의 신문 『워키쇼 플레인 딜러』에 처음 기록됨.","https://raw.githubusercontent.com/rlaaudgjs2/onz-cocktail-images/main/cocktail_image_file/old/onz_cocktail_Vermont_Maple_Sour.webp","http://onz-cocktail.kr/uploads/glasses/onz_glasstype_rocks.webp","2026-09-22 12:00:00","2026-09-22 12:00:00","whiskey","17","2","4","3","0","3","3","0","3","0","0","0","0","0","0","1","0","0","4","0","0","0","0","0","0","0","0","2","0","4","1","2","0","rocks","egg","verified","image_old","https://en.wikipedia.org/wiki/Whiskey_sour"
"504","베르무트 카시스","Vermouth Cassis","보통","9","11","스탠다드","와인","","하이볼","봄","드라이 베르무트 75ml (2½ oz), 크렘 드 카시스 15ml (½ oz), 탄산수 적당량(약 90ml)","","달콤, 탄산, 베리","식전","3","1. 하이볼에 얼음을 채운다. / 2. 드라이 베르무트 75ml (2½ oz), 크렘 드 카시스 15ml (½ oz)를 붓는다. / 3. 탄산수 적당량(약 90ml)로 채우고 바 스푼으로 가볍게 한 번 젓는다.","AUTO","0","0","0","파리에서 생긴 식전주로, 현지에서는 '퐁피에(Pompier, 소방관)'라고 부르지만 이름의 이유는 알려지지 않음.
1934년 『에스콰이어』가 발표한 인기 칵테일 목록에서 5위에 오름.","https://raw.githubusercontent.com/rlaaudgjs2/onz-cocktail-images/main/cocktail_image_file/old/onz_cocktail_Vermouth_Cassis.webp","http://onz-cocktail.kr/uploads/glasses/onz_glasstype_highball.webp","2026-09-22 12:00:00","2026-09-22 12:00:00","fortified|liqueur","10","1","3","2","1","1","2","4","0","0","4","0","2","0","0","0","0","0","0","0","0","0","3","0","0","0","0","0","0","4","1","3","0","long","","verified","image_old","https://heritagerecipebox.com/2015/05/23/spring-frivolity-vermouth-cassis-from-the-1930s/"
"505","베르무트 코블러","Vermouth Cobbler","보통","11","13","스탠다드","와인","","록스","사계절","스위트 베르무트 75ml (2½ oz), 설탕 1 tsp, 과일 3~4조각, 크러시드 아이스","","달콤, 묵직한, 허브","식전","4","1. 셰이커(또는 믹싱 글라스)에 과일 3~4조각을 넣고 가볍게 으깬다. / 2. 셰이커에 얼음과 스위트 베르무트 75ml (2½ oz), 설탕 1 tsp를 넣고 15초간 강하게 셰이킹한다. / 3. 큰 얼음을 넣은 록스에 더블 스트레이닝하여 따른다. / 4. 크러시드 아이스로 가니시한다.","AUTO","0","0","0","코블러 계열(술·설탕·과일·잘게 부순 얼음) 칵테일. 개별 창시자 기록은 없음.
코블러는 1838년 처음 기록되었고, 1843년 찰스 디킨스의 소설에 셰리 코블러가 등장하며 19세기 미국에서 크게 유행함.","https://raw.githubusercontent.com/rlaaudgjs2/onz-cocktail-images/main/cocktail_image_file/old/onz_cocktail_Vermouth_Cobbler.webp","http://onz-cocktail.kr/uploads/glasses/onz_glasstype_rocks.webp","2026-09-22 12:00:00","2026-09-22 12:00:00","fortified","12","1","3","2","2","2","3","0","2","0","2","0","3","0","0","0","0","0","0","0","0","0","3","0","0","0","0","0","0","3","1","3","0","rocks","","verified","image_old","https://en.wikipedia.org/wiki/Cobbler_(drink)"
"506","비엔나 커피","Vienna Coffee","보통","9","11","스탠다드","브랜디","","아이리시 커피 글라스","겨울","브랜디 45ml (1½ oz), 커피 리큐르 15ml (½ oz), 뜨거운 커피 120ml (4 oz), 휘핑크림 30ml (1 oz)","","달콤, 묵직한, 커피·초콜릿, 크리미","디저트, 천천히 음미","3","1. 아이리시 커피 글라스를 뜨거운 물로 데운다. / 2. 브랜디 45ml (1½ oz), 커피 리큐르 15ml (½ oz), 뜨거운 커피 120ml (4 oz), 휘핑크림 30ml (1 oz)를 넣고 가볍게 젓는다. / 3. 위에 크림을 부드럽게 얹는다.","AUTO","0","0","0","뜨거운 커피에 술과 크림을 더한 커피 칵테일. 개별 창시자 기록은 없음.
같은 계열의 아이리시 커피는 1940년대 아일랜드 포인스 공항의 셰프 조 셰리던이 만들었고, 1952년 샌프란시스코 부에나 비스타 카페에서 대중화됨.","https://raw.githubusercontent.com/rlaaudgjs2/onz-cocktail-images/main/cocktail_image_file/old/onz_cocktail_Vienna_Coffee.webp","http://onz-cocktail.kr/uploads/glasses/onz_glasstype_irish_coffee_glass.webp","2026-09-22 12:00:00","2026-09-22 12:00:00","brandy|liqueur","10","1","4","0","2","1","5","0","0","0","0","0","0","0","0","0","5","4","0","0","0","0","0","0","3","0","0","2","0","4","2","1","0","hot","dairy|caffeine","verified","image_old","https://en.wikipedia.org/wiki/Irish_coffee"
"507","뱅쇼","Vin Chaud","보통","9","11","스탠다드","와인","","머그","겨울","레드 와인 150ml (5 oz), 오렌지 ½개, 시나몬 스틱 1개, 정향 3~4개, 설탕 1 tsp","","달콤, 묵직한, 스파이시, 베리, 시트러스","천천히 음미, 파티","2","1. 머그를 뜨거운 물로 데운다. / 2. 레드 와인 150ml (5 oz), 설탕 1 tsp, 오렌지 ½개, 시나몬 스틱 1개, 정향 3~4개를 넣고 가볍게 젓는다.","AUTO","0","0","0","향신료를 넣어 데운 와인은 기원전 2세기 로마 극작가 플라우투스의 희곡 『쿠르쿨리오』에 처음 등장함.
1390년 영국 요리서 『포름 오브 커리』에는 시나몬·생강·정향 등을 넣은 '이포크라스'가 기록되어 있음. 프랑스에서는 뱅쇼, 독일에서는 글뤼바인이라 부름.","https://raw.githubusercontent.com/rlaaudgjs2/onz-cocktail-images/main/cocktail_image_file/old/onz_cocktail_Vin_Chaud.webp","http://onz-cocktail.kr/uploads/glasses/onz_glasstype_copper_mug.webp","2026-09-22 12:00:00","2026-09-22 12:00:00","wine","10","1","4","2","0","2","3","0","3","0","3","0","0","0","0","5","0","0","0","0","0","0","0","0","0","2","0","3","0","5","4","1","0","hot","","verified","image_old","https://en.wikipedia.org/wiki/Mulled_wine"
"508","바이올렛 피즈","Violet Fizz","보통","11","13","스탠다드","진","","하이볼","봄","진 45ml (1½ oz), 크렘 드 바이올렛 15ml (½ oz), 레몬 주스 20ml (⅔ oz), 탄산수 적당량(약 90ml)","","달콤, 상큼, 탄산, 꽃향, 시트러스","식전, 브런치","4","1. 하이볼에 얼음을 채운다. / 2. 진 45ml (1½ oz), 크렘 드 바이올렛 15ml (½ oz), 레몬 주스 20ml (⅔ oz)를 붓는다. / 3. 탄산수 적당량(약 90ml)로 채우고 바 스푼으로 가볍게 한 번 젓는다. / 4. 레몬 필로 가니시한다.","AUTO","0","0","0","사워에 탄산수를 더하는 피즈 계열 칵테일. 개별 창시자 기록은 없음.
피즈는 사워 계열에서 파생되어 1900~1940년대 미국에서 크게 유행함.","https://raw.githubusercontent.com/rlaaudgjs2/onz-cocktail-images/main/cocktail_image_file/old/onz_cocktail_Violet_Fizz.webp","http://onz-cocktail.kr/uploads/glasses/onz_glasstype_highball.webp","2026-09-22 12:00:00","2026-09-22 12:00:00","gin|liqueur","12","1","4","3","0","1","2","4","3","0","0","0","0","0","5","0","0","0","0","0","0","0","2","0","0","0","0","0","2","4","1","3","0","long","","verified","image_old","https://en.wikipedia.org/wiki/Fizz_(cocktail)"
"509","바이올렛 마티니","Violet Martini","강함","23","25","스탠다드","보드카","","마티니","봄","보드카 45ml (1½ oz), 크렘 드 바이올렛 15ml (½ oz), 레몬 주스 20ml (⅔ oz)","","달콤, 강한, 꽃향","식전","2","1. 셰이커에 얼음과 보드카 45ml (1½ oz), 크렘 드 바이올렛 15ml (½ oz), 레몬 주스 20ml (⅔ oz)를 넣고 15초간 강하게 셰이킹한다. / 2. 차갑게 식힌 마티니에 걸러 따른다.","AUTO","0","0","0","마티니 잔에 담는 현대식 '~티니' 칵테일. 개별 창시자 기록은 없음.
1980년대부터 마티니 잔에 담은 칵테일에 마티니라는 이름을 붙이는 유행이 생겼고, 전통 마티니와는 다른 스타일임.","https://raw.githubusercontent.com/rlaaudgjs2/onz-cocktail-images/main/cocktail_image_file/old/onz_cocktail_Violet_Martini.webp","http://onz-cocktail.kr/uploads/glasses/onz_glasstype_martini.webp","2026-09-22 12:00:00","2026-09-22 12:00:00","vodka|liqueur","24","2","3","2","0","4","2","0","2","0","0","0","0","0","5","0","0","0","0","0","0","0","2","0","0","0","0","0","0","3","1","3","0","up","","verified","image_old","https://en.wikipedia.org/wiki/Martini_(cocktail)"
"510","버진 메리","Virgin Mary","약함","0","0","라이트","무알코올","","하이볼","가을","토마토 주스 90ml (3 oz), 레몬 주스 20ml (⅔ oz), 우스터 소스 2~3 dashes, 핫소스 2~3 dashes, 셀러리 솔트 한 꼬집","","상큼, 묵직한, 짭짤한, 스파이시","브런치, 식사와 함께","2","1. 하이볼에 얼음을 채운다. / 2. 토마토 주스 90ml (3 oz), 레몬 주스 20ml (⅔ oz), 우스터 소스 2~3 dashes, 핫소스 2~3 dashes, 셀러리 솔트 한 꼬집을 붓는다.","AUTO","0","0","0","블러디 메리에서 술을 빼고 토마토 주스를 더 넣은 무알코올 버전.
블러디 메리는 1921년 파리 해리스 뉴욕 바의 프랑스 바텐더 페르낭 프티오가 만들었다고 알려짐.","https://raw.githubusercontent.com/rlaaudgjs2/onz-cocktail-images/main/cocktail_image_file/old/onz_cocktail_Virgin_Mary.webp","http://onz-cocktail.kr/uploads/glasses/onz_glasstype_highball.webp","2026-09-22 12:00:00","2026-09-22 12:00:00","none","0","0","0","3","1","0","4","0","2","0","0","0","0","0","0","4","0","0","0","0","0","5","0","2","0","0","0","0","3","3","3","1","0","long","","verified","image_old","https://en.wikipedia.org/wiki/Bloody_Mary_(cocktail)"
"511","버진 모히또","Virgin Mojito","약함","0","0","라이트","무알코올","","하이볼","여름","라임 ½개, 민트 6~8장, 설탕 1 tsp, 탄산수 적당량(약 90ml)","","달콤, 상큼, 탄산, 민트, 시트러스","상쾌한, 브런치","5","1. 하이볼에 라임 ½개, 민트 6~8장을 넣고 머들러로 가볍게 으깬다. / 2. 하이볼에 얼음을 채운다. / 3. 설탕 1 tsp를 붓는다. / 4. 탄산수 적당량(약 90ml)로 채우고 바 스푼으로 가볍게 한 번 젓는다. / 5. 라임 휠로 가니시한다.","AUTO","0","0","0","모히또 변형. 개별 창시자 기록은 없음.
모히또는 쿠바 아바나에서 사탕수수 증류주에 라임·민트를 섞은 음료에서 발전했으며, 무알코올·과일 모히또 등 변형이 많음.","https://raw.githubusercontent.com/rlaaudgjs2/onz-cocktail-images/main/cocktail_image_file/old/onz_cocktail_Virgin_Mojito.webp","http://onz-cocktail.kr/uploads/glasses/onz_glasstype_highball.webp","2026-09-22 12:00:00","2026-09-22 12:00:00","none","0","0","4","3","0","0","1","4","4","0","0","0","0","5","0","0","0","0","0","0","0","0","0","0","0","0","3","0","2","5","5","1","0","long","","verified","image_old","https://en.wikipedia.org/wiki/Mojito"
"512","보드카 콜린스","Vodka Collins","보통","11","13","스탠다드","보드카","","콜린스","여름","보드카 45ml (1½ oz), 레몬 주스 20ml (⅔ oz), 설탕 시럽 15ml (½ oz), 탄산수 적당량(약 90ml)","","달콤, 상큼, 탄산, 시트러스","상쾌한","4","1. 콜린스에 얼음을 채운다. / 2. 보드카 45ml (1½ oz), 레몬 주스 20ml (⅔ oz), 설탕 시럽 15ml (½ oz)를 붓는다. / 3. 탄산수 적당량(약 90ml)로 채우고 바 스푼으로 가볍게 한 번 젓는다. / 4. 레몬 필로 가니시한다.","AUTO","0","0","0","톰 콜린스의 진을 보드카로 바꾼 변형.
톰 콜린스의 첫 레시피는 1882년 해리 존슨의 바텐더 안내서에 실림.","https://raw.githubusercontent.com/rlaaudgjs2/onz-cocktail-images/main/cocktail_image_file/old/onz_cocktail_Vodka_Collins.webp","http://onz-cocktail.kr/uploads/glasses/onz_glasstype_collins.webp","2026-09-22 12:00:00","2026-09-22 12:00:00","vodka","12","1","3","3","0","1","2","4","5","0","0","0","0","0","0","0","0","0","0","0","0","0","0","0","0","0","3","0","0","5","3","2","0","long","","verified","image_old","https://en.wikipedia.org/wiki/Tom_Collins"
"513","보드카 마티니","Vodka Martini","강함","29","31","스트롱","보드카","","마티니","사계절","보드카 45ml (1½ oz), 드라이 베르무트 10ml (⅓ oz), 레몬 필","","강한","식전","4","1. 믹싱 글라스에 얼음과 보드카 45ml (1½ oz), 드라이 베르무트 10ml (⅓ oz)를 넣는다. / 2. 20~30초간 충분히 젓는다. / 3. 차갑게 식힌 마티니에 걸러 따른다. / 4. 레몬 필로 가니시한다.","AUTO","0","0","0","진 대신 보드카를 쓰는 마티니 변형으로, 만드는 방법은 전통 마티니와 같음.
마티니는 1860년대 샌프란시스코의 마르티네즈에서 발전했다는 설이 유력하며, 1922년경 진과 드라이 베르무트를 2:1로 섞는 형태가 자리 잡음.","https://raw.githubusercontent.com/rlaaudgjs2/onz-cocktail-images/main/cocktail_image_file/old/onz_cocktail_Vodka_Martini.webp","http://onz-cocktail.kr/uploads/glasses/onz_glasstype_martini.webp","2026-09-22 12:00:00","2026-09-22 12:00:00","vodka|fortified","30","3","0","0","2","5","1","0","2","0","0","0","1","0","0","0","0","0","0","0","0","0","3","0","0","0","0","0","0","1","4","3","0","up","","verified","image_old","https://en.wikipedia.org/wiki/Martini_(cocktail)"
"514","보드카 사워","Vodka Sour","보통","15","17","스탠다드","보드카","","록스","사계절","보드카 45ml (1½ oz), 레몬 주스 20ml (⅔ oz), 설탕 시럽 15ml (½ oz), 계란 흰자 1개분","","달콤, 상큼, 묵직한, 시트러스","파티","4","1. 셰이커에 보드카 45ml (1½ oz), 레몬 주스 20ml (⅔ oz), 설탕 시럽 15ml (½ oz), 계란 흰자 1개분을 넣고 얼음 없이 10초간 드라이 셰이킹한다. / 2. 얼음을 넣고 15초간 다시 강하게 셰이킹한다. / 3. 큰 얼음을 넣은 록스에 걸러 따른다. / 4. 레몬 필로 가니시한다.","AUTO","0","0","0","술에 시트러스와 단맛을 더하는 사워 계열 칵테일. 개별 창시자 기록은 없음.
사워 계열의 대표인 위스키 사워는 1870년 미국 위스콘신의 신문 『워키쇼 플레인 딜러』에 처음 기록됨.","https://raw.githubusercontent.com/rlaaudgjs2/onz-cocktail-images/main/cocktail_image_file/old/onz_cocktail_Vodka_Sour.webp","http://onz-cocktail.kr/uploads/glasses/onz_glasstype_rocks.webp","2026-09-22 12:00:00","2026-09-22 12:00:00","vodka","16","2","4","4","0","2","3","0","5","0","0","0","0","0","0","0","0","0","0","0","0","0","0","0","0","2","0","0","0","4","3","2","0","rocks","egg","verified","image_old","https://en.wikipedia.org/wiki/Whiskey_sour"
"515","보드카 토닉","Vodka Tonic","보통","9","11","스탠다드","보드카","","하이볼","여름","보드카 45ml (1½ oz), 토닉 워터 적당량(약 90ml), 라임 주스 20ml (⅔ oz)","","탄산, 시트러스","상쾌한","4","1. 하이볼에 얼음을 채운다. / 2. 보드카 45ml (1½ oz), 라임 주스 20ml (⅔ oz)를 붓는다. / 3. 토닉 워터 적당량(약 90ml)로 채우고 바 스푼으로 가볍게 한 번 젓는다. / 4. 라임 휠로 가니시한다.","AUTO","0","0","0","진 토닉 스타일의 토닉 하이볼. 개별 창시자 기록은 없음.
진 토닉은 19세기 영국령 인도의 장교들이 말라리아 예방용 퀴닌 토닉을 마시기 쉽게 진과 섞은 데서 유래함.","https://raw.githubusercontent.com/rlaaudgjs2/onz-cocktail-images/main/cocktail_image_file/old/onz_cocktail_Vodka_Tonic.webp","http://onz-cocktail.kr/uploads/glasses/onz_glasstype_highball.webp","2026-09-22 12:00:00","2026-09-22 12:00:00","vodka","10","1","2","1","2","1","1","4","3","0","0","0","1","0","0","0","0","0","0","0","0","0","0","0","0","0","3","0","0","4","4","2","0","long","","verified","image_old","https://en.wikipedia.org/wiki/Gin_and_tonic"
"516","와우","WOW","보통","17","19","스탠다드","위스키","","쿠페","가을","위스키 45ml (1½ oz), 오렌지 리큐르 15ml (½ oz), 오렌지 주스 30ml (1 oz), 레몬 주스 20ml (⅔ oz)","","달콤, 묵직한, 시트러스, 오크·캐러멜","파티","3","1. 셰이커에 얼음과 위스키 45ml (1½ oz), 오렌지 리큐르 15ml (½ oz), 오렌지 주스 30ml (1 oz), 레몬 주스 20ml (⅔ oz)를 넣고 15초간 강하게 셰이킹한다. / 2. 차갑게 식힌 쿠페에 걸러 따른다. / 3. 오렌지 필로 가니시한다.","AUTO","0","0","0","onz 오리지널 레시피 (이미지 기반 추정, 검수 필요)","https://raw.githubusercontent.com/rlaaudgjs2/onz-cocktail-images/main/cocktail_image_file/old/onz_cocktail_WOW.webp","http://onz-cocktail.kr/uploads/glasses/onz_glasstype_coupe.webp","2026-09-22 12:00:00","2026-09-22 12:00:00","whiskey|liqueur","18","2","4","2","0","2","3","0","3","0","0","0","0","0","0","0","0","0","3","0","0","0","0","0","0","2","0","0","0","3","1","1","0","up","","needs_review","image_old",""
"517","수박 레모네이드","Watermelon Lemonade","약함","0","0","라이트","무알코올","","하이볼","여름","수박 과육 100g, 레몬 주스 20ml (⅔ oz), 설탕 시럽 15ml (½ oz), 탄산수 적당량(약 90ml)","","달콤, 상큼, 탄산, 시트러스, 과일향","상쾌한, 브런치","5","1. 하이볼에 수박 과육 100g를 넣고 머들러로 가볍게 으깬다. / 2. 하이볼에 얼음을 채운다. / 3. 레몬 주스 20ml (⅔ oz), 설탕 시럽 15ml (½ oz)를 붓는다. / 4. 탄산수 적당량(약 90ml)로 채우고 바 스푼으로 가볍게 한 번 젓는다. / 5. 레몬 필로 가니시한다.","AUTO","0","0","0","과일즙에 물이나 탄산수, 단맛을 더한 레모네이드·에이드 계열 음료. 개별 창시자 기록은 없음.
레몬 음료는 12세기 이집트의 궁정 의사 이븐 주마이의 기록까지 거슬러 올라감.","https://raw.githubusercontent.com/rlaaudgjs2/onz-cocktail-images/main/cocktail_image_file/old/onz_cocktail_Watermelon_Lemonade.webp","http://onz-cocktail.kr/uploads/glasses/onz_glasstype_highball.webp","2026-09-22 12:00:00","2026-09-22 12:00:00","none","0","0","4","3","0","0","1","4","4","0","0","3","0","0","0","0","0","0","0","0","0","0","0","0","0","0","3","0","2","5","3","1","0","long","","verified","image_old","https://en.wikipedia.org/wiki/Lemonade"
"518","수박 마가리타","Watermelon Margarita","보통","15","17","스탠다드","테킬라","","록스","여름","테킬라 45ml (1½ oz), 수박 과육 100g, 트리플 섹 15ml (½ oz), 라임 주스 20ml (⅔ oz)","","달콤, 상큼, 묵직한, 시트러스, 과일향","상쾌한, 파티","4","1. 셰이커(또는 믹싱 글라스)에 수박 과육 100g를 넣고 가볍게 으깬다. / 2. 셰이커에 얼음과 테킬라 45ml (1½ oz), 트리플 섹 15ml (½ oz), 라임 주스 20ml (⅔ oz)를 넣고 15초간 강하게 셰이킹한다. / 3. 큰 얼음을 넣은 록스에 더블 스트레이닝하여 따른다. / 4. 라임 휠로 가니시한다.","AUTO","0","0","0","마가리타 변형. 개별 창시자 기록은 없음.
마가리타는 1930~40년대 멕시코에서 생겼다는 여러 설이 있고 첫 레시피는 1953년 『에스콰이어』에 실림. 과일 프로즌 마가리타는 1971년 댈러스에서 마가리타 기계가 나온 뒤 퍼짐.","https://raw.githubusercontent.com/rlaaudgjs2/onz-cocktail-images/main/cocktail_image_file/old/onz_cocktail_Watermelon_Margarita.webp","http://onz-cocktail.kr/uploads/glasses/onz_glasstype_rocks.webp","2026-09-22 12:00:00","2026-09-22 12:00:00","tequila|liqueur","16","2","4","3","0","2","3","0","4","0","0","3","0","0","0","0","0","0","0","0","0","0","0","0","0","3","3","0","0","5","3","2","0","rocks","","verified","image_old","https://en.wikipedia.org/wiki/Margarita"
"519","수박 마티니","Watermelon Martini","강함","19","21","스탠다드","보드카","","마티니","여름","보드카 45ml (1½ oz), 수박 과육 100g, 멜론 리큐르 15ml (½ oz), 라임 주스 20ml (⅔ oz)","","달콤, 과일향","파티, 상쾌한","3","1. 셰이커(또는 믹싱 글라스)에 수박 과육 100g를 넣고 가볍게 으깬다. / 2. 셰이커에 얼음과 보드카 45ml (1½ oz), 멜론 리큐르 15ml (½ oz), 라임 주스 20ml (⅔ oz)를 넣고 15초간 강하게 셰이킹한다. / 3. 차갑게 식힌 마티니에 더블 스트레이닝하여 따른다.","AUTO","0","0","0","마티니 잔에 담는 현대식 '~티니' 칵테일. 개별 창시자 기록은 없음.
1980년대부터 마티니 잔에 담은 칵테일에 마티니라는 이름을 붙이는 유행이 생겼고, 전통 마티니와는 다른 스타일임.","https://raw.githubusercontent.com/rlaaudgjs2/onz-cocktail-images/main/cocktail_image_file/old/onz_cocktail_Watermelon_Martini.webp","http://onz-cocktail.kr/uploads/glasses/onz_glasstype_martini.webp","2026-09-22 12:00:00","2026-09-22 12:00:00","vodka|liqueur","20","2","4","2","0","2","2","0","2","0","0","3","0","0","0","0","0","0","0","0","0","0","0","0","0","3","2","0","0","5","2","1","0","up","","verified","image_old","https://en.wikipedia.org/wiki/Martini_(cocktail)"
"520","위스키 피즈","Whiskey Fizz","보통","11","13","스탠다드","위스키","","하이볼","여름","위스키 45ml (1½ oz), 레몬 주스 20ml (⅔ oz), 설탕 시럽 15ml (½ oz), 탄산수 적당량(약 90ml)","","달콤, 상큼, 탄산, 시트러스","상쾌한","4","1. 하이볼에 얼음을 채운다. / 2. 위스키 45ml (1½ oz), 레몬 주스 20ml (⅔ oz), 설탕 시럽 15ml (½ oz)를 붓는다. / 3. 탄산수 적당량(약 90ml)로 채우고 바 스푼으로 가볍게 한 번 젓는다. / 4. 레몬 필로 가니시한다.","AUTO","0","0","0","사워에 탄산수를 더하는 피즈 계열 칵테일. 개별 창시자 기록은 없음.
피즈는 사워 계열에서 파생되어 1900~1940년대 미국에서 크게 유행함.","https://raw.githubusercontent.com/rlaaudgjs2/onz-cocktail-images/main/cocktail_image_file/old/onz_cocktail_Whiskey_Fizz.webp","http://onz-cocktail.kr/uploads/glasses/onz_glasstype_highball.webp","2026-09-22 12:00:00","2026-09-22 12:00:00","whiskey","12","1","3","3","0","2","2","4","4","0","0","0","0","0","0","0","0","0","2","0","0","0","0","0","0","0","2","0","0","4","2","2","0","long","","verified","image_old","https://en.wikipedia.org/wiki/Fizz_(cocktail)"
"521","위스키 하이볼","Whiskey Highball","약함","8","10","라이트","위스키","","하이볼","여름","위스키 45ml (1½ oz), 탄산수 적당량(약 90ml), 레몬 필","","탄산, 오크·캐러멜","식사와 함께, 상쾌한","4","1. 하이볼에 얼음을 채운다. / 2. 위스키 45ml (1½ oz)를 붓는다. / 3. 탄산수 적당량(약 90ml)로 채우고 바 스푼으로 가볍게 한 번 젓는다. / 4. 레몬 필로 가니시한다.","AUTO","0","0","0","술을 탄산수로 길게 늘리는 하이볼. 개별 창시자 기록은 없음.
하이볼은 1830년대 영국에서 브랜디 소다로 시작해 19세기 말 미국에서 위스키 하이볼로 자리 잡았고, 일본에서는 2008년 산토리 광고 이후 크게 유행함.","https://raw.githubusercontent.com/rlaaudgjs2/onz-cocktail-images/main/cocktail_image_file/old/onz_cocktail_Whiskey_Highball.webp","http://onz-cocktail.kr/uploads/glasses/onz_glasstype_highball.webp","2026-09-22 12:00:00","2026-09-22 12:00:00","whiskey","9","1","1","0","0","2","1","4","1","0","0","0","0","0","0","0","0","0","3","0","0","0","0","3","0","0","3","0","0","5","5","1","0","long","","verified","image_old","https://en.wikipedia.org/wiki/Highball"
"522","위스키 스매시","Whiskey Smash","강함","19","21","스탠다드","위스키","","록스","여름","버번 45ml (1½ oz), 레몬 조각, 민트 6~8장, 설탕 시럽 15ml (½ oz)","","달콤, 상큼, 강한, 묵직한, 민트, 시트러스, 오크·캐러멜","상쾌한","4","1. 셰이커(또는 믹싱 글라스)에 민트 6~8장을 넣고 가볍게 으깬다. / 2. 셰이커에 얼음과 버번 45ml (1½ oz), 설탕 시럽 15ml (½ oz)를 넣고 15초간 강하게 셰이킹한다. / 3. 큰 얼음을 넣은 록스에 더블 스트레이닝하여 따른다. / 4. 레몬 조각으로 가니시한다.","AUTO","0","0","0","1840년대 미국에서 생겨 1850년대에 가장 인기를 끌었고, 제리 토머스의 1862년 『바텐더 가이드』에 '작은 줄렙'으로 소개됨.
오랫동안 잊혔다가 2005년 바텐더 데일 디그로프가 바 아메리칸의 메뉴에 올리며 되살아남.","https://raw.githubusercontent.com/rlaaudgjs2/onz-cocktail-images/main/cocktail_image_file/old/onz_cocktail_Whiskey_Smash.webp","http://onz-cocktail.kr/uploads/glasses/onz_glasstype_rocks.webp","2026-09-22 12:00:00","2026-09-22 12:00:00","whiskey","20","2","3","3","0","3","3","0","4","0","0","0","0","4","0","0","0","0","3","0","0","0","0","0","0","0","2","1","0","4","3","3","0","rocks","","verified","image_old","https://www.diffordsguide.com/cocktails/recipe/3347/whiskey-smash"
"523","위스키 테라이","Whisky Terrai","강함","19","21","스탠다드","위스키","","록스","가을","위스키 45ml (1½ oz), 오렌지 필, 꿀 15ml (½ oz), 비터스 2 dashes","","달콤, 강한, 묵직한, 오크·캐러멜, 시트러스","천천히 음미","3","1. 셰이커에 얼음과 위스키 45ml (1½ oz), 꿀 15ml (½ oz), 비터스 2 dashes를 넣고 15초간 강하게 셰이킹한다. / 2. 큰 얼음을 넣은 록스에 걸러 따른다. / 3. 오렌지 필로 가니시한다.","AUTO","0","0","0","onz 오리지널 레시피 (이미지 기반 추정, 검수 필요)","https://raw.githubusercontent.com/rlaaudgjs2/onz-cocktail-images/main/cocktail_image_file/old/onz_cocktail_Whisky_Terrai.webp","http://onz-cocktail.kr/uploads/glasses/onz_glasstype_rocks.webp","2026-09-22 12:00:00","2026-09-22 12:00:00","whiskey","20","2","3","2","0","3","3","0","3","0","0","0","0","0","0","1","0","0","3","0","0","0","0","0","0","0","0","2","0","2","1","1","0","rocks","","needs_review","image_old",""
"524","화이트 네그로니","White Negroni","강함","25","27","스트롱","진","","록스","사계절","진 30ml (1 oz), 수즈 30ml (1 oz), 릴레 블랑 30ml (1 oz)","","쌉싸름, 강한, 묵직한, 허브","식전","3","1. 믹싱 글라스에 얼음과 진 30ml (1 oz), 수즈 30ml (1 oz), 릴레 블랑 30ml (1 oz)를 넣는다. / 2. 20~30초간 충분히 젓는다. / 3. 큰 얼음을 넣은 록스에 걸러 따른다.","AUTO","0","0","0","네그로니의 캄파리와 스위트 베르무트 대신 수즈(Suze)와 릴레 블랑을 써서 색과 맛을 밝게 바꾼 변형.
네그로니는 1919~20년경 피렌체에서 카밀로 네그로니 백작이 아메리카노에 탄산수 대신 진을 넣어 달라고 한 데서 탄생함.","https://raw.githubusercontent.com/rlaaudgjs2/onz-cocktail-images/main/cocktail_image_file/old/onz_cocktail_White_Negroni.webp","http://onz-cocktail.kr/uploads/glasses/onz_glasstype_rocks.webp","2026-09-22 12:00:00","2026-09-22 12:00:00","gin|fortified|liqueur","26","3","2","1","4","4","3","0","2","0","0","0","5","0","1","0","0","0","0","0","0","0","3","0","0","0","0","0","0","1","2","4","1","rocks","","verified","image_old","https://en.wikipedia.org/wiki/Negroni"
"525","화이트 러시안","White Russian","강함","19","21","스탠다드","보드카","","록스","사계절","보드카 45ml (1½ oz), 커피 리큐르 15ml (½ oz), 크림 30ml (1 oz)","","달콤, 강한, 묵직한, 커피·초콜릿, 크리미","디저트, 천천히 음미","2","1. 셰이커에 얼음과 보드카 45ml (1½ oz), 커피 리큐르 15ml (½ oz), 크림 30ml (1 oz)를 넣고 15초간 강하게 셰이킹한다. / 2. 큰 얼음을 넣은 록스에 걸러 따른다.","AUTO","0","0","0","문헌상 첫 기록은 1965년 11월 21일 『오클랜드 트리뷴』에 실린 커피 리큐르·보드카·크림 레시피.
1998년 영화 「위대한 레보스키」에서 주인공이 늘 주문하는 술로 나오면서 크게 유명해짐.","https://raw.githubusercontent.com/rlaaudgjs2/onz-cocktail-images/main/cocktail_image_file/old/onz_cocktail_White_Russian.webp","http://onz-cocktail.kr/uploads/glasses/onz_glasstype_rocks.webp","2026-09-22 12:00:00","2026-09-22 12:00:00","vodka|liqueur","20","2","5","0","1","3","5","0","0","0","0","0","0","0","0","0","5","5","0","0","0","0","0","0","3","0","0","2","0","5","5","1","0","rocks","dairy|caffeine","verified","image_old","https://en.wikipedia.org/wiki/White_Russian_(cocktail)"
"526","화이트 상그리아","White Sangria","약함","8","10","라이트","와인","","와인 글라스","가을","화이트 와인 90ml (3 oz), 복숭아 3~4조각, 사과 3~4조각, 오렌지 리큐르 20ml (⅔ oz), 탄산수 적당량(약 90ml)","","달콤, 탄산, 과일향, 시트러스","파티, 브런치","5","1. 와인 글라스에 복숭아 3~4조각, 사과 3~4조각을 넣고 머들러로 가볍게 으깬다. / 2. 와인 글라스에 얼음을 채운다. / 3. 화이트 와인 90ml (3 oz), 오렌지 리큐르 20ml (⅔ oz)를 붓는다. / 4. 탄산수 적당량(약 90ml)로 채우고 바 스푼으로 가볍게 한 번 젓는다. / 5. 오렌지 필로 가니시한다.","AUTO","0","0","0","화이트 와인으로 만드는 상그리아로, 전통적인 레드 상그리아보다 최근에 생긴 변형.
상그리아의 뿌리는 중세 스페인 레온 왕국에서 와인에 감귤·설탕·향신료를 넣어 마시던 음료.","https://raw.githubusercontent.com/rlaaudgjs2/onz-cocktail-images/main/cocktail_image_file/old/onz_cocktail_White_Sangria.webp","http://onz-cocktail.kr/uploads/glasses/onz_glasstype_wine_glass.webp","2026-09-22 12:00:00","2026-09-22 12:00:00","wine","9","1","4","2","0","1","2","4","3","1","0","4","0","0","0","0","0","0","0","0","0","0","0","0","0","3","0","0","3","5","3","1","0","long","","verified","image_old","https://en.wikipedia.org/wiki/Sangria"
"527","화이트 스파이더","White Spider","강함","29","31","스트롱","보드카","","쿠페","사계절","보드카 45ml (1½ oz), 화이트 크렘 드 멘트 15ml (½ oz)","","달콤, 강한, 민트","디저트","3","1. 믹싱 글라스에 얼음과 보드카 45ml (1½ oz), 화이트 크렘 드 멘트 15ml (½ oz)를 넣는다. / 2. 20~30초간 충분히 젓는다. / 3. 차갑게 식힌 쿠페에 걸러 따른다.","AUTO","0","0","0","스팅어의 브랜디를 보드카로 바꾼 변형.
스팅어는 1890년경 미국에서 생겨 뉴욕 상류층이 식후주로 즐겨 마셨다고 알려짐.","https://raw.githubusercontent.com/rlaaudgjs2/onz-cocktail-images/main/cocktail_image_file/old/onz_cocktail_White_Spider.webp","http://onz-cocktail.kr/uploads/glasses/onz_glasstype_coupe.webp","2026-09-22 12:00:00","2026-09-22 12:00:00","vodka|liqueur","30","3","4","0","2","4","2","0","0","0","0","0","0","5","0","0","0","0","0","0","0","0","0","0","2","0","0","0","0","2","1","2","0","up","","verified","image_old","https://en.wikipedia.org/wiki/Stinger_(cocktail)"
"528","화이트 와인 스프리처","White Wine Spritzer","약함","5","7","라이트","와인","","와인 글라스","여름","화이트 와인 90ml (3 oz), 탄산수 적당량(약 90ml), 레몬 주스 20ml (⅔ oz)","","탄산","식전, 상쾌한, 브런치","3","1. 와인 글라스에 얼음을 채운다. / 2. 화이트 와인 90ml (3 oz), 레몬 주스 20ml (⅔ oz)를 붓는다. / 3. 탄산수 적당량(약 90ml)로 채우고 바 스푼으로 가볍게 한 번 젓는다.","AUTO","0","0","0","화이트 와인에 탄산수를 섞은 가장 기본적인 스프리처.
19세기 합스부르크 지배기 베네토 지방에서 오스트리아 군인과 상인들이 와인에 물을 '뿌려(spritzen)' 달라고 한 관습에서 유래함.","https://raw.githubusercontent.com/rlaaudgjs2/onz-cocktail-images/main/cocktail_image_file/old/onz_cocktail_White_Wine_Spritzer.webp","http://onz-cocktail.kr/uploads/glasses/onz_glasstype_wine_glass.webp","2026-09-22 12:00:00","2026-09-22 12:00:00","wine","6","0","2","2","0","0","1","4","2","0","0","2","0","0","0","0","0","0","0","0","0","0","3","0","0","0","3","0","3","5","4","1","0","long","","verified","image_old","https://en.wikipedia.org/wiki/Spritz_(cocktail)"
"529","유자 마티니","Yuzu Martini","강함","21","23","스탠다드","보드카","","마티니","사계절","보드카 45ml (1½ oz), 유자청 20ml (⅔ oz), 트리플 섹 15ml (½ oz), 레몬 주스 20ml (⅔ oz)","","달콤, 상큼, 강한, 시트러스","식전, 파티","3","1. 셰이커에 얼음과 보드카 45ml (1½ oz), 유자청 20ml (⅔ oz), 트리플 섹 15ml (½ oz), 레몬 주스 20ml (⅔ oz)를 넣고 15초간 강하게 셰이킹한다. / 2. 차갑게 식힌 마티니에 걸러 따른다. / 3. 레몬 필로 가니시한다.","AUTO","0","0","0","마티니 잔에 담는 현대식 '~티니' 칵테일. 개별 창시자 기록은 없음.
1980년대부터 마티니 잔에 담은 칵테일에 마티니라는 이름을 붙이는 유행이 생겼고, 전통 마티니와는 다른 스타일임.","https://raw.githubusercontent.com/rlaaudgjs2/onz-cocktail-images/main/cocktail_image_file/old/onz_cocktail_Yuzu_Martini.webp","http://onz-cocktail.kr/uploads/glasses/onz_glasstype_martini.webp","2026-09-22 12:00:00","2026-09-22 12:00:00","vodka|liqueur","22","2","3","4","0","3","2","0","5","0","0","0","0","0","1","0","0","0","0","0","0","0","2","0","0","2","0","0","0","4","1","2","0","up","","verified","image_old","https://en.wikipedia.org/wiki/Martini_(cocktail)"
"530","유자 모히또","Yuzu Mojito","보통","11","13","스탠다드","럼","","하이볼","여름","화이트 럼 45ml (1½ oz), 유자청 20ml (⅔ oz), 민트 6~8장, 라임 ½개, 탄산수 적당량(약 90ml)","","달콤, 상큼, 탄산, 시트러스, 민트","상쾌한, 파티","5","1. 하이볼에 민트 6~8장, 라임 ½개를 넣고 머들러로 가볍게 으깬다. / 2. 하이볼에 얼음을 채운다. / 3. 화이트 럼 45ml (1½ oz), 유자청 20ml (⅔ oz)를 붓는다. / 4. 탄산수 적당량(약 90ml)로 채우고 바 스푼으로 가볍게 한 번 젓는다. / 5. 라임 휠로 가니시한다.","AUTO","0","0","0","모히또 변형. 개별 창시자 기록은 없음.
모히또는 쿠바 아바나에서 사탕수수 증류주에 라임·민트를 섞은 음료에서 발전했으며, 무알코올·과일 모히또 등 변형이 많음.","https://raw.githubusercontent.com/rlaaudgjs2/onz-cocktail-images/main/cocktail_image_file/old/onz_cocktail_Yuzu_Mojito.webp","http://onz-cocktail.kr/uploads/glasses/onz_glasstype_highball.webp","2026-09-22 12:00:00","2026-09-22 12:00:00","rum","12","1","4","3","0","1","1","4","5","0","0","0","0","5","0","0","0","0","0","0","0","0","0","0","0","3","3","0","0","5","3","1","0","long","","verified","image_old","https://en.wikipedia.org/wiki/Mojito"
